-- --------------------------------------------------------
-- Host:                         127.0.0.1
-- Server version:               10.4.22-MariaDB - mariadb.org binary distribution
-- Server OS:                    Win64
-- HeidiSQL Version:             11.3.0.6295
-- --------------------------------------------------------

/*!40101 SET @OLD_CHARACTER_SET_CLIENT=@@CHARACTER_SET_CLIENT */;
/*!40101 SET NAMES utf8 */;
/*!50503 SET NAMES utf8mb4 */;
/*!40014 SET @OLD_FOREIGN_KEY_CHECKS=@@FOREIGN_KEY_CHECKS, FOREIGN_KEY_CHECKS=0 */;
/*!40101 SET @OLD_SQL_MODE=@@SQL_MODE, SQL_MODE='NO_AUTO_VALUE_ON_ZERO' */;
/*!40111 SET @OLD_SQL_NOTES=@@SQL_NOTES, SQL_NOTES=0 */;


-- Dumping database structure for es_extended
CREATE DATABASE IF NOT EXISTS `es_extended` /*!40100 DEFAULT CHARACTER SET utf8mb4 */;
USE `es_extended`;

-- Dumping structure for table es_extended.addon_account
CREATE TABLE IF NOT EXISTS `addon_account` (
  `name` varchar(60) NOT NULL,
  `label` varchar(100) NOT NULL,
  `shared` int(11) NOT NULL,
  PRIMARY KEY (`name`)
) ENGINE=InnoDB DEFAULT CHARSET=utf8;

-- Dumping data for table es_extended.addon_account: ~10 rows (approximately)
/*!40000 ALTER TABLE `addon_account` DISABLE KEYS */;
INSERT INTO `addon_account` (`name`, `label`, `shared`) VALUES
	('caution', 'Caution', 0),
	('property_black_money', 'خزنة أموال قذرة للعقار', 0),
	('society_admin', 'خزنة الرقابة و التفتيش', 1),
	('society_agent', 'خزنة الحراسات الأمنية', 1),
	('society_ambulance', 'خزنة الطوارئ الطبية', 1),
	('society_cardealer', 'خزنة معرض ميلانو', 1),
	('society_gotur', 'Götür', 1),
	('society_mechanic', 'خزنة كراج الميكانيك', 1),
	('society_police', 'خزنة إدارة الشرطة', 1),
	('society_taxi', 'خزنة شركة التاكسي', 1);
/*!40000 ALTER TABLE `addon_account` ENABLE KEYS */;

-- Dumping structure for table es_extended.addon_account_data
CREATE TABLE IF NOT EXISTS `addon_account_data` (
  `id` int(11) NOT NULL AUTO_INCREMENT,
  `account_name` varchar(100) DEFAULT NULL,
  `money` int(11) NOT NULL,
  `owner` varchar(40) DEFAULT NULL,
  PRIMARY KEY (`id`),
  UNIQUE KEY `index_addon_account_data_account_name_owner` (`account_name`,`owner`),
  KEY `index_addon_account_data_account_name` (`account_name`)
) ENGINE=InnoDB AUTO_INCREMENT=397 DEFAULT CHARSET=utf8;

-- Dumping data for table es_extended.addon_account_data: ~44 rows (approximately)
/*!40000 ALTER TABLE `addon_account_data` DISABLE KEYS */;
INSERT INTO `addon_account_data` (`id`, `account_name`, `money`, `owner`) VALUES
	(293, 'society_admin', 99570000, NULL),
	(294, 'society_agent', 10000000, NULL),
	(295, 'society_ambulance', 10000000, NULL),
	(296, 'society_cardealer', 0, NULL),
	(297, 'society_mechanic', 10000000, NULL),
	(298, 'society_police', 12245700, NULL),
	(299, 'society_taxi', 0, NULL),
	(300, 'caution', 2000, '749865b68a6a6bf12a8641101848f3c7281337fd'),
	(301, 'property_black_money', 0, '749865b68a6a6bf12a8641101848f3c7281337fd'),
	(302, 'caution', 4000, 'steam:110000144101206'),
	(303, 'property_black_money', 0, 'steam:110000144101206'),
	(304, 'caution', 18000, 'df992107859e130f5dc0dc8a62d50a8e587b19bc'),
	(305, 'property_black_money', 0, 'df992107859e130f5dc0dc8a62d50a8e587b19bc'),
	(306, 'caution', 0, 'd9de52bb7daa02095af111c5a1d7ef6f98529ab9'),
	(307, 'property_black_money', 0, 'd9de52bb7daa02095af111c5a1d7ef6f98529ab9'),
	(308, 'caution', 0, '28fadca751c8eac586c3946c4216f128982ccf5e'),
	(309, 'property_black_money', 0, '28fadca751c8eac586c3946c4216f128982ccf5e'),
	(310, 'caution', 2000, '7ff0ae023be24eddccc38f4f453caa97802ca105'),
	(311, 'property_black_money', 0, '7ff0ae023be24eddccc38f4f453caa97802ca105'),
	(312, 'caution', 2000, 'f94e1fc960b88c90c15719ec117680df20cf21a0'),
	(313, 'property_black_money', 0, 'f94e1fc960b88c90c15719ec117680df20cf21a0'),
	(314, 'caution', 8000, 'c582bc94d756bdf8a64d8c385e68a0bade3a9b5f'),
	(315, 'property_black_money', 0, 'c582bc94d756bdf8a64d8c385e68a0bade3a9b5f'),
	(316, 'society_gotur', 0, NULL),
	(317, 'caution', 2000, 'e56fffa074d793c3cf89a3b46e2e0d93b213bd1f'),
	(318, 'property_black_money', 0, 'e56fffa074d793c3cf89a3b46e2e0d93b213bd1f'),
	(319, 'caution', 0, '0904a9e573ae8d49f3a40fe7608426a462611ff3'),
	(320, 'property_black_money', 0, '0904a9e573ae8d49f3a40fe7608426a462611ff3'),
	(321, 'property_black_money', 0, '54d95dd0c169b7099d5ea6436b2c89bec577a3a1'),
	(322, 'caution', 0, '54d95dd0c169b7099d5ea6436b2c89bec577a3a1'),
	(323, 'caution', 0, 'ba426fddb01f60992a655c417ddd8268e828b6f5'),
	(324, 'property_black_money', 0, 'ba426fddb01f60992a655c417ddd8268e828b6f5'),
	(325, 'caution', 0, 'f335ad727aa3f12fc9e0bb4709689edc01af0b01'),
	(326, 'property_black_money', 0, 'f335ad727aa3f12fc9e0bb4709689edc01af0b01'),
	(327, 'caution', 0, '437f738fe8eae3ecafc37a04f13fd8e2fe8e7730'),
	(328, 'property_black_money', 0, '437f738fe8eae3ecafc37a04f13fd8e2fe8e7730'),
	(329, 'caution', 0, '7ff62c8a8826eebf58ebca29988b095224bc546e'),
	(330, 'property_black_money', 0, '7ff62c8a8826eebf58ebca29988b095224bc546e'),
	(331, 'caution', 0, '4919f92f6113d18b5222053cec77c9211a56b73b'),
	(332, 'property_black_money', 0, '4919f92f6113d18b5222053cec77c9211a56b73b'),
	(333, 'caution', 0, '2d13c1e7cd62700344f30edd12333c479332d836'),
	(334, 'property_black_money', 0, '2d13c1e7cd62700344f30edd12333c479332d836'),
	(335, 'caution', 0, '19f79eddb069fa5d09c6440beab8712182945622'),
	(336, 'property_black_money', 0, '19f79eddb069fa5d09c6440beab8712182945622'),
	(337, 'caution', 0, '7ae83c596ed7ec19b585fa898d51819832768397'),
	(338, 'property_black_money', 0, '7ae83c596ed7ec19b585fa898d51819832768397'),
	(339, 'caution', 0, '13b09e49f0a916885ae61556e94f722af4d9b4a5'),
	(340, 'property_black_money', 0, '13b09e49f0a916885ae61556e94f722af4d9b4a5'),
	(341, 'caution', 0, '2f0c8ce1d372a5bdd6b3dce156b27dada353a157'),
	(342, 'property_black_money', 0, '2f0c8ce1d372a5bdd6b3dce156b27dada353a157'),
	(343, 'caution', 0, '0b9dab33214a986e16dc294e95f5dbc0bad9638e'),
	(344, 'property_black_money', 0, '0b9dab33214a986e16dc294e95f5dbc0bad9638e'),
	(345, 'caution', 0, 'a7c48b7ea9bc3a69cde74d3d51e109045d1b8288'),
	(346, 'property_black_money', 0, 'a7c48b7ea9bc3a69cde74d3d51e109045d1b8288'),
	(347, 'caution', 0, '4c84414c4afa7238176110f5fa92fbc5a1e8c77c'),
	(348, 'property_black_money', 0, '4c84414c4afa7238176110f5fa92fbc5a1e8c77c'),
	(349, 'caution', 0, '9347564f07320e49b1b4d68218267865ca50928c'),
	(350, 'property_black_money', 0, '9347564f07320e49b1b4d68218267865ca50928c'),
	(351, 'caution', 0, '0e9199b284192a1afd456555501da6ecd0dce12a'),
	(352, 'property_black_money', 0, '0e9199b284192a1afd456555501da6ecd0dce12a'),
	(353, 'property_black_money', 0, 'e5586b1ebc6df3477de5446eb97fdd8b874a9eed'),
	(354, 'caution', 0, 'e5586b1ebc6df3477de5446eb97fdd8b874a9eed'),
	(355, 'caution', 0, '17effcc24133040a49e44f368651f2d3f296d7dd'),
	(356, 'property_black_money', 0, '17effcc24133040a49e44f368651f2d3f296d7dd'),
	(357, 'caution', 0, '4abeb87e82e0868ab8100165459459f687e19a92'),
	(358, 'property_black_money', 0, '4abeb87e82e0868ab8100165459459f687e19a92'),
	(359, 'caution', 0, 'd17d32740a3a51a75c16592672ba6f69bcdca200'),
	(360, 'property_black_money', 0, 'd17d32740a3a51a75c16592672ba6f69bcdca200'),
	(361, 'caution', 0, '06b60d51205ab7ac068629c827e700e92bc93dac'),
	(362, 'property_black_money', 0, '06b60d51205ab7ac068629c827e700e92bc93dac'),
	(363, 'caution', 0, 'd44e113cb9ac9a66faaf69fdf92132df9681df4b'),
	(364, 'property_black_money', 0, 'd44e113cb9ac9a66faaf69fdf92132df9681df4b'),
	(365, 'caution', 0, '5e72ab7638d4dd7185d6828bb2ace51f3a9b1e50'),
	(366, 'property_black_money', 0, '5e72ab7638d4dd7185d6828bb2ace51f3a9b1e50'),
	(367, 'caution', 0, 'e9dd8335969fc6f64ba1f9881d8c564aa32b4f51'),
	(368, 'property_black_money', 0, 'e9dd8335969fc6f64ba1f9881d8c564aa32b4f51'),
	(369, 'caution', 0, '7ce8bdc43bcb8cfe008c13caec10fae6d2106d54'),
	(370, 'property_black_money', 0, '7ce8bdc43bcb8cfe008c13caec10fae6d2106d54'),
	(371, 'caution', 0, 'd00de408834e034ba3b4dbc4745143223f752678'),
	(372, 'property_black_money', 0, 'd00de408834e034ba3b4dbc4745143223f752678'),
	(373, 'caution', 0, '187aeea1d29bdddd842faed0935f8df8430ed379'),
	(374, 'property_black_money', 0, '187aeea1d29bdddd842faed0935f8df8430ed379'),
	(375, 'caution', 0, '59d64d4db44b8bc2935cb1c8bfb9e62337c0777d'),
	(376, 'property_black_money', 0, '59d64d4db44b8bc2935cb1c8bfb9e62337c0777d'),
	(377, 'caution', 0, 'ce054c1e3d7ff65030f7dcf20a8996372da5238c'),
	(378, 'property_black_money', 0, 'ce054c1e3d7ff65030f7dcf20a8996372da5238c'),
	(379, 'caution', 0, 'c314232aad95cf1f573d5b953dad063d064c61e2'),
	(380, 'property_black_money', 0, 'c314232aad95cf1f573d5b953dad063d064c61e2'),
	(381, 'caution', 0, '1d5e4d9da2f7ef35eb00b74444961050a788efb7'),
	(382, 'property_black_money', 0, '1d5e4d9da2f7ef35eb00b74444961050a788efb7'),
	(383, 'caution', 0, '00dd84918ae5756dd48f923df648bccfab887fb1'),
	(384, 'property_black_money', 0, '00dd84918ae5756dd48f923df648bccfab887fb1'),
	(385, 'caution', 0, '9648dce884c3533ea6ec67628bd1a35b099ccffe'),
	(386, 'property_black_money', 0, '9648dce884c3533ea6ec67628bd1a35b099ccffe'),
	(387, 'caution', 0, 'a7826063b0c7c907ad6eaf9fc5aa85e9cab111aa'),
	(388, 'property_black_money', 0, 'a7826063b0c7c907ad6eaf9fc5aa85e9cab111aa'),
	(389, 'caution', 0, '576674673cea884a27b64ad96b8edcff0080063f'),
	(390, 'property_black_money', 0, '576674673cea884a27b64ad96b8edcff0080063f'),
	(391, 'property_black_money', 0, '93bec9901019adf04de1a9c6c47ab7b8c73d20a1'),
	(392, 'caution', 0, '93bec9901019adf04de1a9c6c47ab7b8c73d20a1'),
	(393, 'caution', 0, '5f872c60bcd57aec54d544b38d8588b5a6f1a33f'),
	(394, 'property_black_money', 0, '5f872c60bcd57aec54d544b38d8588b5a6f1a33f'),
	(395, 'caution', 0, '0a7302c53c5ceb6ee22dfc8d66194c4efa4fea53'),
	(396, 'property_black_money', 0, '0a7302c53c5ceb6ee22dfc8d66194c4efa4fea53');
/*!40000 ALTER TABLE `addon_account_data` ENABLE KEYS */;

-- Dumping structure for table es_extended.addon_inventory
CREATE TABLE IF NOT EXISTS `addon_inventory` (
  `name` varchar(60) NOT NULL,
  `label` varchar(100) NOT NULL,
  `shared` int(11) NOT NULL,
  PRIMARY KEY (`name`)
) ENGINE=InnoDB DEFAULT CHARSET=utf8;

-- Dumping data for table es_extended.addon_inventory: ~10 rows (approximately)
/*!40000 ALTER TABLE `addon_inventory` DISABLE KEYS */;
INSERT INTO `addon_inventory` (`name`, `label`, `shared`) VALUES
	('housing', 'Housing', 0),
	('property', 'Propriété', 0),
	('society_admin', 'Admin', 1),
	('society_agent', 'Agent', 1),
	('society_ambulance', 'Ambulance', 1),
	('society_cardealer', 'Concesionnaire', 1),
	('society_gotur', 'Götür', 1),
	('society_mechanic', 'Mécano', 1),
	('society_police', 'Police', 1),
	('society_taxi', 'Taxi', 1);
/*!40000 ALTER TABLE `addon_inventory` ENABLE KEYS */;

-- Dumping structure for table es_extended.addon_inventory_items
CREATE TABLE IF NOT EXISTS `addon_inventory_items` (
  `id` int(11) NOT NULL AUTO_INCREMENT,
  `inventory_name` varchar(100) NOT NULL,
  `name` varchar(100) NOT NULL,
  `count` int(11) NOT NULL,
  `owner` varchar(40) DEFAULT NULL,
  PRIMARY KEY (`id`),
  KEY `index_addon_inventory_items_inventory_name_name` (`inventory_name`,`name`),
  KEY `index_addon_inventory_items_inventory_name_name_owner` (`inventory_name`,`name`,`owner`),
  KEY `index_addon_inventory_inventory_name` (`inventory_name`)
) ENGINE=InnoDB AUTO_INCREMENT=11 DEFAULT CHARSET=utf8;

-- Dumping data for table es_extended.addon_inventory_items: ~1 rows (approximately)
/*!40000 ALTER TABLE `addon_inventory_items` DISABLE KEYS */;
INSERT INTO `addon_inventory_items` (`id`, `inventory_name`, `name`, `count`, `owner`) VALUES
	(10, 'society_admin', 'medikit', 73, NULL);
/*!40000 ALTER TABLE `addon_inventory_items` ENABLE KEYS */;

-- Dumping structure for table es_extended.aircrafts
CREATE TABLE IF NOT EXISTS `aircrafts` (
  `name` varchar(60) NOT NULL,
  `model` varchar(60) NOT NULL,
  `price` int(11) NOT NULL,
  `category` varchar(60) DEFAULT NULL,
  `level` int(11) NOT NULL,
  PRIMARY KEY (`model`) USING BTREE
) ENGINE=InnoDB DEFAULT CHARSET=utf8 ROW_FORMAT=DYNAMIC;

-- Dumping data for table es_extended.aircrafts: ~0 rows (approximately)
/*!40000 ALTER TABLE `aircrafts` DISABLE KEYS */;
/*!40000 ALTER TABLE `aircrafts` ENABLE KEYS */;

-- Dumping structure for table es_extended.aircrafts_categories
CREATE TABLE IF NOT EXISTS `aircrafts_categories` (
  `name` varchar(60) NOT NULL,
  `label` varchar(60) NOT NULL,
  PRIMARY KEY (`name`) USING BTREE
) ENGINE=InnoDB DEFAULT CHARSET=utf8 ROW_FORMAT=DYNAMIC;

-- Dumping data for table es_extended.aircrafts_categories: ~3 rows (approximately)
/*!40000 ALTER TABLE `aircrafts_categories` DISABLE KEYS */;
INSERT INTO `aircrafts_categories` (`name`, `label`) VALUES
	('bigplane', 'طائرة كبيرة'),
	('chi', 'طائرة شراعية'),
	('heli', 'هيليكوبتر');
/*!40000 ALTER TABLE `aircrafts_categories` ENABLE KEYS */;

-- Dumping structure for table es_extended.aircrafts_for_sale
CREATE TABLE IF NOT EXISTS `aircrafts_for_sale` (
  `id` int(11) NOT NULL AUTO_INCREMENT,
  `seller` varchar(50) NOT NULL,
  `vehicleProps` longtext NOT NULL,
  `price` int(11) NOT NULL DEFAULT 0,
  `info` text NOT NULL DEFAULT 'لاشيء',
  `name` longtext NOT NULL,
  `priceold` int(11) NOT NULL DEFAULT 0,
  `levelold` int(11) NOT NULL DEFAULT 0,
  `category` longtext NOT NULL,
  `modelname` longtext NOT NULL,
  PRIMARY KEY (`id`) USING BTREE
) ENGINE=InnoDB AUTO_INCREMENT=59 DEFAULT CHARSET=utf8 ROW_FORMAT=DYNAMIC;

-- Dumping data for table es_extended.aircrafts_for_sale: ~0 rows (approximately)
/*!40000 ALTER TABLE `aircrafts_for_sale` DISABLE KEYS */;
/*!40000 ALTER TABLE `aircrafts_for_sale` ENABLE KEYS */;

-- Dumping structure for table es_extended.bank_transfer
CREATE TABLE IF NOT EXISTS `bank_transfer` (
  `id` int(11) NOT NULL AUTO_INCREMENT,
  `type` int(11) NOT NULL,
  `identifier` varchar(50) NOT NULL,
  `price` varchar(50) NOT NULL,
  `name` varchar(50) NOT NULL,
  `time` timestamp NOT NULL DEFAULT current_timestamp() ON UPDATE current_timestamp(),
  PRIMARY KEY (`id`) USING BTREE
) ENGINE=InnoDB AUTO_INCREMENT=22 DEFAULT CHARSET=utf8;

-- Dumping data for table es_extended.bank_transfer: ~0 rows (approximately)
/*!40000 ALTER TABLE `bank_transfer` DISABLE KEYS */;
/*!40000 ALTER TABLE `bank_transfer` ENABLE KEYS */;

-- Dumping structure for table es_extended.bans
CREATE TABLE IF NOT EXISTS `bans` (
  `ID` int(255) NOT NULL,
  `name` varchar(1024) NOT NULL,
  `identifier` varchar(1024) NOT NULL,
  `reason` varchar(1024) NOT NULL,
  `ban_issued` varchar(1024) NOT NULL,
  `banned_until` varchar(1024) NOT NULL,
  `staff_name` varchar(1024) NOT NULL,
  `staff_steamid` varchar(1024) NOT NULL,
  `community` varchar(255) NOT NULL
) ENGINE=InnoDB DEFAULT CHARSET=latin1;

-- Dumping data for table es_extended.bans: ~0 rows (approximately)
/*!40000 ALTER TABLE `bans` DISABLE KEYS */;
/*!40000 ALTER TABLE `bans` ENABLE KEYS */;

-- Dumping structure for table es_extended.billing
CREATE TABLE IF NOT EXISTS `billing` (
  `id` int(11) NOT NULL AUTO_INCREMENT,
  `identifier` varchar(40) NOT NULL,
  `sender` varchar(40) NOT NULL,
  `target_type` varchar(50) NOT NULL,
  `target` varchar(40) NOT NULL,
  `label` varchar(255) NOT NULL,
  `amount` int(11) NOT NULL,
  PRIMARY KEY (`id`)
) ENGINE=InnoDB AUTO_INCREMENT=626 DEFAULT CHARSET=utf8;

-- Dumping data for table es_extended.billing: ~0 rows (approximately)
/*!40000 ALTER TABLE `billing` DISABLE KEYS */;
/*!40000 ALTER TABLE `billing` ENABLE KEYS */;

-- Dumping structure for table es_extended.boats
CREATE TABLE IF NOT EXISTS `boats` (
  `name` varchar(60) NOT NULL,
  `model` varchar(60) NOT NULL,
  `price` int(11) NOT NULL,
  `category` varchar(60) DEFAULT NULL,
  `level` int(11) NOT NULL,
  PRIMARY KEY (`model`) USING BTREE
) ENGINE=InnoDB DEFAULT CHARSET=utf8 ROW_FORMAT=DYNAMIC;

-- Dumping data for table es_extended.boats: ~6 rows (approximately)
/*!40000 ALTER TABLE `boats` DISABLE KEYS */;
INSERT INTO `boats` (`name`, `model`, `price`, `category`, `level`) VALUES
	('قارب دينقي', 'dinghy', 275000, '4seat', 25),
	('قارب دينقي', 'dinghy2', 175000, '2seat', 2),
	('دباب بحر', 'seashark', 115000, '2seat', 2),
	('دباب بحر', 'seashark2', 90000, '2seat', 5),
	('غواصة', 'submersible', 1050000, 'ghawasa', 70),
	('غواصة كراكن', 'submersible2', 850000, 'ghawasa', 65);
/*!40000 ALTER TABLE `boats` ENABLE KEYS */;

-- Dumping structure for table es_extended.boats_categories
CREATE TABLE IF NOT EXISTS `boats_categories` (
  `name` varchar(60) NOT NULL,
  `label` varchar(60) NOT NULL,
  PRIMARY KEY (`name`) USING BTREE
) ENGINE=InnoDB DEFAULT CHARSET=utf8 ROW_FORMAT=DYNAMIC;

-- Dumping data for table es_extended.boats_categories: ~3 rows (approximately)
/*!40000 ALTER TABLE `boats_categories` DISABLE KEYS */;
INSERT INTO `boats_categories` (`name`, `label`) VALUES
	('2seat', '2 ركاب'),
	('4seat', '4 ركاب'),
	('ghawasa', 'غواصات');
/*!40000 ALTER TABLE `boats_categories` ENABLE KEYS */;

-- Dumping structure for table es_extended.boats_for_sale
CREATE TABLE IF NOT EXISTS `boats_for_sale` (
  `id` int(11) NOT NULL AUTO_INCREMENT,
  `seller` varchar(50) NOT NULL,
  `vehicleProps` longtext NOT NULL,
  `price` int(11) NOT NULL DEFAULT 0,
  `info` text NOT NULL DEFAULT 'لاشيء',
  `name` longtext NOT NULL,
  `priceold` int(11) NOT NULL DEFAULT 0,
  `levelold` int(11) NOT NULL DEFAULT 0,
  `category` longtext NOT NULL,
  `modelname` longtext NOT NULL,
  PRIMARY KEY (`id`) USING BTREE
) ENGINE=InnoDB AUTO_INCREMENT=53 DEFAULT CHARSET=utf8 ROW_FORMAT=DYNAMIC;

-- Dumping data for table es_extended.boats_for_sale: ~0 rows (approximately)
/*!40000 ALTER TABLE `boats_for_sale` DISABLE KEYS */;
/*!40000 ALTER TABLE `boats_for_sale` ENABLE KEYS */;

-- Dumping structure for table es_extended.bought_houses
CREATE TABLE IF NOT EXISTS `bought_houses` (
  `houseid` int(50) NOT NULL,
  PRIMARY KEY (`houseid`)
) ENGINE=InnoDB DEFAULT CHARSET=utf8;

-- Dumping data for table es_extended.bought_houses: ~6 rows (approximately)
/*!40000 ALTER TABLE `bought_houses` DISABLE KEYS */;
INSERT INTO `bought_houses` (`houseid`) VALUES
	(10),
	(27),
	(123),
	(169),
	(216),
	(250);
/*!40000 ALTER TABLE `bought_houses` ENABLE KEYS */;

-- Dumping structure for table es_extended.businesses
CREATE TABLE IF NOT EXISTS `businesses` (
  `id` int(11) NOT NULL AUTO_INCREMENT,
  `name` varchar(255) NOT NULL,
  `address` varchar(255) NOT NULL,
  `description` varchar(75) NOT NULL,
  `blipname` varchar(75) DEFAULT NULL,
  `owner` varchar(255) DEFAULT NULL,
  `price` int(11) NOT NULL,
  `earnings` int(11) NOT NULL,
  `position` text NOT NULL,
  `stock` int(11) NOT NULL DEFAULT 0,
  `stock_price` int(11) NOT NULL DEFAULT 100,
  `employees` text NOT NULL,
  `taxrate` float DEFAULT NULL,
  PRIMARY KEY (`id`)
) ENGINE=InnoDB AUTO_INCREMENT=4 DEFAULT CHARSET=utf8;

-- Dumping data for table es_extended.businesses: ~0 rows (approximately)
/*!40000 ALTER TABLE `businesses` DISABLE KEYS */;
/*!40000 ALTER TABLE `businesses` ENABLE KEYS */;

-- Dumping structure for table es_extended.bwh_bans
CREATE TABLE IF NOT EXISTS `bwh_bans` (
  `id` int(11) NOT NULL AUTO_INCREMENT,
  `receiver` text NOT NULL,
  `sender` varchar(60) NOT NULL,
  `length` datetime DEFAULT NULL,
  `reason` text NOT NULL,
  `unbanned` tinyint(4) NOT NULL DEFAULT 0,
  PRIMARY KEY (`id`)
) ENGINE=InnoDB AUTO_INCREMENT=33 DEFAULT CHARSET=utf8;

-- Dumping data for table es_extended.bwh_bans: ~0 rows (approximately)
/*!40000 ALTER TABLE `bwh_bans` DISABLE KEYS */;
/*!40000 ALTER TABLE `bwh_bans` ENABLE KEYS */;

-- Dumping structure for table es_extended.bwh_identifiers
CREATE TABLE IF NOT EXISTS `bwh_identifiers` (
  `steam` varchar(60) NOT NULL,
  `license` varchar(60) NOT NULL,
  `ip` varchar(60) NOT NULL,
  `name` varchar(128) NOT NULL,
  `xbl` varchar(60) DEFAULT NULL,
  `live` varchar(60) DEFAULT NULL,
  `discord` varchar(60) DEFAULT NULL,
  `fivem` varchar(60) DEFAULT NULL,
  PRIMARY KEY (`steam`)
) ENGINE=InnoDB DEFAULT CHARSET=utf8;

-- Dumping data for table es_extended.bwh_identifiers: ~75 rows (approximately)
/*!40000 ALTER TABLE `bwh_identifiers` DISABLE KEYS */;
INSERT INTO `bwh_identifiers` (`steam`, `license`, `ip`, `name`, `xbl`, `live`, `discord`, `fivem`) VALUES
	('steam:11000010b9a36c9', 'license:5dd6f37922ae877e4329c196bd6e24e3fd7d0b1b', 'ip:212.106.78.144', 'Da3oor', 'xbl:2535440221979096', 'live:1899943489027973', 'discord:815930895575285780', 'fivem:4616957'),
	('steam:110000111459014', 'license:7ff0ae023be24eddccc38f4f453caa97802ca105', 'ip:202.186.54.91', 'VENOM', NULL, NULL, 'discord:273963892256800768', 'fivem:1027555'),
	('steam:1100001148b4c84', 'license:e56fffa074d793c3cf89a3b46e2e0d93b213bd1f', 'ip:176.45.132.108', 'Abo Mishary', NULL, 'live:1055519233186150', 'discord:917815472664240128', 'fivem:890836'),
	('steam:1100001156b91cb', 'license:4919f92f6113d18b5222053cec77c9211a56b73b', 'ip:176.234.8.105', 'SaMo Abu3mad', 'xbl:2535446450970225', 'live:1759222473749792', 'discord:394494137120063488', 'fivem:756808'),
	('steam:110000117baec20', 'license:93bec9901019adf04de1a9c6c47ab7b8c73d20a1', 'ip:82.178.186.21', 'MOHAMMED', 'xbl:2535421718809083', 'live:844425611556821', 'discord:768143711359467581', 'fivem:1121668'),
	('steam:11000011835c3d8', 'license:4abeb87e82e0868ab8100165459459f687e19a92', 'ip:51.252.105.154', 'Abdulaziz', 'xbl:2535454809689643', 'live:1829582627401408', 'discord:710839296860356628', 'fivem:558949'),
	('steam:110000119ab8b5e', 'license:c27741487363da4c26e3930b32d123eb75404062', 'ip:197.58.248.181', 't66', 'xbl:2535409406675239', 'live:844425600404883', 'discord:884054378795909130', 'fivem:512442'),
	('steam:110000119b7f290', 'license:7ae83c596ed7ec19b585fa898d51819832768397', 'ip:77.69.165.61', 'abduLrahman mohamed', NULL, 'live:914798761348898', 'discord:933711677260705822', 'fivem:1503724'),
	('steam:110000119bd59ce', 'license:28fadca751c8eac586c3946c4216f128982ccf5e', 'ip:46.244.90.95', 'A05 abu mohammed', 'xbl:2535423300983415', 'live:914798781705590', 'discord:852676143839969341', 'fivem:1513968'),
	('steam:11000011b3a6765', 'license:3bacb909f3e2ef20717629194a00ba70fc4b1a5d', 'ip:41.109.16.254', 'nabil', 'xbl:2535409658891557', 'live:914798014403439', 'discord:444496042021355531', 'fivem:1005408'),
	('steam:11000011cac612b', 'license:18883329b79d8669e1572e650b5656f0270bcce7', 'ip:77.69.204.113', 'Saydoon', 'xbl:2535463171514040', 'live:1899947348972755', 'discord:340914711241687041', 'fivem:543325'),
	('steam:11000011d21f89b', 'license:e9dd8335969fc6f64ba1f9881d8c564aa32b4f51', 'ip:176.205.190.128', 'Selvx', 'xbl:2535440869609945', 'live:985154015466548', 'discord:399621355366252554', 'fivem:724942'),
	('steam:1100001328feeb5', 'license:d00de408834e034ba3b4dbc4745143223f752678', 'ip:105.99.116.180', 'y', NULL, NULL, 'discord:479034905716850698', 'fivem:6171153'),
	('steam:110000135fbd8cd', 'license:df992107859e130f5dc0dc8a62d50a8e587b19bc', 'ip:31.166.229.29', 'Abo moayad', 'xbl:2535440925340175', 'live:844425399616053', 'discord:881956745080090675', 'fivem:4086130'),
	('steam:1100001362085dd', 'license:54d95dd0c169b7099d5ea6436b2c89bec577a3a1', 'ip:188.53.134.188', 'A6 ProWow', NULL, NULL, 'discord:500378992155688987', 'fivem:1238538'),
	('steam:11000013640d365', 'license:d44e113cb9ac9a66faaf69fdf92132df9681df4b', 'ip:88.243.148.248', 'kareem', 'xbl:2535447183194043', 'live:914798210323999', 'discord:289073497404342273', 'fivem:1988229'),
	('steam:1100001372c7078', 'license:5f872c60bcd57aec54d544b38d8588b5a6f1a33f', 'ip:88.201.101.2', 'HADI', 'xbl:2535448317550588', 'live:362840678682939', 'discord:670365526169485322', 'fivem:1595631'),
	('steam:1100001382f2778', 'license:5e72ab7638d4dd7185d6828bb2ace51f3a9b1e50', 'ip:37.231.39.51', 'bnfahad', NULL, 'live:914798990326965', 'discord:919906034020139008', 'fivem:5193443'),
	('steam:1100001388d8dbc', 'license:63f552f6ef60455a148c99432b7511b60fd61399', 'ip:156.205.90.241', 'Top', NULL, 'live:914798617941461', 'discord:479029411899768860', 'fivem:1961355'),
	('steam:11000013bfe2723', 'license:9273c44c4ee51ecec26d211d1b2274578c6f20fe', 'ip:188.49.230.179', 'Bsam', 'xbl:2535432207901221', 'live:1055518674401702', 'discord:586450465059897379', 'fivem:1559813'),
	('steam:11000013ccbc11b', 'license:cadef1a5bada86564c0792ec2a25b4499b51e019', 'ip:169.148.97.122', 'a7md', NULL, 'live:844426175745640', 'discord:682525898939170816', 'fivem:5967714'),
	('steam:11000013d463a0d', 'license:3338f31f8566c55e20a899e099c36fe2f51d55bd', 'ip:46.153.129.196', 'pKLoODep', NULL, 'live:1055519352027667', 'discord:501080036833624075', NULL),
	('steam:11000013d472d63', 'license:4c84414c4afa7238176110f5fa92fbc5a1e8c77c', 'ip:95.84.112.163', 'Nani', 'xbl:2535432733213759', 'live:914798466008703', 'discord:474342279138770944', 'fivem:3688365'),
	('steam:11000013e0dccda', 'license:187aeea1d29bdddd842faed0935f8df8430ed379', 'ip:84.255.140.100', 'M7MD 384', NULL, 'live:1055518882613609', 'discord:642768842849779733', 'fivem:2075359'),
	('steam:11000013e256e25', 'license:ef391aa6641eaba1b88fad182f7d91cce5b0b041', 'ip:51.39.227.14', 'IbrahimSYDEV', NULL, NULL, 'discord:939213173242888223', 'fivem:736758'),
	('steam:11000013e369740', 'license:c582bc94d756bdf8a64d8c385e68a0bade3a9b5f', 'ip:188.51.23.120', 'MOHA', 'xbl:2535467601000339', 'live:1899947337587228', 'discord:840540611915546624', 'fivem:4316720'),
	('steam:11000013e6d7b24', 'license:0e9199b284192a1afd456555501da6ecd0dce12a', 'ip:154.182.15.64', 'body', NULL, 'live:844425556641869', 'discord:575766849384349707', 'fivem:691953'),
	('steam:11000013f6f0461', 'license:f94e1fc960b88c90c15719ec117680df20cf21a0', 'ip:93.178.12.64', 'TTVabuhesah', 'xbl:2535432323155089', 'live:985154236229889', 'discord:675026512029941768', 'fivem:4602592'),
	('steam:11000013ff4ea72', 'license:a7826063b0c7c907ad6eaf9fc5aa85e9cab111aa', 'ip:102.191.1.113', 'reko', NULL, 'live:1055519511157762', 'discord:922596641163337838', 'fivem:6270446'),
	('steam:110000140bcc053', 'license:ce054c1e3d7ff65030f7dcf20a8996372da5238c', 'ip:64.65.112.137', 'OverPowerLucifer', 'xbl:2535463483545178', 'live:914798590669434', 'discord:699214629699715183', 'fivem:1723798'),
	('steam:110000140d9cd0d', 'license:b6317fadf8acffb655d247172beb55e81f00b166', 'ip:77.69.149.19', 'Alooy98', NULL, 'live:1688853138217774', 'discord:649267548201943050', 'fivem:1055727'),
	('steam:110000140e594f0', 'license:576674673cea884a27b64ad96b8edcff0080063f', 'ip:5.37.128.98', 'Mar', NULL, 'live:1759218740489987', 'discord:767714073411321867', 'fivem:913469'),
	('steam:110000140fa6219', 'license:3aaa8df5f6d3d244495b911617449352100f46fc', 'ip:94.49.23.193', 'vM3athe', 'xbl:2535438552204583', 'live:844425724603782', 'discord:852067274176331816', NULL),
	('steam:1100001419eb073', 'license:63b32cf1f1414777ee6defb25bc7bb0cf84d0679', 'ip:196.221.45.72', 'iTzMax', 'xbl:2535448792085590', 'live:1055519490381425', 'discord:405046400943128597', 'fivem:5072972'),
	('steam:11000014201b955', 'license:903bc0b1c72a5393d62b2e5950cd25818778ee49', 'ip:95.186.141.243', 'KHALED', NULL, 'live:1829579052313836', 'discord:714545576678785145', 'fivem:1102037'),
	('steam:11000014210317f', 'license:85205057598f398b25a7942df02741ae895eb6f3', 'ip:46.186.247.26', 'Waves', NULL, 'live:914798933704339', 'discord:791312577551925278', 'fivem:5427396'),
	('steam:110000142161842', 'license:d9de52bb7daa02095af111c5a1d7ef6f98529ab9', 'ip:176.28.195.29', '3MDH', 'xbl:2535471194718358', 'live:844425801444962', 'discord:638823189102723133', 'fivem:3648849'),
	('steam:11000014246bfc2', 'license:59d64d4db44b8bc2935cb1c8bfb9e62337c0777d', 'ip:51.39.229.211', 'abo slamh', NULL, NULL, 'discord:514093354024304650', 'fivem:1794255'),
	('steam:11000014266f7f7', 'license:00dd84918ae5756dd48f923df648bccfab887fb1', 'ip:188.236.234.45', 'iKarusii77', 'xbl:2535444895261713', 'live:1055518767653897', 'discord:703338998852091955', 'fivem:1205686'),
	('steam:110000142746493', 'license:b14aae56027cb2bdea528c97e0ddf47475704733', 'ip:128.127.217.18', 'LOKR C87', NULL, 'live:914798358028920', 'discord:580508547129933834', 'fivem:1459788'),
	('steam:1100001428dfbbd', 'license:0904a9e573ae8d49f3a40fe7608426a462611ff3', 'ip:188.236.131.250', 'BO 3LWA  R 217', NULL, 'live:985154825730855', 'discord:887737702819176480', 'fivem:1530557'),
	('steam:110000142cd0dce', 'license:d923dc92845cd7038b5dbb6b4ebc5af2362e56a3', 'ip:188.236.146.74', 'failchawy', NULL, 'live:1055519332642009', 'discord:752232078363590697', 'fivem:3553233'),
	('steam:110000142fa0ed4', 'license:2f0c8ce1d372a5bdd6b3dce156b27dada353a157', 'ip:37.56.22.120', '6RB', NULL, NULL, 'discord:812494252457590835', 'fivem:2078473'),
	('steam:110000142ffe245', 'license:d17d32740a3a51a75c16592672ba6f69bcdca200', 'ip:82.167.211.5', 'Mohammed 3G 1', 'xbl:2535461980951753', 'live:844425769406515', 'discord:696454464617316433', 'fivem:1319135'),
	('steam:110000143040d86', 'license:c314232aad95cf1f573d5b953dad063d064c61e2', 'ip:51.39.228.151', 'u  AL3M SRB ', NULL, 'live:844425851408668', 'discord:730518840672387246', 'fivem:2245907'),
	('steam:110000143610e47', 'license:7ff62c8a8826eebf58ebca29988b095224bc546e', 'ip:31.166.242.153', 'wido', 'xbl:2535456055866833', 'live:985154621975959', 'discord:877137185374076978', 'fivem:5532277'),
	('steam:11000014375cde6', 'license:aec905f7a5e693b7b226280c6135d8db33149544', 'ip:37.231.252.213', 'moaath', 'xbl:2535427340522793', 'live:914798708939546', 'discord:660396468565442572', NULL),
	('steam:110000143f78286', 'license:03b87d03b6b84e3b4824b6cec479d8bac6b8fb16', 'ip:128.127.229.55', 'aziz', 'xbl:2535468785551559', 'live:914798971099259', 'discord:603334759887798273', 'fivem:4917154'),
	('steam:110000144101206', 'license:749865b68a6a6bf12a8641101848f3c7281337fd', 'ip:178.87.211.246', 'Bo Nasser A02', 'xbl:2535410234052795', 'live:914798725224573', NULL, 'fivem:6361184'),
	('steam:1100001444186d7', 'license:5cb770c4b3b5026f5f4738a31299adc797a30fe0', 'ip:50.61.38.230', 'oomq505', 'xbl:2535460299996263', 'live:1688850110587987', 'discord:748666075461189762', 'fivem:1343194'),
	('steam:110000144a05839', 'license:19f79eddb069fa5d09c6440beab8712182945622', 'ip:93.112.172.146', 'zyz LIMEX', 'xbl:2535435067678801', 'live:844425831662865', 'discord:879397081259855883', 'fivem:3976623'),
	('steam:110000144b7c2a9', 'license:ba426fddb01f60992a655c417ddd8268e828b6f5', 'ip:41.36.145.195', 'AKD', 'xbl:2535430660101845', 'live:844425832795991', 'discord:760922476455657472', 'fivem:1642835'),
	('steam:11000014507ed3d', 'license:e1d92522e6b7734e6bea8fb52f7681eb584fd555', 'ip:145.82.68.1', 'PWKXE', NULL, 'live:1829582533444370', 'discord:642758719989481483', 'fivem:2389307'),
	('steam:110000145539012', 'license:604a22e06d5a6c2d4b269c94007a6df2ec3fdd06', 'ip:37.56.3.41', 'Rayan', NULL, 'live:985154762732398', 'discord:776072998918160427', 'fivem:1559872'),
	('steam:110000145b36077', 'license:17effcc24133040a49e44f368651f2d3f296d7dd', 'ip:46.38.84.233', '3booD', 'xbl:2535436136035168', 'live:1055519198649739', 'discord:574833013213364224', 'fivem:4849151'),
	('steam:110000146b7e85d', 'license:d06b32f75fc9707913139b3c7d3c01e22698c0ba', 'ip:93.168.119.78', 'lx', NULL, 'live:985154824875120', 'discord:815928225653063710', 'fivem:1981995'),
	('steam:110000146c957e1', 'license:437f738fe8eae3ecafc37a04f13fd8e2fe8e7730', 'ip:154.239.196.99', 'EL HAZEN M05', 'xbl:2535454140284166', 'live:914798780730300', 'discord:510570511235940423', 'fivem:722395'),
	('steam:110000146d155fe', 'license:9648dce884c3533ea6ec67628bd1a35b099ccffe', 'ip:197.162.223.148', 'maroo', NULL, 'live:1055519205789995', 'discord:786994950080430101', 'fivem:3784478'),
	('steam:110000146d810a6', 'license:0b9dab33214a986e16dc294e95f5dbc0bad9638e', 'ip:142.247.208.154', 'krz2', 'xbl:2535427823683744', 'live:1055518400854451', 'discord:933516275429281842', 'fivem:1481020'),
	('steam:1100001472fda15', 'license:906ab1062f66af1e44adeea7e40d9f4b1cca60ed', 'ip:213.166.157.46', 'bzo1', NULL, 'live:844425905026782', 'discord:762480689881940011', 'fivem:1999748'),
	('steam:1100001478eddb3', 'license:e9bc861dae4a63e46a60d425a8b153f1a0fe7e00', 'ip:151.255.214.247', 'Abo Fahad', 'xbl:2535408137839380', 'live:1759218646382380', 'discord:760080804071473173', NULL),
	('steam:110000147e7dfcc', 'license:f352b7b69ab939eb128b2b9c697c6b0fe1e9713f', 'ip:188.51.236.85', 'azooz', 'xbl:2535458336897786', 'live:985153868391992', 'discord:566685941151039501', 'fivem:3219126'),
	('steam:110000147ee436d', 'license:93a37c5b0087268610d3e04a1d425c11f06d3316', 'ip:193.188.123.52', 'Faa501', 'xbl:2535415924534316', 'live:844426172657724', 'discord:950493155361423442', 'fivem:6256770'),
	('steam:110000147f012ea', 'license:e0e03652d7f55dd24c76ecfe40c32e0a63467d47', 'ip:5.163.144.54', 'Shawarma', NULL, 'live:844426185287061', 'discord:851635124860354561', 'fivem:2285144'),
	('steam:110000147f16c14', 'license:74a486ebe407d94f02b69b3fb429997a49e786d9', 'ip:167.86.173.78', 'Adjusted Playername', 'xbl:2535451659442766', 'live:844425873336688', 'discord:700194928931766312', NULL),
	('steam:110000147f38b57', 'license:0a7302c53c5ceb6ee22dfc8d66194c4efa4fea53', 'ip:86.111.151.116', 'hasan yasser', 'xbl:2535419511578641', 'live:985154903556767', 'discord:725394966746103920', 'fivem:4795045'),
	('steam:110000147f7b968', 'license:187161f40b6faf40a345471191bfbcaadf80a221', 'ip:37.231.252.20', 'Hadi', 'xbl:2535437145173136', 'live:1055519217002866', 'discord:820642214479659069', 'fivem:5984408'),
	('steam:110000148139644', 'license:f94e1fc960b88c90c15719ec117680df20cf21a0', 'ip:93.178.12.64', 'Adjusted Playername', 'xbl:2535432323155089', 'live:985154236229889', 'discord:675026512029941768', 'fivem:4602592'),
	('steam:11000014817d587', 'license:52ee09fb588eb523fdd3ff16ae5eca944c6477e2', 'ip:94.59.254.156', 'bo aw3d', NULL, NULL, NULL, NULL),
	('steam:11000014840fcfc', 'license:a9c8e060b307f2ff611be282a7da365d93d6f4e4', 'ip:129.208.21.130', 'F', 'xbl:2535455695673651', 'live:985154563610359', 'discord:826409701960056832', 'fivem:834119'),
	('steam:110000148515677', 'license:6fa85bec29dc651f9d70bed2fa36eb714e605888', 'ip:156.223.146.174', 'TOM R58', 'xbl:2535465865444411', 'live:914798847665370', 'discord:846691366254673920', 'fivem:2368639'),
	('steam:110000148761fdc', 'license:5c376da6f89813f4547888dbaf657c18bbb4a057', 'ip:161.70.16.125', 'mbarak', NULL, 'live:844426022876803', 'discord:921598108171898900', 'fivem:3482567'),
	('steam:110000148be7332', 'license:a7c48b7ea9bc3a69cde74d3d51e109045d1b8288', 'ip:213.166.134.7', 'Jizani07', 'xbl:2535420148129694', 'live:1055519335096987', 'discord:558000429946896384', 'fivem:1886424'),
	('steam:1100001490c5319', 'license:6cf081d53eb220aa4d526d7088bedd9b85d51e3f', 'ip:141.164.234.231', 'Stevr C25', 'xbl:2535469265797850', 'live:844425995364209', 'discord:794653662089314344', 'fivem:3273979'),
	('steam:110000149557049', 'license:11e84a7a5dca4836717efbd14a66c45e72177365', 'ip:176.44.96.61', 'Insurgent', NULL, 'live:985154749984566', 'discord:865992979219218443', NULL),
	('steam:110000149a71bcc', 'license:1d5e4d9da2f7ef35eb00b74444961050a788efb7', 'ip:156.222.189.61', 'karimmohamed', 'xbl:2535440015629603', 'live:844425486793853', 'discord:732043352983470080', 'fivem:6433410'),
	('steam:110000149ac536c', 'license:ecb3f6dfbcf5147b236ec4dcdaf50f0a1efdeb75', 'ip:149.200.186.242', 'NolvX', NULL, 'live:844426183337700', 'discord:942004297791590450', 'fivem:6400398'),
	('steam:110000149b87a91', 'license:fb7d2853f32a87bd82002d7cb1baea5c70bc727a', 'ip:46.248.205.252', 'flogger', 'xbl:2535434168396472', 'live:1055519323018899', 'discord:772542856036089908', 'fivem:5640548'),
	('steam:110000149b98929', 'license:f375635fc07b200b688d1ac8d593d7c49803b473', 'ip:51.36.18.210', 'ix3', 'xbl:2535416229067463', 'live:985154447373331', 'discord:874259450897240065', 'fivem:6206060'),
	('steam:110000149c89db1', 'license:f095f10f86fc8664a371317b5a2c08b62d87bb39', 'ip:128.204.250.121', 'abdulmalikf939', 'xbl:2535440383037873', 'live:985154507666929', 'discord:848880852107788328', 'fivem:4427205'),
	('steam:110000149de4c5a', 'license:2d13c1e7cd62700344f30edd12333c479332d836', 'ip:5.82.51.121', 'z97o', 'xbl:2533274854219787', 'live:1688852519608423', 'discord:431713151944228884', 'fivem:6115369'),
	('steam:11000014a293df1', 'license:674258fdf0adb51970bc7c9166a648be92791d42', 'ip:188.61.174.127', 'Adjusted Playername', NULL, NULL, 'discord:767510428241887232', NULL),
	('steam:11000014a34940e', 'license:06b60d51205ab7ac068629c827e700e92bc93dac', 'ip:141.164.224.227', 'E10 13ntr', 'xbl:2535434245904335', 'live:914801213875563', 'discord:249701852344483850', 'fivem:877337'),
	('steam:11000014a89cd33', 'license:f335ad727aa3f12fc9e0bb4709689edc01af0b01', 'ip:144.86.35.248', 'EZI', 'xbl:2535449584731984', 'live:1899943475264258', 'discord:902282109606047764', 'fivem:6321659'),
	('steam:11000014a8dee1b', 'license:1f13453d0404fe0be185e4435538dad665e3b711', 'ip:161.70.101.4', 'Sj', 'xbl:2535457866313101', 'live:844429191690718', 'discord:623900332942163981', 'fivem:4692442'),
	('steam:11000014ab03485', 'license:25eeb84567eeea973b48839d2272fe8a1a7c0484', 'ip:188.55.200.41', 'AZOOZ ', 'xbl:2535453560047629', 'live:844425749417021', 'discord:939835510648602654', NULL),
	('steam:11000014ab2a8bd', 'license:13b09e49f0a916885ae61556e94f722af4d9b4a5', 'ip:31.167.179.56', 'Dawoud R190', 'xbl:2535406122291411', 'live:985154925259698', 'discord:705885941428125757', 'fivem:5277125'),
	('steam:11000014ad3b596', 'license:4c09647291702a62d9aac4bd7617dddc76871717', 'ip:144.86.77.114', 'alkhaldysd66', 'xbl:2535419460818825', 'live:985154621909827', 'discord:891052914779517039', 'fivem:4718813'),
	('steam:11000014af1f7c4', 'license:747290b98a138c4321d33a52cb427ee2082d64e4', 'ip:217.164.112.91', 't1', NULL, NULL, 'discord:914097408491798548', NULL),
	('steam:11000014afd2fa0', 'license:7ce8bdc43bcb8cfe008c13caec10fae6d2106d54', 'ip:170.133.105.186', 'vMouath', NULL, 'live:844425823321869', 'discord:608687134953439253', 'fivem:4883386'),
	('steam:11000014b435c22', 'license:482a2e60989534099ad7b1a4b277c46b6a973b0e', 'ip:155.138.68.205', 'AboNaief', 'xbl:2535440758531182', 'live:844425056952382', 'discord:848203267427008522', 'fivem:5472692'),
	('steam:11000014b53f898', 'license:e5586b1ebc6df3477de5446eb97fdd8b874a9eed', 'ip:104.233.64.227', 'M7', 'xbl:2535440040990769', 'live:914798089091959', 'discord:912727936979849236', 'fivem:5133481'),
	('steam:11000014b76048d', 'license:3abdf0a254e2a447c241239e63725d6006a57450', 'ip:37.231.254.115', 'A3DAM', NULL, NULL, 'discord:919192113529368627', NULL),
	('steam:11000014b9fc6f4', 'license:1149a62fcefafa239e3987ef0ee8014c87d7d28d', 'ip:156.215.96.61', 'amr', NULL, 'live:914798934876070', 'discord:711328183080714251', 'fivem:2611770'),
	('steam:11000014bbf3b9e', 'license:fca54e1ad47ce7392c0094181b5675173387a197', 'ip:188.236.180.216', 'azizkwtyq8', NULL, NULL, NULL, NULL),
	('steam:11000014bbf3d90', 'license:2e7bbf06aa6abd93b1a7b029902a00fe9464c397', 'ip:102.45.81.237', 'mman47054', NULL, 'live:1899946077753614', 'discord:725057840334766120', 'fivem:4842294'),
	('steam:11000014bdada63', 'license:9f7f7a92dcb40243c8cbfede1d86abe268a7a53f', 'ip:31.167.87.220', 'BRHOOM59', 'xbl:2535445954999376', 'live:985154013254837', 'discord:690563863481024564', 'fivem:2072556'),
	('steam:11000014c3512cb', 'license:3e626d913201d7ee56c01cf2bf3ca5caa555a4ae', 'ip:37.36.106.95', 'khalidkwtypc66778', NULL, NULL, NULL, NULL),
	('steam:11000014c52e5ba', 'license:3948d9868f355300b332047fa08195c230feef47', 'ip:5.156.22.177', 'SirNjm', 'xbl:2535425612008468', 'live:844426145267641', 'discord:938285529726877736', 'fivem:5869150'),
	('steam:11000014c74610b', 'license:d7649bf2480da142a1cdd3e8ba6a5c86e7f08e6b', 'ip:188.54.152.92', 'STO', 'xbl:2535463718794184', 'live:985154698950790', 'discord:833262865129275402', 'fivem:6066758'),
	('steam:11000014c7a2400', 'license:4d33cca98dbf4f09abe7df8b51315db2291b0812', 'ip:46.38.85.174', 'iwnx', NULL, 'live:914799020137482', 'discord:774932591265972235', 'fivem:5884268'),
	('steam:11000014c8285f2', 'license:9347564f07320e49b1b4d68218267865ca50928c', 'ip:104.233.116.96', ' FW', 'xbl:2535454756683539', 'live:1055519092397272', 'discord:612293963545837568', 'fivem:1078306'),
	('steam:11000014d1314a9', 'license:6d9d05c77e1e5a60e989aeb47ebdfdea16b50ae0', 'ip:176.45.73.81', 'f3rxi7', NULL, NULL, NULL, 'fivem:6396944');
/*!40000 ALTER TABLE `bwh_identifiers` ENABLE KEYS */;

-- Dumping structure for table es_extended.bwh_warnings
CREATE TABLE IF NOT EXISTS `bwh_warnings` (
  `id` int(11) NOT NULL AUTO_INCREMENT,
  `receiver` text NOT NULL,
  `sender` varchar(60) NOT NULL,
  `message` text NOT NULL,
  PRIMARY KEY (`id`)
) ENGINE=InnoDB AUTO_INCREMENT=7 DEFAULT CHARSET=utf8;

-- Dumping data for table es_extended.bwh_warnings: ~6 rows (approximately)
/*!40000 ALTER TABLE `bwh_warnings` DISABLE KEYS */;
INSERT INTO `bwh_warnings` (`id`, `receiver`, `sender`, `message`) VALUES
	(1, '54d95dd0c169b7099d5ea6436b2c89bec577a3a1', '54d95dd0c169b7099d5ea6436b2c89bec577a3a1', 'test'),
	(2, '54d95dd0c169b7099d5ea6436b2c89bec577a3a1', '54d95dd0c169b7099d5ea6436b2c89bec577a3a1', 'test'),
	(3, '54d95dd0c169b7099d5ea6436b2c89bec577a3a1', '54d95dd0c169b7099d5ea6436b2c89bec577a3a1', 'test'),
	(4, '54d95dd0c169b7099d5ea6436b2c89bec577a3a1', '54d95dd0c169b7099d5ea6436b2c89bec577a3a1', 'test'),
	(5, '54d95dd0c169b7099d5ea6436b2c89bec577a3a1', '54d95dd0c169b7099d5ea6436b2c89bec577a3a1', 'test'),
	(6, '54d95dd0c169b7099d5ea6436b2c89bec577a3a1', '54d95dd0c169b7099d5ea6436b2c89bec577a3a1', 'test');
/*!40000 ALTER TABLE `bwh_warnings` ENABLE KEYS */;

-- Dumping structure for table es_extended.cardealer_vehicles
CREATE TABLE IF NOT EXISTS `cardealer_vehicles` (
  `id` int(11) NOT NULL AUTO_INCREMENT,
  `vehicle` varchar(255) NOT NULL,
  `price` int(11) NOT NULL,
  PRIMARY KEY (`id`)
) ENGINE=InnoDB DEFAULT CHARSET=utf8;

-- Dumping data for table es_extended.cardealer_vehicles: ~0 rows (approximately)
/*!40000 ALTER TABLE `cardealer_vehicles` DISABLE KEYS */;
/*!40000 ALTER TABLE `cardealer_vehicles` ENABLE KEYS */;

-- Dumping structure for table es_extended.commend
CREATE TABLE IF NOT EXISTS `commend` (
  `ID` int(255) NOT NULL,
  `license` varchar(255) NOT NULL,
  `reason` varchar(1024) NOT NULL,
  `staff_name` varchar(255) NOT NULL,
  `staff_steamid` varchar(255) NOT NULL,
  `time` varchar(255) NOT NULL,
  `community` varchar(255) NOT NULL
) ENGINE=MyISAM DEFAULT CHARSET=latin1;

-- Dumping data for table es_extended.commend: 0 rows
/*!40000 ALTER TABLE `commend` DISABLE KEYS */;
/*!40000 ALTER TABLE `commend` ENABLE KEYS */;

-- Dumping structure for table es_extended.communities
CREATE TABLE IF NOT EXISTS `communities` (
  `ID` int(255) NOT NULL,
  `name` varchar(255) NOT NULL,
  `owner` varchar(255) NOT NULL,
  `time` int(11) NOT NULL,
  `uniqueid` varchar(255) NOT NULL
) ENGINE=MyISAM DEFAULT CHARSET=latin1;

-- Dumping data for table es_extended.communities: 0 rows
/*!40000 ALTER TABLE `communities` DISABLE KEYS */;
/*!40000 ALTER TABLE `communities` ENABLE KEYS */;

-- Dumping structure for table es_extended.communityservice
CREATE TABLE IF NOT EXISTS `communityservice` (
  `identifier` varchar(100) NOT NULL,
  `actions_remaining` int(10) NOT NULL,
  PRIMARY KEY (`identifier`)
) ENGINE=InnoDB DEFAULT CHARSET=utf8;

-- Dumping data for table es_extended.communityservice: ~0 rows (approximately)
/*!40000 ALTER TABLE `communityservice` DISABLE KEYS */;
/*!40000 ALTER TABLE `communityservice` ENABLE KEYS */;

-- Dumping structure for table es_extended.config
CREATE TABLE IF NOT EXISTS `config` (
  `ID` int(255) NOT NULL,
  `community_name` varchar(255) NOT NULL DEFAULT 'Community Name',
  `discord_webhook` varchar(1024) DEFAULT NULL,
  `joinmessages` enum('true','false') NOT NULL DEFAULT 'false',
  `chatcommands` enum('true','false') NOT NULL DEFAULT 'true',
  `checktimeout` int(255) NOT NULL DEFAULT 15,
  `trustscore` int(255) NOT NULL DEFAULT 75,
  `tswarn` int(255) NOT NULL DEFAULT 3,
  `tskick` int(255) NOT NULL DEFAULT 6,
  `tsban` int(255) NOT NULL DEFAULT 10,
  `tscommend` int(255) NOT NULL DEFAULT 2,
  `tstime` int(255) NOT NULL DEFAULT 1,
  `recent_time` int(255) NOT NULL DEFAULT 10,
  `permissions` varchar(20480) NOT NULL,
  `serveractions` varchar(20480) NOT NULL,
  `debug` enum('false','true') NOT NULL DEFAULT 'false',
  `community` varchar(255) NOT NULL,
  `plugin_extendeduserinfo` tinyint(1) NOT NULL DEFAULT 0,
  `plugin_globaluserinfo` tinyint(1) NOT NULL DEFAULT 0
) ENGINE=MyISAM DEFAULT CHARSET=latin1;

-- Dumping data for table es_extended.config: 0 rows
/*!40000 ALTER TABLE `config` DISABLE KEYS */;
/*!40000 ALTER TABLE `config` ENABLE KEYS */;

-- Dumping structure for table es_extended.criminal_record
CREATE TABLE IF NOT EXISTS `criminal_record` (
  `id` int(11) NOT NULL AUTO_INCREMENT,
  `sender` varchar(250) DEFAULT NULL,
  `owner` varchar(250) DEFAULT NULL,
  `record` longtext DEFAULT NULL,
  PRIMARY KEY (`id`)
) ENGINE=InnoDB AUTO_INCREMENT=57 DEFAULT CHARSET=utf8;

-- Dumping data for table es_extended.criminal_record: ~0 rows (approximately)
/*!40000 ALTER TABLE `criminal_record` DISABLE KEYS */;
/*!40000 ALTER TABLE `criminal_record` ENABLE KEYS */;

-- Dumping structure for table es_extended.daily_free
CREATE TABLE IF NOT EXISTS `daily_free` (
  `id` int(11) NOT NULL AUTO_INCREMENT,
  `identifier` varchar(60) NOT NULL,
  `next_collect` int(15) NOT NULL,
  `times_collected` int(11) NOT NULL,
  PRIMARY KEY (`id`)
) ENGINE=InnoDB AUTO_INCREMENT=5 DEFAULT CHARSET=utf8;

-- Dumping data for table es_extended.daily_free: ~3 rows (approximately)
/*!40000 ALTER TABLE `daily_free` DISABLE KEYS */;
INSERT INTO `daily_free` (`id`, `identifier`, `next_collect`, `times_collected`) VALUES
	(2, 'd00de408834e034ba3b4dbc4745143223f752678', 1638576322, 2),
	(3, '3c0c176509cba3f3ec8e306ef50640ac1dd51e7e', 1638569690, 1),
	(4, '54d95dd0c169b7099d5ea6436b2c89bec577a3a1', 1638593651, 1);
/*!40000 ALTER TABLE `daily_free` ENABLE KEYS */;

-- Dumping structure for table es_extended.datastore
CREATE TABLE IF NOT EXISTS `datastore` (
  `name` varchar(60) NOT NULL,
  `label` varchar(100) NOT NULL,
  `shared` int(11) NOT NULL,
  PRIMARY KEY (`name`)
) ENGINE=InnoDB DEFAULT CHARSET=utf8;

-- Dumping data for table es_extended.datastore: ~12 rows (approximately)
/*!40000 ALTER TABLE `datastore` DISABLE KEYS */;
INSERT INTO `datastore` (`name`, `label`, `shared`) VALUES
	('housing', 'Housing', 0),
	('property', 'Propriété', 0),
	('society_admin', 'Admin', 1),
	('society_agent', 'Agent', 1),
	('society_ambulance', 'Ambulance', 1),
	('society_mechanic', 'Mécano', 1),
	('society_police', 'Police', 1),
	('society_taxi', 'Taxi', 1),
	('user_ears', 'Ears', 0),
	('user_glasses', 'Glasses', 0),
	('user_helmet', 'Helmet', 0),
	('user_mask', 'Mask', 0);
/*!40000 ALTER TABLE `datastore` ENABLE KEYS */;

-- Dumping structure for table es_extended.datastore_data
CREATE TABLE IF NOT EXISTS `datastore_data` (
  `id` int(11) NOT NULL AUTO_INCREMENT,
  `name` varchar(60) NOT NULL,
  `owner` varchar(40) DEFAULT NULL,
  `data` longtext DEFAULT NULL,
  PRIMARY KEY (`id`),
  UNIQUE KEY `index_datastore_data_name_owner` (`name`,`owner`),
  KEY `index_datastore_data_name` (`name`)
) ENGINE=InnoDB AUTO_INCREMENT=1053 DEFAULT CHARSET=utf8;

-- Dumping data for table es_extended.datastore_data: ~889 rows (approximately)
/*!40000 ALTER TABLE `datastore_data` DISABLE KEYS */;
INSERT INTO `datastore_data` (`id`, `name`, `owner`, `data`) VALUES
	(1, 'society_police', NULL, '{}'),
	(2, 'society_ambulance', NULL, '{}'),
	(3, 'user_helmet', 'ec3a8a0fc8a7c0a36bce806773a9901550bf5394', '{}'),
	(4, 'user_mask', 'ec3a8a0fc8a7c0a36bce806773a9901550bf5394', '{}'),
	(5, 'user_ears', 'ec3a8a0fc8a7c0a36bce806773a9901550bf5394', '{}'),
	(6, 'user_glasses', 'ec3a8a0fc8a7c0a36bce806773a9901550bf5394', '{}'),
	(7, 'user_mask', '47cce43f5b5f6c4ad8550ae8cdd5394d30f47f70', '{}'),
	(8, 'user_helmet', '47cce43f5b5f6c4ad8550ae8cdd5394d30f47f70', '{}'),
	(9, 'user_glasses', '47cce43f5b5f6c4ad8550ae8cdd5394d30f47f70', '{}'),
	(10, 'user_ears', '47cce43f5b5f6c4ad8550ae8cdd5394d30f47f70', '{}'),
	(11, 'user_mask', '64f5f18a928d25bba25b4f856999b52a9779da30', '{}'),
	(12, 'user_helmet', '64f5f18a928d25bba25b4f856999b52a9779da30', '{}'),
	(13, 'user_glasses', '64f5f18a928d25bba25b4f856999b52a9779da30', '{}'),
	(14, 'user_ears', '64f5f18a928d25bba25b4f856999b52a9779da30', '{}'),
	(15, 'society_mechanic', NULL, '{}'),
	(16, 'user_mask', 'a875e544743047793219877286cd48172c4db93c', '{}'),
	(17, 'user_helmet', 'a875e544743047793219877286cd48172c4db93c', '{}'),
	(18, 'user_glasses', 'a875e544743047793219877286cd48172c4db93c', '{}'),
	(19, 'user_ears', 'a875e544743047793219877286cd48172c4db93c', '{}'),
	(20, 'user_mask', 'eb712710dd8e30e4112899977994a47063e7152a', '{}'),
	(21, 'user_helmet', 'eb712710dd8e30e4112899977994a47063e7152a', '{}'),
	(22, 'user_ears', 'eb712710dd8e30e4112899977994a47063e7152a', '{}'),
	(23, 'user_glasses', 'eb712710dd8e30e4112899977994a47063e7152a', '{}'),
	(24, 'user_mask', '1de0ddf7410dc489f34d734b43aa8a98854ed51f', '{}'),
	(25, 'user_helmet', '1de0ddf7410dc489f34d734b43aa8a98854ed51f', '{}'),
	(26, 'user_ears', '1de0ddf7410dc489f34d734b43aa8a98854ed51f', '{}'),
	(27, 'user_glasses', '1de0ddf7410dc489f34d734b43aa8a98854ed51f', '{}'),
	(28, 'user_glasses', 'e5336f822aaafcdde01f3ab0391f808015f988b0', '{}'),
	(29, 'user_ears', 'e5336f822aaafcdde01f3ab0391f808015f988b0', '{}'),
	(30, 'user_helmet', 'e5336f822aaafcdde01f3ab0391f808015f988b0', '{}'),
	(31, 'user_mask', 'e5336f822aaafcdde01f3ab0391f808015f988b0', '{}'),
	(32, 'user_ears', 'fe0e8420d8003b2d791a037733c63c426acdcbb7', '{}'),
	(33, 'user_mask', 'fe0e8420d8003b2d791a037733c63c426acdcbb7', '{}'),
	(34, 'user_helmet', 'fe0e8420d8003b2d791a037733c63c426acdcbb7', '{}'),
	(35, 'user_glasses', 'fe0e8420d8003b2d791a037733c63c426acdcbb7', '{}'),
	(36, 'user_mask', '5d573d4d63815f164ba17d150151172fe9b41a1b', '{}'),
	(37, 'user_helmet', '5d573d4d63815f164ba17d150151172fe9b41a1b', '{}'),
	(38, 'user_glasses', '5d573d4d63815f164ba17d150151172fe9b41a1b', '{}'),
	(39, 'user_ears', '5d573d4d63815f164ba17d150151172fe9b41a1b', '{}'),
	(40, 'user_mask', '76319d5e82fa1242e33528ea99568eef4594393e', '{}'),
	(41, 'user_helmet', '76319d5e82fa1242e33528ea99568eef4594393e', '{}'),
	(42, 'user_glasses', '76319d5e82fa1242e33528ea99568eef4594393e', '{}'),
	(43, 'user_ears', '76319d5e82fa1242e33528ea99568eef4594393e', '{}'),
	(44, 'user_ears', '06d845ea2c976cccaa4fd9e79422ac1bf4614adc', '{}'),
	(45, 'user_mask', '06d845ea2c976cccaa4fd9e79422ac1bf4614adc', '{}'),
	(46, 'user_helmet', '06d845ea2c976cccaa4fd9e79422ac1bf4614adc', '{}'),
	(47, 'user_glasses', '06d845ea2c976cccaa4fd9e79422ac1bf4614adc', '{}'),
	(48, 'user_mask', 'dbdd3b2844e4be62802305bd883dc0c906255a4d', '{}'),
	(49, 'user_helmet', 'dbdd3b2844e4be62802305bd883dc0c906255a4d', '{}'),
	(50, 'user_ears', 'dbdd3b2844e4be62802305bd883dc0c906255a4d', '{}'),
	(51, 'user_glasses', 'dbdd3b2844e4be62802305bd883dc0c906255a4d', '{}'),
	(52, 'user_mask', '93ac17c91f371cfd857f81fbca4217546e145b02', '{}'),
	(53, 'user_helmet', '93ac17c91f371cfd857f81fbca4217546e145b02', '{}'),
	(54, 'user_ears', '93ac17c91f371cfd857f81fbca4217546e145b02', '{}'),
	(55, 'user_glasses', '93ac17c91f371cfd857f81fbca4217546e145b02', '{}'),
	(56, 'user_mask', 'e95f6c9985e9818ef0f59e77cfa625c8c919b432', '{}'),
	(57, 'user_helmet', 'e95f6c9985e9818ef0f59e77cfa625c8c919b432', '{}'),
	(58, 'user_glasses', 'e95f6c9985e9818ef0f59e77cfa625c8c919b432', '{}'),
	(59, 'user_ears', 'e95f6c9985e9818ef0f59e77cfa625c8c919b432', '{}'),
	(60, 'user_mask', '93536da821509a2cddc2857080d14867b4e95cef', '{}'),
	(61, 'user_helmet', '93536da821509a2cddc2857080d14867b4e95cef', '{}'),
	(62, 'user_glasses', '93536da821509a2cddc2857080d14867b4e95cef', '{}'),
	(63, 'user_ears', '93536da821509a2cddc2857080d14867b4e95cef', '{}'),
	(64, 'user_glasses', 'd1d5b959f23b2f97918bc4c0f7eacb4b2c199259', '{}'),
	(65, 'user_ears', 'd1d5b959f23b2f97918bc4c0f7eacb4b2c199259', '{}'),
	(66, 'user_mask', 'd1d5b959f23b2f97918bc4c0f7eacb4b2c199259', '{}'),
	(67, 'user_helmet', 'd1d5b959f23b2f97918bc4c0f7eacb4b2c199259', '{}'),
	(68, 'user_glasses', '789c79953e319f87c64fda3c7d3a0e9ef072704e', '{}'),
	(69, 'user_ears', '789c79953e319f87c64fda3c7d3a0e9ef072704e', '{}'),
	(70, 'user_helmet', '789c79953e319f87c64fda3c7d3a0e9ef072704e', '{}'),
	(71, 'user_mask', '789c79953e319f87c64fda3c7d3a0e9ef072704e', '{}'),
	(72, 'user_glasses', 'a69489b55d25a9cf0b93e0e68e57834e2facbd6d', '{}'),
	(73, 'user_ears', 'a69489b55d25a9cf0b93e0e68e57834e2facbd6d', '{}'),
	(74, 'user_helmet', 'a69489b55d25a9cf0b93e0e68e57834e2facbd6d', '{}'),
	(75, 'user_mask', 'a69489b55d25a9cf0b93e0e68e57834e2facbd6d', '{}'),
	(76, 'user_ears', '390499ee928abe5f3eb75b0ff48c666aafda7e78', '{}'),
	(77, 'user_helmet', '390499ee928abe5f3eb75b0ff48c666aafda7e78', '{}'),
	(78, 'user_glasses', '390499ee928abe5f3eb75b0ff48c666aafda7e78', '{}'),
	(79, 'user_mask', '390499ee928abe5f3eb75b0ff48c666aafda7e78', '{}'),
	(80, 'user_helmet', '3bd11380240dd9de45bf53abb0f9f86c2710e6e7', '{}'),
	(81, 'user_glasses', '3bd11380240dd9de45bf53abb0f9f86c2710e6e7', '{}'),
	(82, 'user_ears', '3bd11380240dd9de45bf53abb0f9f86c2710e6e7', '{}'),
	(83, 'user_mask', '3bd11380240dd9de45bf53abb0f9f86c2710e6e7', '{}'),
	(84, 'user_helmet', '8e5660f1601556563613f4a21fb57f91b191ebfb', '{}'),
	(85, 'user_mask', '8e5660f1601556563613f4a21fb57f91b191ebfb', '{}'),
	(86, 'user_glasses', '8e5660f1601556563613f4a21fb57f91b191ebfb', '{}'),
	(87, 'user_ears', '8e5660f1601556563613f4a21fb57f91b191ebfb', '{}'),
	(88, 'user_mask', '17967c0afe6cb2be9e70a870f51b3384e0489986', '{}'),
	(89, 'user_helmet', '17967c0afe6cb2be9e70a870f51b3384e0489986', '{}'),
	(90, 'user_glasses', '17967c0afe6cb2be9e70a870f51b3384e0489986', '{}'),
	(91, 'user_ears', '17967c0afe6cb2be9e70a870f51b3384e0489986', '{}'),
	(92, 'user_helmet', '2d6535249abe5e69bed961ed32b213d64affb532', '{}'),
	(93, 'user_glasses', '2d6535249abe5e69bed961ed32b213d64affb532', '{}'),
	(94, 'user_ears', '2d6535249abe5e69bed961ed32b213d64affb532', '{}'),
	(95, 'user_mask', '2d6535249abe5e69bed961ed32b213d64affb532', '{}'),
	(96, 'user_glasses', '3f1ab071ffb5a7b3da61e84c4c7eb899230e468e', '{}'),
	(97, 'user_ears', '3f1ab071ffb5a7b3da61e84c4c7eb899230e468e', '{}'),
	(98, 'user_helmet', '3f1ab071ffb5a7b3da61e84c4c7eb899230e468e', '{}'),
	(99, 'user_mask', '3f1ab071ffb5a7b3da61e84c4c7eb899230e468e', '{}'),
	(100, 'user_mask', '6dfac3ed2149fee61e2db2b2879bc2b763205607', '{}'),
	(101, 'user_helmet', '6dfac3ed2149fee61e2db2b2879bc2b763205607', '{}'),
	(102, 'user_glasses', '6dfac3ed2149fee61e2db2b2879bc2b763205607', '{}'),
	(103, 'user_ears', '6dfac3ed2149fee61e2db2b2879bc2b763205607', '{}'),
	(104, 'user_glasses', 'da459b1891c9d4cae605c4f27106469e4022b52c', '{}'),
	(105, 'user_mask', 'da459b1891c9d4cae605c4f27106469e4022b52c', '{}'),
	(106, 'user_ears', 'da459b1891c9d4cae605c4f27106469e4022b52c', '{}'),
	(107, 'user_helmet', 'da459b1891c9d4cae605c4f27106469e4022b52c', '{}'),
	(108, 'user_ears', '3e7d8b9de01fd6d8543a09ad478495e8d6cdfcd9', '{}'),
	(109, 'user_glasses', '3e7d8b9de01fd6d8543a09ad478495e8d6cdfcd9', '{}'),
	(110, 'user_helmet', '3e7d8b9de01fd6d8543a09ad478495e8d6cdfcd9', '{}'),
	(111, 'user_mask', '3e7d8b9de01fd6d8543a09ad478495e8d6cdfcd9', '{}'),
	(112, 'user_glasses', '00045660e874c22e0057479e4ec9a04b5697e045', '{}'),
	(113, 'user_ears', '00045660e874c22e0057479e4ec9a04b5697e045', '{}'),
	(114, 'user_mask', '00045660e874c22e0057479e4ec9a04b5697e045', '{}'),
	(115, 'user_helmet', '00045660e874c22e0057479e4ec9a04b5697e045', '{}'),
	(116, 'user_ears', '8f17792cf7589bb6f154180e77606e288487f404', '{}'),
	(117, 'user_glasses', '8f17792cf7589bb6f154180e77606e288487f404', '{}'),
	(118, 'user_helmet', '8f17792cf7589bb6f154180e77606e288487f404', '{}'),
	(119, 'user_mask', '8f17792cf7589bb6f154180e77606e288487f404', '{}'),
	(120, 'user_glasses', '67d788cf31f9ba821ae7d65ca247fac90ff29b33', '{}'),
	(121, 'user_ears', '67d788cf31f9ba821ae7d65ca247fac90ff29b33', '{}'),
	(122, 'user_mask', '67d788cf31f9ba821ae7d65ca247fac90ff29b33', '{}'),
	(123, 'user_helmet', '67d788cf31f9ba821ae7d65ca247fac90ff29b33', '{}'),
	(124, 'user_mask', '323711232d5c3b30148c1ebad837c75d7d859f7a', '{}'),
	(125, 'user_helmet', '323711232d5c3b30148c1ebad837c75d7d859f7a', '{}'),
	(126, 'user_glasses', '323711232d5c3b30148c1ebad837c75d7d859f7a', '{}'),
	(127, 'user_ears', '323711232d5c3b30148c1ebad837c75d7d859f7a', '{}'),
	(128, 'user_mask', '25d5c3e86eeb0db8d757d506b47a6a57b25da3b3', '{}'),
	(129, 'user_helmet', '25d5c3e86eeb0db8d757d506b47a6a57b25da3b3', '{}'),
	(130, 'user_glasses', '25d5c3e86eeb0db8d757d506b47a6a57b25da3b3', '{}'),
	(131, 'user_ears', '25d5c3e86eeb0db8d757d506b47a6a57b25da3b3', '{}'),
	(132, 'user_mask', '7b303bb3be70a000d5ccdb8cf66b15a3c718d82a', '{}'),
	(133, 'user_helmet', '7b303bb3be70a000d5ccdb8cf66b15a3c718d82a', '{}'),
	(134, 'user_glasses', '7b303bb3be70a000d5ccdb8cf66b15a3c718d82a', '{}'),
	(135, 'user_ears', '7b303bb3be70a000d5ccdb8cf66b15a3c718d82a', '{}'),
	(136, 'user_mask', '9de920405105ea2a552715e47d3e6bdd64e68626', '{}'),
	(137, 'user_helmet', '9de920405105ea2a552715e47d3e6bdd64e68626', '{}'),
	(138, 'user_glasses', '9de920405105ea2a552715e47d3e6bdd64e68626', '{}'),
	(139, 'user_ears', '9de920405105ea2a552715e47d3e6bdd64e68626', '{}'),
	(140, 'user_mask', '0c4367476fe0d5dd41303137f3f4d0ca02846cd1', '{}'),
	(141, 'user_helmet', '0c4367476fe0d5dd41303137f3f4d0ca02846cd1', '{}'),
	(142, 'user_glasses', '0c4367476fe0d5dd41303137f3f4d0ca02846cd1', '{}'),
	(143, 'user_ears', '0c4367476fe0d5dd41303137f3f4d0ca02846cd1', '{}'),
	(144, 'user_mask', '523ed9ea413c7e3dfb99a522dba9b95ae29bcf1d', '{}'),
	(145, 'user_helmet', '523ed9ea413c7e3dfb99a522dba9b95ae29bcf1d', '{}'),
	(146, 'user_glasses', '523ed9ea413c7e3dfb99a522dba9b95ae29bcf1d', '{}'),
	(147, 'user_ears', '523ed9ea413c7e3dfb99a522dba9b95ae29bcf1d', '{}'),
	(148, 'user_ears', 'a8882adf1dd9e510af495e08ae50fa8ddfe67283', '{}'),
	(149, 'user_mask', 'a8882adf1dd9e510af495e08ae50fa8ddfe67283', '{}'),
	(150, 'user_helmet', 'a8882adf1dd9e510af495e08ae50fa8ddfe67283', '{}'),
	(151, 'user_glasses', 'a8882adf1dd9e510af495e08ae50fa8ddfe67283', '{}'),
	(152, 'user_glasses', '581c7c72780817ef47b2557ff6431235f35ad218', '{}'),
	(153, 'user_mask', '581c7c72780817ef47b2557ff6431235f35ad218', '{}'),
	(154, 'user_helmet', '581c7c72780817ef47b2557ff6431235f35ad218', '{}'),
	(155, 'user_ears', '581c7c72780817ef47b2557ff6431235f35ad218', '{}'),
	(156, 'user_helmet', '230e029783dd391911d978cbcfacddcdd2752b0e', '{}'),
	(157, 'user_ears', '230e029783dd391911d978cbcfacddcdd2752b0e', '{}'),
	(158, 'user_glasses', '230e029783dd391911d978cbcfacddcdd2752b0e', '{}'),
	(159, 'user_mask', '230e029783dd391911d978cbcfacddcdd2752b0e', '{}'),
	(160, 'society_admin', NULL, '{"weapons":[{"count":0,"name":"WEAPON_PISTOL"}]}'),
	(161, 'user_ears', '316b3f4e1fd32eb1d5d16bbe73fd8e5b862f278f', '{}'),
	(162, 'user_helmet', '316b3f4e1fd32eb1d5d16bbe73fd8e5b862f278f', '{}'),
	(163, 'user_mask', '316b3f4e1fd32eb1d5d16bbe73fd8e5b862f278f', '{}'),
	(164, 'user_glasses', '316b3f4e1fd32eb1d5d16bbe73fd8e5b862f278f', '{}'),
	(165, 'user_mask', '51d744c69bf9cd5abf5b190756acbae1bb0946ba', '{}'),
	(166, 'user_ears', '51d744c69bf9cd5abf5b190756acbae1bb0946ba', '{}'),
	(167, 'user_glasses', '51d744c69bf9cd5abf5b190756acbae1bb0946ba', '{}'),
	(168, 'user_helmet', '51d744c69bf9cd5abf5b190756acbae1bb0946ba', '{}'),
	(169, 'user_helmet', 'b4df63fd2a085b186a019e24ef6bae54ab5b3e91', '{}'),
	(170, 'user_mask', 'b4df63fd2a085b186a019e24ef6bae54ab5b3e91', '{}'),
	(171, 'user_ears', 'b4df63fd2a085b186a019e24ef6bae54ab5b3e91', '{}'),
	(172, 'user_glasses', 'b4df63fd2a085b186a019e24ef6bae54ab5b3e91', '{}'),
	(173, 'user_ears', 'a59caa3bd2df3cc3808fc9611109e4e3f2088e60', '{}'),
	(174, 'user_glasses', 'a59caa3bd2df3cc3808fc9611109e4e3f2088e60', '{}'),
	(175, 'user_helmet', 'a59caa3bd2df3cc3808fc9611109e4e3f2088e60', '{}'),
	(176, 'user_mask', 'a59caa3bd2df3cc3808fc9611109e4e3f2088e60', '{}'),
	(177, 'user_mask', '02ceee52aa111cbff94680f8da882d74a87b2922', '{}'),
	(178, 'user_helmet', '02ceee52aa111cbff94680f8da882d74a87b2922', '{}'),
	(179, 'user_glasses', '02ceee52aa111cbff94680f8da882d74a87b2922', '{}'),
	(180, 'user_ears', '02ceee52aa111cbff94680f8da882d74a87b2922', '{}'),
	(181, 'user_helmet', '66c2ecc42488fc5001607b6add8cf341edf1c50a', '{}'),
	(182, 'user_glasses', '66c2ecc42488fc5001607b6add8cf341edf1c50a', '{}'),
	(183, 'user_mask', '66c2ecc42488fc5001607b6add8cf341edf1c50a', '{}'),
	(184, 'user_ears', '66c2ecc42488fc5001607b6add8cf341edf1c50a', '{}'),
	(185, 'user_helmet', '832ab6c14c0ff29975eda6a5d95109847af59f5a', '{}'),
	(186, 'user_glasses', '832ab6c14c0ff29975eda6a5d95109847af59f5a', '{}'),
	(187, 'user_mask', '832ab6c14c0ff29975eda6a5d95109847af59f5a', '{}'),
	(188, 'user_ears', '832ab6c14c0ff29975eda6a5d95109847af59f5a', '{}'),
	(189, 'user_mask', 'c5132a1f4e2244df66b84c25aead6bddbffe1dda', '{}'),
	(190, 'user_helmet', 'c5132a1f4e2244df66b84c25aead6bddbffe1dda', '{}'),
	(191, 'user_glasses', 'c5132a1f4e2244df66b84c25aead6bddbffe1dda', '{}'),
	(192, 'user_ears', 'c5132a1f4e2244df66b84c25aead6bddbffe1dda', '{}'),
	(193, 'user_mask', 'cba03b058805b3a4a15a98e9e9edb980dfc4907f', '{}'),
	(194, 'user_helmet', 'cba03b058805b3a4a15a98e9e9edb980dfc4907f', '{}'),
	(195, 'user_glasses', 'cba03b058805b3a4a15a98e9e9edb980dfc4907f', '{}'),
	(196, 'user_ears', 'cba03b058805b3a4a15a98e9e9edb980dfc4907f', '{}'),
	(197, 'user_glasses', '1923b36f97a0527b23fe29ece1f343b23854206a', '{}'),
	(198, 'user_helmet', '1923b36f97a0527b23fe29ece1f343b23854206a', '{}'),
	(199, 'user_ears', '1923b36f97a0527b23fe29ece1f343b23854206a', '{}'),
	(200, 'user_mask', '1923b36f97a0527b23fe29ece1f343b23854206a', '{}'),
	(201, 'society_taxi', NULL, '{}'),
	(202, 'user_mask', 'f2aef5f971b68772c58307fa5c56db1eff1bd329', '{}'),
	(203, 'user_helmet', 'f2aef5f971b68772c58307fa5c56db1eff1bd329', '{}'),
	(204, 'user_glasses', 'f2aef5f971b68772c58307fa5c56db1eff1bd329', '{}'),
	(205, 'user_ears', 'f2aef5f971b68772c58307fa5c56db1eff1bd329', '{}'),
	(206, 'user_mask', '851570e0034d2658c7e3098daee20786ae3e9561', '{}'),
	(207, 'user_helmet', '851570e0034d2658c7e3098daee20786ae3e9561', '{}'),
	(208, 'user_glasses', '851570e0034d2658c7e3098daee20786ae3e9561', '{}'),
	(209, 'user_ears', '851570e0034d2658c7e3098daee20786ae3e9561', '{}'),
	(210, 'society_agent', NULL, NULL),
	(211, 'user_glasses', 'ea3e3c35a90ea996a01f70c92930ab01be4bd8c3', '{}'),
	(212, 'user_ears', 'ea3e3c35a90ea996a01f70c92930ab01be4bd8c3', '{}'),
	(213, 'user_mask', 'ea3e3c35a90ea996a01f70c92930ab01be4bd8c3', '{}'),
	(214, 'user_helmet', 'ea3e3c35a90ea996a01f70c92930ab01be4bd8c3', '{}'),
	(215, 'property', 'ec3a8a0fc8a7c0a36bce806773a9901550bf5394', '{}'),
	(216, 'property', '5e6e70a363ec161c71227e42b51dd33b6bbecde0', '{}'),
	(217, 'user_mask', '5e6e70a363ec161c71227e42b51dd33b6bbecde0', '{}'),
	(218, 'user_helmet', '5e6e70a363ec161c71227e42b51dd33b6bbecde0', '{}'),
	(219, 'user_glasses', '5e6e70a363ec161c71227e42b51dd33b6bbecde0', '{}'),
	(220, 'user_ears', '5e6e70a363ec161c71227e42b51dd33b6bbecde0', '{}'),
	(221, 'property', '17967c0afe6cb2be9e70a870f51b3384e0489986', '{}'),
	(222, 'user_helmet', '7fd58a717da6be739164ae27fbbcc06381dc8a1e', '{}'),
	(223, 'user_mask', '7fd58a717da6be739164ae27fbbcc06381dc8a1e', '{}'),
	(224, 'user_glasses', '7fd58a717da6be739164ae27fbbcc06381dc8a1e', '{}'),
	(225, 'user_ears', '7fd58a717da6be739164ae27fbbcc06381dc8a1e', '{}'),
	(226, 'property', '7fd58a717da6be739164ae27fbbcc06381dc8a1e', '{}'),
	(227, 'user_glasses', '31d239b0deff929695c3d911c6f34018345bd205', '{}'),
	(228, 'user_ears', '31d239b0deff929695c3d911c6f34018345bd205', '{}'),
	(229, 'property', '31d239b0deff929695c3d911c6f34018345bd205', '{}'),
	(230, 'user_mask', '31d239b0deff929695c3d911c6f34018345bd205', '{}'),
	(231, 'user_helmet', '31d239b0deff929695c3d911c6f34018345bd205', '{}'),
	(232, 'user_mask', '9e61c2f00de2aef8e379130c816fee96bc65f1f1', '{}'),
	(233, 'user_helmet', '9e61c2f00de2aef8e379130c816fee96bc65f1f1', '{}'),
	(234, 'user_glasses', '9e61c2f00de2aef8e379130c816fee96bc65f1f1', '{}'),
	(235, 'user_ears', '9e61c2f00de2aef8e379130c816fee96bc65f1f1', '{}'),
	(236, 'property', '9e61c2f00de2aef8e379130c816fee96bc65f1f1', '{}'),
	(237, 'user_ears', '8d9d3716016fa32ba8e2520b4ad31adabb31a97e', '{}'),
	(238, 'property', '8d9d3716016fa32ba8e2520b4ad31adabb31a97e', '{}'),
	(239, 'user_helmet', '8d9d3716016fa32ba8e2520b4ad31adabb31a97e', '{}'),
	(240, 'user_mask', '8d9d3716016fa32ba8e2520b4ad31adabb31a97e', '{}'),
	(241, 'user_glasses', '8d9d3716016fa32ba8e2520b4ad31adabb31a97e', '{}'),
	(242, 'user_mask', 'f4169e90c8a3a0bcb97c116075dd64295987855a', '{}'),
	(243, 'user_helmet', 'f4169e90c8a3a0bcb97c116075dd64295987855a', '{}'),
	(244, 'user_glasses', 'f4169e90c8a3a0bcb97c116075dd64295987855a', '{}'),
	(245, 'user_ears', 'f4169e90c8a3a0bcb97c116075dd64295987855a', '{}'),
	(246, 'property', 'f4169e90c8a3a0bcb97c116075dd64295987855a', '{}'),
	(247, 'user_mask', 'cdbb194f0564afb5cf23cf5a860752f434cac1e7', '{}'),
	(248, 'user_helmet', 'cdbb194f0564afb5cf23cf5a860752f434cac1e7', '{}'),
	(249, 'user_glasses', 'cdbb194f0564afb5cf23cf5a860752f434cac1e7', '{}'),
	(250, 'user_ears', 'cdbb194f0564afb5cf23cf5a860752f434cac1e7', '{}'),
	(251, 'property', 'cdbb194f0564afb5cf23cf5a860752f434cac1e7', '{}'),
	(252, 'property', '7d59d90e0969364d24a269b0f3263d8346df148f', '{}'),
	(253, 'user_ears', '7d59d90e0969364d24a269b0f3263d8346df148f', '{}'),
	(254, 'user_glasses', '7d59d90e0969364d24a269b0f3263d8346df148f', '{}'),
	(255, 'user_helmet', '7d59d90e0969364d24a269b0f3263d8346df148f', '{}'),
	(256, 'user_mask', '7d59d90e0969364d24a269b0f3263d8346df148f', '{}'),
	(257, 'property', '1e81c1276212d18732d782342fa9cdc6300bb4d7', '{}'),
	(258, 'user_ears', '1e81c1276212d18732d782342fa9cdc6300bb4d7', '{}'),
	(259, 'user_helmet', '1e81c1276212d18732d782342fa9cdc6300bb4d7', '{}'),
	(260, 'user_glasses', '1e81c1276212d18732d782342fa9cdc6300bb4d7', '{}'),
	(261, 'user_mask', '1e81c1276212d18732d782342fa9cdc6300bb4d7', '{}'),
	(262, 'property', 'bf3b27368078aae86612f1e4dd4a28d08500486a', '{}'),
	(263, 'user_ears', 'bf3b27368078aae86612f1e4dd4a28d08500486a', '{"hasEars":true,"skin":{"ears_1":2,"ears_2":1}}'),
	(264, 'user_helmet', 'bf3b27368078aae86612f1e4dd4a28d08500486a', '{}'),
	(265, 'user_glasses', 'bf3b27368078aae86612f1e4dd4a28d08500486a', '{}'),
	(266, 'user_mask', 'bf3b27368078aae86612f1e4dd4a28d08500486a', '{"hasMask":true,"skin":{"mask_2":0,"mask_1":111}}'),
	(267, 'property', '3e7d8b9de01fd6d8543a09ad478495e8d6cdfcd9', '{}'),
	(268, 'property', '0f07f1cca725c0db7c54ca4e1037577b116cae16', '{}'),
	(269, 'user_mask', '0f07f1cca725c0db7c54ca4e1037577b116cae16', '{"hasMask":true,"skin":{"mask_2":1,"mask_1":51}}'),
	(270, 'user_helmet', '0f07f1cca725c0db7c54ca4e1037577b116cae16', '{}'),
	(271, 'user_glasses', '0f07f1cca725c0db7c54ca4e1037577b116cae16', '{"skin":{"glasses_1":2,"glasses_2":0},"hasGlasses":true}'),
	(272, 'user_ears', '0f07f1cca725c0db7c54ca4e1037577b116cae16', '{}'),
	(273, 'user_mask', '95871ddd5d2db539281c89e79fd4112ad3ec9c77', '{}'),
	(274, 'user_helmet', '95871ddd5d2db539281c89e79fd4112ad3ec9c77', '{}'),
	(275, 'user_glasses', '95871ddd5d2db539281c89e79fd4112ad3ec9c77', '{}'),
	(276, 'user_ears', '95871ddd5d2db539281c89e79fd4112ad3ec9c77', '{}'),
	(277, 'property', '95871ddd5d2db539281c89e79fd4112ad3ec9c77', '{}'),
	(278, 'property', '74629314106fe8049e3a4c49b36e9a63741eeee1', '{}'),
	(279, 'user_mask', '74629314106fe8049e3a4c49b36e9a63741eeee1', '{}'),
	(280, 'user_helmet', '74629314106fe8049e3a4c49b36e9a63741eeee1', '{}'),
	(281, 'user_glasses', '74629314106fe8049e3a4c49b36e9a63741eeee1', '{}'),
	(282, 'user_ears', '74629314106fe8049e3a4c49b36e9a63741eeee1', '{}'),
	(283, 'user_helmet', '8b6993d92c54474d6c283c1710fa67586ffa47e4', '{}'),
	(284, 'user_ears', '8b6993d92c54474d6c283c1710fa67586ffa47e4', '{}'),
	(285, 'property', '8b6993d92c54474d6c283c1710fa67586ffa47e4', '{}'),
	(286, 'user_glasses', '8b6993d92c54474d6c283c1710fa67586ffa47e4', '{}'),
	(287, 'user_mask', '8b6993d92c54474d6c283c1710fa67586ffa47e4', '{}'),
	(288, 'user_glasses', '62cc45dd02cf679317c16c67a1f53b46ed037d70', '{}'),
	(289, 'property', '62cc45dd02cf679317c16c67a1f53b46ed037d70', '{}'),
	(290, 'user_ears', '62cc45dd02cf679317c16c67a1f53b46ed037d70', '{}'),
	(291, 'user_helmet', '62cc45dd02cf679317c16c67a1f53b46ed037d70', '{}'),
	(292, 'user_mask', '62cc45dd02cf679317c16c67a1f53b46ed037d70', '{}'),
	(293, 'user_mask', 'a6502bfd135e02ce427b2cc9d35033c7c3751115', '{}'),
	(294, 'property', 'a6502bfd135e02ce427b2cc9d35033c7c3751115', '{}'),
	(295, 'user_helmet', 'a6502bfd135e02ce427b2cc9d35033c7c3751115', '{}'),
	(296, 'user_glasses', 'a6502bfd135e02ce427b2cc9d35033c7c3751115', '{}'),
	(297, 'user_ears', 'a6502bfd135e02ce427b2cc9d35033c7c3751115', '{}'),
	(298, 'user_mask', '66c98a4ddc5c97d78cf4fa936389358910a54d27', '{}'),
	(299, 'user_helmet', '66c98a4ddc5c97d78cf4fa936389358910a54d27', '{}'),
	(300, 'user_glasses', '66c98a4ddc5c97d78cf4fa936389358910a54d27', '{}'),
	(301, 'user_ears', '66c98a4ddc5c97d78cf4fa936389358910a54d27', '{}'),
	(302, 'property', '66c98a4ddc5c97d78cf4fa936389358910a54d27', '{}'),
	(303, 'user_ears', 'f0406ae3aec25d80c6f6466699cb0036db5a477e', '{}'),
	(304, 'property', 'f0406ae3aec25d80c6f6466699cb0036db5a477e', '{}'),
	(305, 'user_helmet', 'f0406ae3aec25d80c6f6466699cb0036db5a477e', '{}'),
	(306, 'user_mask', 'f0406ae3aec25d80c6f6466699cb0036db5a477e', '{}'),
	(307, 'user_glasses', 'f0406ae3aec25d80c6f6466699cb0036db5a477e', '{}'),
	(308, 'user_mask', '57e40d049fcd6ca7b3db85e3a3ea1e7b789f9c7e', '{}'),
	(309, 'user_helmet', '57e40d049fcd6ca7b3db85e3a3ea1e7b789f9c7e', '{}'),
	(310, 'user_glasses', '57e40d049fcd6ca7b3db85e3a3ea1e7b789f9c7e', '{}'),
	(311, 'user_ears', '57e40d049fcd6ca7b3db85e3a3ea1e7b789f9c7e', '{}'),
	(312, 'property', '57e40d049fcd6ca7b3db85e3a3ea1e7b789f9c7e', '{}'),
	(313, 'user_mask', '39bdc30ff86cc7e6893db6c274d531d7f0a10d2e', '{}'),
	(314, 'user_helmet', '39bdc30ff86cc7e6893db6c274d531d7f0a10d2e', '{}'),
	(315, 'user_ears', '39bdc30ff86cc7e6893db6c274d531d7f0a10d2e', '{}'),
	(316, 'user_glasses', '39bdc30ff86cc7e6893db6c274d531d7f0a10d2e', '{}'),
	(317, 'property', '39bdc30ff86cc7e6893db6c274d531d7f0a10d2e', '{}'),
	(318, 'user_mask', 'e4372fb7f306681cf9cc9aa4d663771e875efaf8', '{}'),
	(319, 'user_helmet', 'e4372fb7f306681cf9cc9aa4d663771e875efaf8', '{}'),
	(320, 'user_glasses', 'e4372fb7f306681cf9cc9aa4d663771e875efaf8', '{}'),
	(321, 'user_ears', 'e4372fb7f306681cf9cc9aa4d663771e875efaf8', '{}'),
	(322, 'property', 'e4372fb7f306681cf9cc9aa4d663771e875efaf8', '{}'),
	(323, 'property', '29e9bad67b96f34cf5e822830c2bcdfadd076cbb', '{}'),
	(324, 'user_helmet', '29e9bad67b96f34cf5e822830c2bcdfadd076cbb', '{}'),
	(325, 'user_glasses', '29e9bad67b96f34cf5e822830c2bcdfadd076cbb', '{}'),
	(326, 'user_mask', '29e9bad67b96f34cf5e822830c2bcdfadd076cbb', '{}'),
	(327, 'user_ears', '29e9bad67b96f34cf5e822830c2bcdfadd076cbb', '{}'),
	(328, 'user_mask', 'be693a6f2a342d38c57fcf8e07abe6b24ac248c9', '{}'),
	(329, 'user_helmet', 'be693a6f2a342d38c57fcf8e07abe6b24ac248c9', '{}'),
	(330, 'user_glasses', 'be693a6f2a342d38c57fcf8e07abe6b24ac248c9', '{}'),
	(331, 'user_ears', 'be693a6f2a342d38c57fcf8e07abe6b24ac248c9', '{}'),
	(332, 'property', 'be693a6f2a342d38c57fcf8e07abe6b24ac248c9', '{}'),
	(333, 'user_ears', '46619a256ce74648664917e2111664791cfc22d1', '{}'),
	(334, 'property', '46619a256ce74648664917e2111664791cfc22d1', '{}'),
	(335, 'user_glasses', '46619a256ce74648664917e2111664791cfc22d1', '{}'),
	(336, 'user_helmet', '46619a256ce74648664917e2111664791cfc22d1', '{}'),
	(337, 'user_mask', '46619a256ce74648664917e2111664791cfc22d1', '{}'),
	(338, 'user_glasses', '531af787acb1613935f75fd0b59c1dafc9639d1b', '{}'),
	(339, 'user_ears', '531af787acb1613935f75fd0b59c1dafc9639d1b', '{}'),
	(340, 'property', '531af787acb1613935f75fd0b59c1dafc9639d1b', '{}'),
	(341, 'user_mask', '531af787acb1613935f75fd0b59c1dafc9639d1b', '{}'),
	(342, 'user_helmet', '531af787acb1613935f75fd0b59c1dafc9639d1b', '{}'),
	(343, 'user_mask', '8cc149789fbe686afccecdddb5eec40350945f67', '{}'),
	(344, 'user_helmet', '8cc149789fbe686afccecdddb5eec40350945f67', '{}'),
	(345, 'user_glasses', '8cc149789fbe686afccecdddb5eec40350945f67', '{}'),
	(346, 'user_ears', '8cc149789fbe686afccecdddb5eec40350945f67', '{}'),
	(347, 'property', '8cc149789fbe686afccecdddb5eec40350945f67', '{}'),
	(348, 'user_helmet', '0cf6da4ddbfefc0b96e613d16be5a2010c1609ef', '{}'),
	(349, 'user_glasses', '0cf6da4ddbfefc0b96e613d16be5a2010c1609ef', '{}'),
	(350, 'user_ears', '0cf6da4ddbfefc0b96e613d16be5a2010c1609ef', '{}'),
	(351, 'property', '0cf6da4ddbfefc0b96e613d16be5a2010c1609ef', '{}'),
	(352, 'user_mask', '0cf6da4ddbfefc0b96e613d16be5a2010c1609ef', '{}'),
	(353, 'user_helmet', '1f5765504316c7d5cb0ef4935e16f52bb320dae9', '{}'),
	(354, 'user_glasses', '1f5765504316c7d5cb0ef4935e16f52bb320dae9', '{}'),
	(355, 'user_ears', '1f5765504316c7d5cb0ef4935e16f52bb320dae9', '{}'),
	(356, 'property', '1f5765504316c7d5cb0ef4935e16f52bb320dae9', '{}'),
	(357, 'user_mask', '1f5765504316c7d5cb0ef4935e16f52bb320dae9', '{}'),
	(363, 'user_ears', 'fe6a7dc7971813e05d4a459e52bd5e60ec1fa97f', '{}'),
	(364, 'property', 'fe6a7dc7971813e05d4a459e52bd5e60ec1fa97f', '{}'),
	(365, 'user_mask', 'fe6a7dc7971813e05d4a459e52bd5e60ec1fa97f', '{}'),
	(366, 'user_helmet', 'fe6a7dc7971813e05d4a459e52bd5e60ec1fa97f', '{}'),
	(367, 'user_glasses', 'fe6a7dc7971813e05d4a459e52bd5e60ec1fa97f', '{}'),
	(368, 'user_mask', '6c977764959be1bdc414f3c884c5b39b0af874ea', '{}'),
	(369, 'user_helmet', '6c977764959be1bdc414f3c884c5b39b0af874ea', '{}'),
	(370, 'user_glasses', '6c977764959be1bdc414f3c884c5b39b0af874ea', '{}'),
	(371, 'user_ears', '6c977764959be1bdc414f3c884c5b39b0af874ea', '{}'),
	(372, 'property', '6c977764959be1bdc414f3c884c5b39b0af874ea', '{}'),
	(373, 'user_mask', 'efe0f67006c9b1caa6cb00de9509877ac460c572', '{}'),
	(374, 'user_helmet', 'efe0f67006c9b1caa6cb00de9509877ac460c572', '{}'),
	(375, 'user_glasses', 'efe0f67006c9b1caa6cb00de9509877ac460c572', '{}'),
	(376, 'property', 'efe0f67006c9b1caa6cb00de9509877ac460c572', '{}'),
	(377, 'user_ears', 'efe0f67006c9b1caa6cb00de9509877ac460c572', '{}'),
	(378, 'user_mask', '4665a198c4d9b80f62fb16954441e7f128def395', '{}'),
	(379, 'user_helmet', '4665a198c4d9b80f62fb16954441e7f128def395', '{}'),
	(380, 'user_glasses', '4665a198c4d9b80f62fb16954441e7f128def395', '{}'),
	(381, 'user_ears', '4665a198c4d9b80f62fb16954441e7f128def395', '{}'),
	(382, 'property', '4665a198c4d9b80f62fb16954441e7f128def395', '{}'),
	(383, 'user_glasses', '7cda678578d97ff1930551d609205d078c5fb26b', '{}'),
	(384, 'user_ears', '7cda678578d97ff1930551d609205d078c5fb26b', '{}'),
	(385, 'property', '7cda678578d97ff1930551d609205d078c5fb26b', '{}'),
	(386, 'user_mask', '7cda678578d97ff1930551d609205d078c5fb26b', '{}'),
	(387, 'user_helmet', '7cda678578d97ff1930551d609205d078c5fb26b', '{}'),
	(388, 'user_mask', 'ba99c71727a7215cc1941801029bcc9720d1a2e8', '{}'),
	(389, 'user_helmet', 'ba99c71727a7215cc1941801029bcc9720d1a2e8', '{}'),
	(390, 'user_glasses', 'ba99c71727a7215cc1941801029bcc9720d1a2e8', '{}'),
	(391, 'user_ears', 'ba99c71727a7215cc1941801029bcc9720d1a2e8', '{}'),
	(392, 'property', 'ba99c71727a7215cc1941801029bcc9720d1a2e8', '{}'),
	(393, 'user_mask', '29640f7e206fb2458ebd7112b89bd4fb790b383b', '{}'),
	(394, 'user_helmet', '29640f7e206fb2458ebd7112b89bd4fb790b383b', '{}'),
	(395, 'user_ears', '29640f7e206fb2458ebd7112b89bd4fb790b383b', '{}'),
	(396, 'user_glasses', '29640f7e206fb2458ebd7112b89bd4fb790b383b', '{}'),
	(397, 'property', '29640f7e206fb2458ebd7112b89bd4fb790b383b', '{}'),
	(398, 'user_mask', '3c0c176509cba3f3ec8e306ef50640ac1dd51e7e', '{}'),
	(399, 'user_glasses', '3c0c176509cba3f3ec8e306ef50640ac1dd51e7e', '{"skin":{"glasses_2":0,"glasses_1":3},"hasGlasses":true}'),
	(400, 'user_helmet', '3c0c176509cba3f3ec8e306ef50640ac1dd51e7e', '{"hasHelmet":true,"skin":{"helmet_1":55,"helmet_2":25}}'),
	(401, 'user_ears', '3c0c176509cba3f3ec8e306ef50640ac1dd51e7e', '{}'),
	(402, 'property', '3c0c176509cba3f3ec8e306ef50640ac1dd51e7e', '{"dressing":[{"skin":{"sun_2":0,"mom":21,"nose_1":0,"shoes_2":0,"nose_3":0,"pants_2":1,"age_1":0,"complexion_2":0,"arms_2":0,"eyebrows_5":0,"complexion_1":0,"chin_4":0,"chest_1":0,"bracelets_1":-1,"beard_2":0,"beard_4":0,"chain_2":0,"lipstick_2":0,"eye_squint":0,"cheeks_2":0,"moles_2":0,"skin_md_weight":50,"chin_1":0,"mask_1":0,"eyebrows_2":0,"cheeks_3":0,"makeup_1":0,"dad":0,"hair_color_1":0,"eyebrows_1":0,"blush_1":0,"lipstick_4":0,"hair_2":0,"jaw_2":0,"blemishes_2":0,"bodyb_1":-1,"pants_1":0,"bodyb_4":0,"beard_3":0,"shoes_1":7,"moles_1":0,"bproof_1":0,"helmet_2":2,"makeup_4":0,"watches_2":0,"neck_thickness":0,"blush_2":0,"jaw_1":0,"hair_color_2":0,"eyebrows_3":0,"decals_2":0,"blush_3":0,"chin_3":0,"glasses_1":3,"beard_1":0,"bproof_2":0,"decals_1":0,"tshirt_1":15,"lipstick_1":0,"ears_1":0,"chain_1":0,"sex":0,"makeup_2":0,"watches_1":-1,"bodyb_2":0,"nose_5":0,"chest_2":0,"mask_2":0,"eyebrows_4":0,"nose_6":0,"glasses_2":0,"eye_color":0,"bags_2":0,"torso_1":118,"lip_thickness":0,"torso_2":1,"cheeks_1":0,"sun_1":0,"blemishes_1":0,"nose_4":0,"bags_1":0,"bodyb_3":-1,"age_2":0,"chest_3":0,"eyebrows_6":0,"nose_2":0,"lipstick_3":0,"face_md_weight":50,"hair_1":0,"ears_2":0,"helmet_1":58,"bracelets_2":0,"tshirt_2":0,"arms":14,"chin_2":0,"makeup_3":0},"label":"محمد المراقب"},{"skin":{"sun_2":0,"mom":21,"nose_1":0,"beard_3":0,"nose_3":0,"pants_2":0,"tshirt_1":15,"complexion_2":0,"arms_2":0,"eyebrows_5":0,"complexion_1":0,"chin_4":0,"chest_3":0,"bracelets_1":-1,"beard_2":0,"bodyb_3":-1,"chain_2":0,"lipstick_2":0,"eye_squint":0,"cheeks_2":0,"moles_2":0,"skin_md_weight":50,"chin_1":0,"mask_1":0,"eyebrows_2":0,"cheeks_3":0,"makeup_1":0,"dad":0,"hair_color_1":0,"eyebrows_1":0,"blush_1":0,"lipstick_4":0,"hair_2":0,"jaw_2":0,"blemishes_2":0,"bodyb_1":-1,"pants_1":0,"torso_1":118,"beard_4":0,"chin_3":0,"moles_1":0,"bproof_1":0,"helmet_2":25,"sun_1":0,"watches_2":0,"shoes_1":7,"ears_1":0,"jaw_1":0,"hair_color_2":0,"bags_1":0,"decals_2":0,"blush_3":0,"eyebrows_3":0,"glasses_1":3,"beard_1":0,"bproof_2":0,"decals_1":0,"neck_thickness":0,"lipstick_1":0,"blush_2":0,"chain_1":0,"sex":0,"makeup_2":0,"helmet_1":55,"age_1":0,"watches_1":-1,"mask_2":0,"bodyb_2":0,"chest_2":0,"glasses_2":0,"makeup_4":0,"nose_5":0,"bags_2":0,"nose_6":0,"lip_thickness":0,"torso_2":1,"bodyb_4":0,"cheeks_1":0,"blemishes_1":0,"nose_4":0,"chest_1":0,"eyebrows_4":0,"age_2":0,"tshirt_2":0,"eyebrows_6":0,"nose_2":0,"lipstick_3":0,"face_md_weight":50,"hair_1":0,"chin_2":0,"ears_2":0,"bracelets_2":0,"eye_color":0,"arms":14,"shoes_2":0,"makeup_3":0},"label":"لبس الرقابة"},{"skin":{"shoes_1":8,"mom":21,"nose_1":0,"beard_3":0,"nose_3":0,"pants_2":7,"tshirt_1":56,"complexion_2":0,"arms_2":0,"eyebrows_5":0,"complexion_1":0,"chin_4":0,"chest_3":0,"bracelets_1":-1,"beard_2":0,"beard_4":0,"cheeks_1":0,"lipstick_2":0,"eye_squint":0,"cheeks_2":0,"moles_2":0,"skin_md_weight":50,"chin_1":0,"mask_1":0,"eyebrows_2":0,"cheeks_3":0,"makeup_1":0,"dad":0,"hair_color_1":0,"eyebrows_1":0,"blush_1":0,"lipstick_4":0,"hair_2":0,"jaw_2":0,"blemishes_2":0,"bodyb_1":-1,"pants_1":12,"helmet_1":58,"eyebrows_3":0,"shoes_2":0,"moles_1":0,"chest_2":0,"helmet_2":2,"sun_1":0,"watches_2":0,"beard_1":0,"bproof_1":0,"jaw_1":0,"hair_color_2":0,"chest_1":0,"blush_2":0,"chin_3":0,"ears_2":0,"glasses_1":3,"face_md_weight":50,"bproof_2":0,"decals_1":0,"chin_2":0,"lipstick_1":0,"chain_1":0,"torso_1":26,"sex":0,"makeup_2":0,"neck_thickness":0,"sun_2":0,"watches_1":-1,"bodyb_2":0,"age_1":0,"decals_2":0,"nose_5":0,"makeup_4":0,"eye_color":0,"bags_2":0,"nose_6":0,"lip_thickness":0,"torso_2":0,"bags_1":0,"bodyb_4":0,"blemishes_1":0,"nose_4":0,"glasses_2":0,"ears_1":-1,"mask_2":0,"eyebrows_4":0,"eyebrows_6":0,"nose_2":0,"lipstick_3":0,"tshirt_2":0,"hair_1":0,"age_2":0,"bodyb_3":-1,"bracelets_2":0,"chain_2":0,"arms":11,"blush_3":0,"makeup_3":0},"label":"اللبس"}]}'),
	(403, 'user_helmet', '627c658f1149b39be1b58fa6cc3b8546d4cd646b', '{}'),
	(404, 'user_glasses', '627c658f1149b39be1b58fa6cc3b8546d4cd646b', '{}'),
	(405, 'user_ears', '627c658f1149b39be1b58fa6cc3b8546d4cd646b', '{}'),
	(406, 'property', '627c658f1149b39be1b58fa6cc3b8546d4cd646b', '{"dressing":[{"label":"1","skin":{"eye_squint":0,"eyebrows_3":0,"sun_2":0,"makeup_1":0,"chest_1":0,"bags_2":0,"hair_2":1,"nose_1":0,"beard_2":0,"mask_2":0,"torso_1":82,"hair_color_2":0,"makeup_3":0,"makeup_2":0,"bodyb_3":-1,"eyebrows_5":0,"ears_1":-1,"bags_1":0,"dad":0,"cheeks_3":0,"beard_4":0,"beard_3":0,"blush_3":0,"torso_2":0,"watches_1":-1,"bodyb_1":-1,"chin_3":0,"complexion_2":0,"bracelets_1":-1,"glasses_1":5,"chin_2":0,"bproof_1":0,"glasses_2":4,"shoes_1":34,"jaw_2":0,"age_2":0,"nose_4":0,"chin_1":0,"jaw_1":0,"blush_2":0,"bodyb_4":0,"arms_2":0,"bodyb_2":0,"pants_1":12,"blemishes_2":0,"nose_3":0,"moles_1":0,"arms":26,"mask_1":0,"chest_3":0,"hair_1":0,"eyebrows_1":0,"lipstick_2":0,"beard_1":0,"tshirt_1":15,"nose_6":0,"eyebrows_2":0,"lipstick_4":0,"decals_2":0,"chain_1":0,"lip_thickness":0,"nose_5":0,"watches_2":0,"complexion_1":0,"bproof_2":0,"face_md_weight":50,"decals_1":0,"blush_1":0,"eye_color":0,"chin_4":0,"nose_2":0,"pants_2":0,"bracelets_2":0,"sun_1":0,"helmet_1":84,"neck_thickness":0,"skin_md_weight":50,"makeup_4":0,"cheeks_2":0,"hair_color_1":0,"sex":0,"tshirt_2":0,"cheeks_1":0,"eyebrows_4":0,"mom":38,"lipstick_1":0,"ears_2":0,"age_1":0,"lipstick_3":0,"chain_2":0,"moles_2":0,"shoes_2":0,"eyebrows_6":0,"blemishes_1":0,"chest_2":0,"helmet_2":0}}]}'),
	(407, 'user_mask', '627c658f1149b39be1b58fa6cc3b8546d4cd646b', '{}'),
	(408, 'user_ears', '7667025154b054fdb828983136c9185b98df48ee', '{}'),
	(409, 'user_glasses', '7667025154b054fdb828983136c9185b98df48ee', '{}'),
	(410, 'property', '7667025154b054fdb828983136c9185b98df48ee', '{"dressing":[{"label":"[","skin":{"eye_squint":0,"eyebrows_3":0,"sun_2":0,"makeup_1":0,"chest_1":0,"bags_2":1,"hair_2":0,"nose_1":0,"tshirt_2":0,"mask_2":0,"torso_1":190,"hair_color_2":0,"makeup_3":0,"makeup_2":0,"bodyb_3":-1,"eyebrows_5":0,"ears_1":2,"bags_1":52,"dad":0,"cheeks_3":0,"beard_4":0,"beard_3":0,"blush_3":0,"torso_2":15,"watches_1":-1,"bodyb_1":-1,"chin_3":0,"complexion_2":0,"bracelets_1":-1,"glasses_1":0,"chin_2":0,"bproof_1":11,"glasses_2":0,"shoes_1":25,"jaw_2":0,"bracelets_2":0,"nose_2":0,"chin_1":0,"jaw_1":0,"blush_2":0,"bodyb_4":0,"arms_2":0,"bodyb_2":0,"nose_4":0,"beard_1":0,"chest_3":0,"moles_1":0,"arms":41,"mask_1":0,"pants_1":33,"hair_1":0,"eyebrows_1":0,"age_2":0,"lipstick_2":0,"tshirt_1":53,"nose_6":0,"eyebrows_2":0,"lipstick_4":0,"decals_2":0,"chain_1":8,"lip_thickness":0,"nose_5":0,"watches_2":0,"complexion_1":0,"bproof_2":1,"face_md_weight":50,"age_1":0,"sex":0,"eye_color":0,"blemishes_2":0,"decals_1":0,"chin_4":0,"pants_2":0,"helmet_2":0,"blush_1":0,"neck_thickness":0,"cheeks_1":0,"makeup_4":0,"chain_2":0,"hair_color_1":0,"helmet_1":28,"beard_2":0,"nose_3":0,"cheeks_2":0,"skin_md_weight":50,"lipstick_1":0,"ears_2":0,"mom":21,"eyebrows_4":0,"sun_1":0,"moles_2":0,"shoes_2":0,"eyebrows_6":0,"blemishes_1":0,"chest_2":0,"lipstick_3":0}}]}'),
	(411, 'user_mask', '7667025154b054fdb828983136c9185b98df48ee', '{}'),
	(412, 'user_helmet', '7667025154b054fdb828983136c9185b98df48ee', '{}'),
	(413, 'user_mask', '074793f6066694bd277aaef55ee6e9d58e1e09ae', '{}'),
	(414, 'user_helmet', '074793f6066694bd277aaef55ee6e9d58e1e09ae', '{}'),
	(415, 'user_glasses', '074793f6066694bd277aaef55ee6e9d58e1e09ae', '{}'),
	(416, 'user_ears', '074793f6066694bd277aaef55ee6e9d58e1e09ae', '{}'),
	(417, 'property', '074793f6066694bd277aaef55ee6e9d58e1e09ae', '{}'),
	(418, 'property', 'a59caa3bd2df3cc3808fc9611109e4e3f2088e60', '{}'),
	(419, 'user_mask', 'b851b5a0a26c7e5b53666ff24e690a88faf84f67', '{}'),
	(420, 'user_helmet', 'b851b5a0a26c7e5b53666ff24e690a88faf84f67', '{}'),
	(421, 'user_glasses', 'b851b5a0a26c7e5b53666ff24e690a88faf84f67', '{}'),
	(422, 'user_ears', 'b851b5a0a26c7e5b53666ff24e690a88faf84f67', '{}'),
	(423, 'property', 'b851b5a0a26c7e5b53666ff24e690a88faf84f67', '{}'),
	(424, 'user_mask', '3681346c6849e982d1b796d5ac54cacf293dad93', '{}'),
	(425, 'user_helmet', '3681346c6849e982d1b796d5ac54cacf293dad93', '{}'),
	(426, 'user_glasses', '3681346c6849e982d1b796d5ac54cacf293dad93', '{}'),
	(427, 'user_ears', '3681346c6849e982d1b796d5ac54cacf293dad93', '{}'),
	(428, 'property', '3681346c6849e982d1b796d5ac54cacf293dad93', '{}'),
	(429, 'user_mask', '64e07d87188925c0720212a99b80f1b73b15104b', '{}'),
	(430, 'user_helmet', '64e07d87188925c0720212a99b80f1b73b15104b', '{}'),
	(431, 'user_glasses', '64e07d87188925c0720212a99b80f1b73b15104b', '{}'),
	(432, 'user_ears', '64e07d87188925c0720212a99b80f1b73b15104b', '{}'),
	(433, 'property', '64e07d87188925c0720212a99b80f1b73b15104b', '{}'),
	(434, 'user_glasses', 'f61f0217978276e9a3da3e1ab0490d5312e0919e', '{}'),
	(435, 'user_helmet', 'f61f0217978276e9a3da3e1ab0490d5312e0919e', '{}'),
	(436, 'user_ears', 'f61f0217978276e9a3da3e1ab0490d5312e0919e', '{}'),
	(437, 'property', 'f61f0217978276e9a3da3e1ab0490d5312e0919e', '{}'),
	(438, 'user_mask', 'f61f0217978276e9a3da3e1ab0490d5312e0919e', '{}'),
	(439, 'property', 'b4df63fd2a085b186a019e24ef6bae54ab5b3e91', '{}'),
	(440, 'user_mask', 'd9b3e5f405508be992c296c524dabec7b6743053', '{}'),
	(441, 'user_helmet', 'd9b3e5f405508be992c296c524dabec7b6743053', '{}'),
	(442, 'user_glasses', 'd9b3e5f405508be992c296c524dabec7b6743053', '{}'),
	(443, 'user_ears', 'd9b3e5f405508be992c296c524dabec7b6743053', '{}'),
	(444, 'property', 'd9b3e5f405508be992c296c524dabec7b6743053', '{}'),
	(445, 'user_mask', 'fdf7b48abad3f469ae11f63d6536961c09d69cd4', '{}'),
	(446, 'user_helmet', 'fdf7b48abad3f469ae11f63d6536961c09d69cd4', '{}'),
	(447, 'user_glasses', 'fdf7b48abad3f469ae11f63d6536961c09d69cd4', '{}'),
	(448, 'user_ears', 'fdf7b48abad3f469ae11f63d6536961c09d69cd4', '{}'),
	(449, 'property', 'fdf7b48abad3f469ae11f63d6536961c09d69cd4', '{}'),
	(450, 'user_ears', '5ec697daed41a7d9c96948c906ffae25d3605bb3', '{}'),
	(451, 'property', '5ec697daed41a7d9c96948c906ffae25d3605bb3', '{}'),
	(452, 'user_mask', '5ec697daed41a7d9c96948c906ffae25d3605bb3', '{}'),
	(453, 'user_helmet', '5ec697daed41a7d9c96948c906ffae25d3605bb3', '{}'),
	(454, 'user_glasses', '5ec697daed41a7d9c96948c906ffae25d3605bb3', '{}'),
	(455, 'user_helmet', '8fc0880684853be315495099008492b0989da41f', '{}'),
	(456, 'user_mask', '8fc0880684853be315495099008492b0989da41f', '{}'),
	(457, 'user_glasses', '8fc0880684853be315495099008492b0989da41f', '{}'),
	(458, 'user_ears', '8fc0880684853be315495099008492b0989da41f', '{}'),
	(459, 'property', '8fc0880684853be315495099008492b0989da41f', '{}'),
	(460, 'user_mask', 'c05d37a8283876bb8d4045ee21eb4020c9d190d5', '{}'),
	(461, 'user_helmet', 'c05d37a8283876bb8d4045ee21eb4020c9d190d5', '{}'),
	(462, 'user_glasses', 'c05d37a8283876bb8d4045ee21eb4020c9d190d5', '{}'),
	(463, 'user_ears', 'c05d37a8283876bb8d4045ee21eb4020c9d190d5', '{}'),
	(464, 'property', 'c05d37a8283876bb8d4045ee21eb4020c9d190d5', '{}'),
	(465, 'user_glasses', '93fc2ce5d75d25b9f686d8554e59af217d807c55', '{}'),
	(466, 'user_ears', '93fc2ce5d75d25b9f686d8554e59af217d807c55', '{}'),
	(467, 'property', '93fc2ce5d75d25b9f686d8554e59af217d807c55', '{}'),
	(468, 'user_mask', '93fc2ce5d75d25b9f686d8554e59af217d807c55', '{}'),
	(469, 'user_helmet', '93fc2ce5d75d25b9f686d8554e59af217d807c55', '{}'),
	(470, 'user_mask', 'c86f86564994f407118ab485c3778cb9c749a1a5', '{}'),
	(471, 'user_helmet', 'c86f86564994f407118ab485c3778cb9c749a1a5', '{}'),
	(472, 'user_glasses', 'c86f86564994f407118ab485c3778cb9c749a1a5', '{}'),
	(473, 'user_ears', 'c86f86564994f407118ab485c3778cb9c749a1a5', '{}'),
	(474, 'property', 'c86f86564994f407118ab485c3778cb9c749a1a5', '{}'),
	(475, 'user_ears', '06b60d51205ab7ac068629c827e700e92bc93dac', '{}'),
	(476, 'user_glasses', '06b60d51205ab7ac068629c827e700e92bc93dac', '{}'),
	(477, 'user_helmet', '06b60d51205ab7ac068629c827e700e92bc93dac', '{}'),
	(478, 'user_mask', '06b60d51205ab7ac068629c827e700e92bc93dac', '{}'),
	(479, 'property', '06b60d51205ab7ac068629c827e700e92bc93dac', '{}'),
	(480, 'user_ears', '688af3a7b6691e2ff8dbad30aba842a0375263d7', '{}'),
	(481, 'property', '688af3a7b6691e2ff8dbad30aba842a0375263d7', '{}'),
	(482, 'user_mask', '688af3a7b6691e2ff8dbad30aba842a0375263d7', '{}'),
	(483, 'user_helmet', '688af3a7b6691e2ff8dbad30aba842a0375263d7', '{}'),
	(484, 'user_glasses', '688af3a7b6691e2ff8dbad30aba842a0375263d7', '{}'),
	(485, 'user_mask', '06a7bfbd6c9314c0c9171b109879123d295b57d3', '{}'),
	(486, 'user_helmet', '06a7bfbd6c9314c0c9171b109879123d295b57d3', '{}'),
	(487, 'user_glasses', '06a7bfbd6c9314c0c9171b109879123d295b57d3', '{}'),
	(488, 'user_ears', '06a7bfbd6c9314c0c9171b109879123d295b57d3', '{}'),
	(489, 'property', '06a7bfbd6c9314c0c9171b109879123d295b57d3', '{}'),
	(490, 'property', 'abd28bf1d8de7178f99ec9c16a4f48a9076cb0fd', '{}'),
	(491, 'user_mask', 'abd28bf1d8de7178f99ec9c16a4f48a9076cb0fd', '{}'),
	(492, 'user_helmet', 'abd28bf1d8de7178f99ec9c16a4f48a9076cb0fd', '{}'),
	(493, 'user_glasses', 'abd28bf1d8de7178f99ec9c16a4f48a9076cb0fd', '{}'),
	(494, 'user_ears', 'abd28bf1d8de7178f99ec9c16a4f48a9076cb0fd', '{}'),
	(495, 'property', '859bc40304a301f031750003f2f2df9ca6805d29', '{}'),
	(496, 'user_glasses', '859bc40304a301f031750003f2f2df9ca6805d29', '{}'),
	(497, 'user_ears', '859bc40304a301f031750003f2f2df9ca6805d29', '{}'),
	(498, 'user_helmet', '859bc40304a301f031750003f2f2df9ca6805d29', '{}'),
	(499, 'user_mask', '859bc40304a301f031750003f2f2df9ca6805d29', '{}'),
	(500, 'user_ears', '912cee7e8d1c9ae825f7d1b0968886e979bfe2ce', '{}'),
	(501, 'property', '912cee7e8d1c9ae825f7d1b0968886e979bfe2ce', '{}'),
	(502, 'user_mask', '912cee7e8d1c9ae825f7d1b0968886e979bfe2ce', '{}'),
	(503, 'user_helmet', '912cee7e8d1c9ae825f7d1b0968886e979bfe2ce', '{}'),
	(504, 'user_glasses', '912cee7e8d1c9ae825f7d1b0968886e979bfe2ce', '{}'),
	(505, 'property', '2ee7c58b8ae8907b2c6d13578b7228d3e7aca9bb', '{}'),
	(506, 'user_ears', '2ee7c58b8ae8907b2c6d13578b7228d3e7aca9bb', '{}'),
	(507, 'user_glasses', '2ee7c58b8ae8907b2c6d13578b7228d3e7aca9bb', '{}'),
	(508, 'user_helmet', '2ee7c58b8ae8907b2c6d13578b7228d3e7aca9bb', '{}'),
	(509, 'user_mask', '2ee7c58b8ae8907b2c6d13578b7228d3e7aca9bb', '{}'),
	(510, 'property', '4e8ff6ccdfa6fe0bacb0a17f30cff2233790febe', '{"dressing":[{"label":"1","skin":{"bracelets_2":0,"chest_2":0,"eyebrows_2":10,"helmet_1":106,"glasses_2":0,"mask_2":0,"bags_2":1,"mask_1":0,"beard_2":10,"nose_2":2,"hair_1":4,"shoes_2":0,"eyebrows_4":1,"sun_1":4,"ears_1":-1,"chin_2":0,"face_md_weight":72,"glasses_1":2,"moles_2":0,"chin_1":10,"makeup_3":-1,"tshirt_1":105,"watches_2":0,"beard_3":28,"lipstick_1":0,"pants_1":59,"age_1":0,"moles_1":0,"chain_2":0,"lipstick_2":0,"complexion_2":0,"torso_2":12,"decals_1":0,"blemishes_1":10,"chin_3":0,"cheeks_2":3,"arms_2":0,"eyebrows_3":11,"hair_color_1":29,"nose_1":4,"bodyb_4":0,"nose_6":10,"chain_1":0,"complexion_1":0,"bproof_2":0,"chin_4":3,"blush_3":0,"bproof_1":0,"cheeks_1":10,"makeup_4":0,"hair_color_2":3,"hair_2":4,"cheeks_3":10,"chest_3":3,"makeup_1":0,"lipstick_4":0,"eye_color":0,"age_2":27,"tshirt_2":0,"makeup_2":0,"bracelets_1":-1,"sun_2":0,"shoes_1":27,"lip_thickness":0,"nose_3":10,"torso_1":190,"bags_1":52,"skin_md_weight":100,"beard_1":18,"bodyb_3":1,"nose_4":0,"blemishes_2":5,"dad":9,"eyebrows_1":9,"eyebrows_5":1,"chest_1":0,"nose_5":10,"jaw_2":0,"beard_4":0,"mom":21,"watches_1":-1,"eyebrows_6":3,"decals_2":0,"blush_1":0,"ears_2":0,"arms":0,"lipstick_3":0,"bodyb_1":0,"jaw_1":0,"neck_thickness":0,"sex":0,"helmet_2":20,"eye_squint":0,"blush_2":0,"pants_2":0,"bodyb_2":0}}]}'),
	(511, 'user_glasses', '4e8ff6ccdfa6fe0bacb0a17f30cff2233790febe', '{}'),
	(512, 'user_helmet', '4e8ff6ccdfa6fe0bacb0a17f30cff2233790febe', '{}'),
	(513, 'user_ears', '4e8ff6ccdfa6fe0bacb0a17f30cff2233790febe', '{}'),
	(514, 'user_mask', '4e8ff6ccdfa6fe0bacb0a17f30cff2233790febe', '{"hasMask":true,"skin":{"mask_1":121,"mask_2":0}}'),
	(515, 'property', '03e3bab44e5f6f6d5d6b784a24e323f223ea9028', '{"weapons":[]}'),
	(516, 'user_mask', '03e3bab44e5f6f6d5d6b784a24e323f223ea9028', '{}'),
	(517, 'user_ears', '03e3bab44e5f6f6d5d6b784a24e323f223ea9028', '{}'),
	(518, 'user_glasses', '03e3bab44e5f6f6d5d6b784a24e323f223ea9028', '{}'),
	(519, 'user_helmet', '03e3bab44e5f6f6d5d6b784a24e323f223ea9028', '{}'),
	(520, 'user_mask', 'a7c48b7ea9bc3a69cde74d3d51e109045d1b8288', '{}'),
	(521, 'user_glasses', 'a7c48b7ea9bc3a69cde74d3d51e109045d1b8288', '{}'),
	(522, 'user_helmet', 'a7c48b7ea9bc3a69cde74d3d51e109045d1b8288', '{}'),
	(523, 'user_ears', 'a7c48b7ea9bc3a69cde74d3d51e109045d1b8288', '{}'),
	(524, 'property', 'a7c48b7ea9bc3a69cde74d3d51e109045d1b8288', '{}'),
	(525, 'user_helmet', '9abfa8eb63918d9973f56a99a7a387bdf0a19756', '{}'),
	(526, 'user_mask', '9abfa8eb63918d9973f56a99a7a387bdf0a19756', '{}'),
	(527, 'property', '9abfa8eb63918d9973f56a99a7a387bdf0a19756', '{}'),
	(528, 'user_ears', '9abfa8eb63918d9973f56a99a7a387bdf0a19756', '{}'),
	(529, 'user_glasses', '9abfa8eb63918d9973f56a99a7a387bdf0a19756', '{}'),
	(530, 'user_mask', 'd00de408834e034ba3b4dbc4745143223f752678', '{}'),
	(531, 'property', 'd00de408834e034ba3b4dbc4745143223f752678', '{"dressing":[{"skin":{"bproof_1":0,"pants_2":0,"bodyb_1":-1,"chain_2":0,"watches_1":-1,"ears_1":-1,"makeup_4":0,"beard_3":0,"makeup_1":0,"lipstick_1":0,"shoes_1":3,"torso_2":0,"chest_1":0,"mom":21,"bproof_2":0,"moles_2":0,"lipstick_2":0,"sex":0,"eyebrows_5":0,"arms_2":0,"ears_2":0,"eyebrows_6":0,"makeup_3":0,"watches_2":0,"moles_1":0,"blush_3":0,"nose_3":0,"bags_2":0,"chin_2":0,"hair_1":10,"torso_1":56,"chin_1":0,"makeup_2":0,"chin_4":0,"chain_1":0,"bodyb_2":0,"blemishes_1":0,"beard_2":0,"helmet_2":0,"cheeks_3":0,"eyebrows_3":0,"decals_1":0,"bags_1":0,"bodyb_4":0,"nose_4":0,"nose_5":0,"hair_color_1":0,"lip_thickness":0,"eyebrows_2":0,"chest_3":0,"jaw_2":0,"mask_2":0,"sun_2":0,"beard_4":0,"arms":15,"sun_1":0,"eye_color":0,"cheeks_2":0,"bodyb_3":-1,"lipstick_3":0,"skin_md_weight":50,"pants_1":90,"age_2":0,"eye_squint":0,"hair_2":0,"complexion_1":0,"lipstick_4":0,"bracelets_2":0,"tshirt_1":11,"blush_1":0,"glasses_2":0,"chest_2":0,"neck_thickness":0,"eyebrows_1":0,"dad":37,"eyebrows_4":0,"bracelets_1":-1,"decals_2":0,"face_md_weight":50,"nose_1":0,"mask_1":0,"hair_color_2":0,"complexion_2":0,"chin_3":0,"glasses_1":5,"jaw_1":0,"cheeks_1":0,"blush_2":0,"shoes_2":0,"helmet_1":-1,"tshirt_2":0,"blemishes_2":0,"age_1":0,"nose_6":0,"nose_2":0,"beard_1":0},"label":"1"},{"skin":{"bproof_1":0,"pants_2":12,"bodyb_1":-1,"chain_2":0,"watches_1":-1,"ears_1":-1,"makeup_4":0,"beard_3":0,"makeup_1":0,"lipstick_1":0,"shoes_1":14,"torso_2":0,"chest_1":0,"mom":21,"bproof_2":0,"moles_2":0,"lipstick_2":0,"sex":0,"eyebrows_5":0,"arms_2":0,"ears_2":0,"eyebrows_6":0,"makeup_3":0,"watches_2":0,"moles_1":0,"blush_3":0,"complexion_2":0,"bags_2":0,"chin_2":0,"hair_1":10,"torso_1":64,"chin_1":0,"makeup_2":0,"chin_4":0,"chain_1":0,"bodyb_2":0,"blemishes_1":0,"beard_2":0,"beard_4":0,"cheeks_3":0,"eyebrows_3":0,"shoes_2":0,"bags_1":0,"bodyb_4":0,"jaw_2":0,"nose_5":0,"hair_color_1":0,"blush_2":0,"eyebrows_2":0,"chest_3":0,"lip_thickness":0,"mask_2":0,"sun_2":0,"cheeks_2":0,"arms":15,"sun_1":0,"eye_color":0,"age_2":0,"bodyb_3":-1,"lipstick_3":0,"skin_md_weight":50,"pants_1":86,"hair_2":0,"eye_squint":0,"tshirt_1":0,"complexion_1":0,"lipstick_4":0,"neck_thickness":0,"nose_1":0,"blush_1":0,"glasses_2":0,"chest_2":0,"helmet_2":0,"eyebrows_1":0,"dad":37,"eyebrows_4":0,"bracelets_1":-1,"decals_2":0,"face_md_weight":50,"hair_color_2":0,"mask_1":0,"decals_1":0,"nose_4":0,"chin_3":0,"glasses_1":5,"jaw_1":0,"cheeks_1":0,"helmet_1":-1,"age_1":0,"nose_6":0,"tshirt_2":2,"blemishes_2":0,"bracelets_2":0,"beard_1":0,"nose_2":0,"nose_3":0},"label":"1"},{"skin":{"bproof_1":0,"pants_2":12,"bodyb_1":-1,"chain_2":0,"watches_1":-1,"ears_1":-1,"makeup_4":0,"beard_3":0,"makeup_1":0,"lipstick_1":0,"shoes_1":14,"torso_2":0,"chest_1":0,"mom":21,"bproof_2":0,"moles_2":0,"lipstick_2":0,"sex":0,"eyebrows_5":0,"arms_2":0,"ears_2":0,"eyebrows_6":0,"makeup_3":0,"watches_2":0,"moles_1":0,"blush_3":0,"complexion_2":0,"bags_2":0,"chin_2":0,"hair_1":10,"torso_1":64,"chin_1":0,"makeup_2":0,"chin_4":0,"chain_1":0,"bodyb_2":0,"blemishes_1":0,"jaw_2":0,"tshirt_1":0,"cheeks_3":0,"eyebrows_3":0,"decals_1":0,"bags_1":0,"bodyb_4":0,"shoes_2":0,"nose_5":0,"hair_color_1":0,"lip_thickness":0,"eyebrows_2":0,"chest_3":0,"helmet_2":0,"mask_2":0,"sun_2":0,"beard_4":0,"arms":14,"sun_1":0,"eye_color":0,"cheeks_2":0,"bodyb_3":-1,"lipstick_3":0,"skin_md_weight":50,"pants_1":86,"nose_1":0,"eye_squint":0,"hair_2":0,"complexion_1":0,"lipstick_4":0,"neck_thickness":0,"age_2":0,"blush_1":0,"glasses_2":0,"chest_2":0,"beard_2":0,"eyebrows_1":0,"dad":37,"eyebrows_4":0,"bracelets_1":-1,"decals_2":0,"face_md_weight":50,"hair_color_2":0,"mask_1":0,"nose_4":0,"blush_2":0,"chin_3":0,"glasses_1":5,"jaw_1":0,"cheeks_1":0,"helmet_1":-1,"age_1":0,"nose_6":0,"tshirt_2":2,"blemishes_2":0,"nose_3":0,"bracelets_2":0,"nose_2":0,"beard_1":0},"label":"1"},{"label":"رقابة","skin":{"bproof_1":0,"pants_2":6,"helmet_2":9,"chain_2":0,"watches_1":-1,"ears_1":0,"makeup_4":0,"beard_3":0,"makeup_1":0,"beard_4":0,"shoes_1":7,"torso_2":2,"chest_1":0,"helmet_1":63,"bproof_2":0,"moles_2":0,"lipstick_2":0,"sex":0,"eyebrows_5":0,"arms_2":0,"ears_2":0,"eyebrows_6":0,"makeup_3":0,"watches_2":0,"moles_1":0,"blush_3":0,"complexion_2":0,"bags_2":0,"chin_2":0,"hair_1":10,"torso_1":118,"chin_1":0,"makeup_2":0,"chin_4":0,"chain_1":0,"bodyb_2":0,"blemishes_1":0,"beard_2":0,"jaw_2":0,"lipstick_1":0,"eyebrows_3":0,"decals_1":0,"cheeks_3":0,"bodyb_4":0,"bags_1":0,"nose_5":0,"hair_color_1":0,"lip_thickness":0,"eyebrows_2":0,"hair_color_2":0,"chest_3":0,"mask_2":0,"sun_2":0,"nose_3":0,"shoes_2":0,"age_1":0,"eye_color":0,"arms":18,"bodyb_3":-1,"lipstick_3":0,"sun_1":0,"pants_1":7,"nose_1":0,"eye_squint":0,"skin_md_weight":50,"complexion_1":0,"lipstick_4":0,"bracelets_2":0,"age_2":0,"blush_1":0,"glasses_2":4,"hair_2":0,"cheeks_2":0,"eyebrows_1":0,"dad":37,"eyebrows_4":0,"bracelets_1":-1,"decals_2":0,"face_md_weight":50,"nose_6":0,"mask_1":0,"tshirt_1":130,"bodyb_1":-1,"chin_3":0,"glasses_1":8,"jaw_1":0,"cheeks_1":0,"nose_4":0,"blush_2":0,"mom":21,"tshirt_2":0,"blemishes_2":0,"beard_1":0,"neck_thickness":0,"nose_2":0,"chest_2":0}}],"weapons":[{"name":"WEAPON_BAT","ammo":42}]}'),
	(532, 'user_ears', 'd00de408834e034ba3b4dbc4745143223f752678', '{}'),
	(533, 'user_glasses', 'd00de408834e034ba3b4dbc4745143223f752678', '{}'),
	(534, 'user_helmet', 'd00de408834e034ba3b4dbc4745143223f752678', '{}'),
	(535, 'user_mask', 'e0085636af51d47d3151f654f82fbe1e83b82a50', '{}'),
	(536, 'user_helmet', 'e0085636af51d47d3151f654f82fbe1e83b82a50', '{}'),
	(537, 'user_glasses', 'e0085636af51d47d3151f654f82fbe1e83b82a50', '{}'),
	(538, 'user_ears', 'e0085636af51d47d3151f654f82fbe1e83b82a50', '{}'),
	(539, 'property', 'e0085636af51d47d3151f654f82fbe1e83b82a50', '{}'),
	(540, 'user_helmet', 'c483b24cc2a5999fb35c3a499e07ce82aa3700ff', '{}'),
	(541, 'user_glasses', 'c483b24cc2a5999fb35c3a499e07ce82aa3700ff', '{}'),
	(542, 'user_ears', 'c483b24cc2a5999fb35c3a499e07ce82aa3700ff', '{}'),
	(543, 'property', 'c483b24cc2a5999fb35c3a499e07ce82aa3700ff', '{}'),
	(544, 'user_mask', 'c483b24cc2a5999fb35c3a499e07ce82aa3700ff', '{}'),
	(545, 'user_helmet', '4021c3582b62c0c99422838244157c9849322be7', '{}'),
	(546, 'user_glasses', '4021c3582b62c0c99422838244157c9849322be7', '{}'),
	(547, 'user_ears', '4021c3582b62c0c99422838244157c9849322be7', '{}'),
	(548, 'property', '4021c3582b62c0c99422838244157c9849322be7', '{}'),
	(549, 'user_mask', '4021c3582b62c0c99422838244157c9849322be7', '{}'),
	(550, 'user_mask', '811a161cb106ede51ba9cb93cd6cd6f7ec9c1b03', '{}'),
	(551, 'user_helmet', '811a161cb106ede51ba9cb93cd6cd6f7ec9c1b03', '{}'),
	(552, 'user_glasses', '811a161cb106ede51ba9cb93cd6cd6f7ec9c1b03', '{}'),
	(553, 'user_ears', '811a161cb106ede51ba9cb93cd6cd6f7ec9c1b03', '{}'),
	(554, 'property', '811a161cb106ede51ba9cb93cd6cd6f7ec9c1b03', '{"dressing":[{"skin":{"sun_1":0,"decals_2":0,"beard_3":0,"shoes_2":0,"chain_1":0,"makeup_2":0,"cheeks_3":0,"skin_md_weight":0,"mom":44,"complexion_2":0,"mask_1":0,"lip_thickness":0,"bodyb_3":0,"makeup_1":0,"helmet_2":0,"torso_1":11,"beard_1":11,"chain_2":0,"blemishes_1":0,"glasses_1":5,"blemishes_2":0,"eyebrows_3":0,"complexion_1":0,"chin_4":0,"sun_2":0,"neck_thickness":0,"torso_2":1,"jaw_2":0,"nose_6":0,"hair_color_2":0,"eye_color":0,"bags_1":0,"dad":44,"lipstick_2":0,"face_md_weight":0,"moles_1":3,"sex":0,"hair_color_1":0,"hair_1":0,"eyebrows_2":10,"pants_1":59,"lipstick_4":0,"bodyb_4":0,"hair_2":0,"eyebrows_6":0,"watches_1":-1,"nose_5":0,"cheeks_1":0,"nose_3":0,"arms":0,"blush_3":0,"bags_2":0,"nose_2":0,"lipstick_3":0,"age_1":2,"nose_1":0,"beard_4":0,"bracelets_2":0,"helmet_1":-1,"tshirt_2":0,"decals_1":0,"tshirt_1":7,"blush_2":0,"bodyb_2":-1,"blush_1":0,"bproof_2":0,"chest_1":-1,"chest_2":0,"arms_2":0,"jaw_1":0,"nose_4":0,"glasses_2":5,"chin_3":0,"makeup_4":0,"lipstick_1":0,"moles_2":5,"chin_1":0,"shoes_1":24,"bproof_1":0,"bodyb_1":0,"chin_2":0,"eyebrows_5":0,"watches_2":0,"beard_2":10,"eyebrows_1":23,"chest_3":0,"ears_1":-1,"cheeks_2":0,"mask_2":0,"ears_2":0,"bracelets_1":-1,"eyebrows_4":0,"pants_2":0,"makeup_3":0,"eye_squint":0,"age_2":5},"label":"#1"},{"skin":{"bags_2":0,"decals_2":0,"beard_3":0,"shoes_2":0,"chain_1":0,"makeup_2":0,"nose_4":0,"skin_md_weight":0,"mom":44,"complexion_2":0,"mask_1":0,"lip_thickness":0,"bodyb_3":0,"decals_1":0,"helmet_2":0,"torso_1":11,"beard_1":11,"chain_2":0,"blemishes_1":0,"bodyb_1":0,"blemishes_2":0,"eyebrows_3":0,"complexion_1":0,"chin_4":0,"sun_2":0,"neck_thickness":0,"torso_2":1,"jaw_2":0,"nose_6":0,"hair_color_2":0,"eye_color":0,"lipstick_3":0,"dad":44,"lipstick_2":0,"face_md_weight":0,"moles_1":3,"sex":0,"age_2":5,"hair_1":0,"eyebrows_2":10,"pants_1":59,"lipstick_4":0,"bodyb_4":0,"hair_2":0,"eyebrows_6":0,"watches_1":-1,"nose_5":0,"cheeks_1":0,"nose_3":0,"tshirt_2":0,"bodyb_2":-1,"tshirt_1":7,"nose_2":0,"pants_2":0,"age_1":2,"chest_3":0,"beard_4":0,"bracelets_2":0,"helmet_1":-1,"arms":11,"nose_1":0,"makeup_1":0,"chest_2":0,"arms_2":0,"blush_1":0,"bproof_2":0,"makeup_4":0,"blush_3":0,"sun_1":0,"jaw_1":0,"chest_1":-1,"bags_1":0,"chin_3":0,"chin_1":0,"lipstick_1":0,"moles_2":5,"glasses_2":5,"shoes_1":24,"bproof_1":0,"blush_2":0,"chin_2":0,"cheeks_3":0,"watches_2":0,"beard_2":10,"eyebrows_5":0,"eyebrows_1":23,"ears_1":-1,"cheeks_2":0,"mask_2":0,"ears_2":0,"bracelets_1":-1,"eyebrows_4":0,"glasses_1":5,"makeup_3":0,"hair_color_1":0,"eye_squint":0},"label":"#2"}]}'),
	(555, 'user_helmet', '0fda852f9c7d16c92f92080630d00f1980fee49a', '{}'),
	(556, 'user_mask', '0fda852f9c7d16c92f92080630d00f1980fee49a', '{}'),
	(557, 'user_glasses', '0fda852f9c7d16c92f92080630d00f1980fee49a', '{}'),
	(558, 'user_ears', '0fda852f9c7d16c92f92080630d00f1980fee49a', '{}'),
	(559, 'property', '0fda852f9c7d16c92f92080630d00f1980fee49a', '{}'),
	(560, 'user_helmet', '467b691aa24a7ed8f9dedab876240c69aa6d9d10', '{}'),
	(561, 'user_ears', '467b691aa24a7ed8f9dedab876240c69aa6d9d10', '{}'),
	(562, 'user_glasses', '467b691aa24a7ed8f9dedab876240c69aa6d9d10', '{}'),
	(563, 'property', '467b691aa24a7ed8f9dedab876240c69aa6d9d10', '{}'),
	(564, 'user_mask', '467b691aa24a7ed8f9dedab876240c69aa6d9d10', '{}'),
	(565, 'user_ears', '8f9fb0d1133f545b7bec0419b1f2c58f11dc8312', '{}'),
	(566, 'user_mask', '8f9fb0d1133f545b7bec0419b1f2c58f11dc8312', '{}'),
	(567, 'property', '8f9fb0d1133f545b7bec0419b1f2c58f11dc8312', '{}'),
	(568, 'user_helmet', '8f9fb0d1133f545b7bec0419b1f2c58f11dc8312', '{}'),
	(569, 'user_glasses', '8f9fb0d1133f545b7bec0419b1f2c58f11dc8312', '{}'),
	(570, 'property', '523ed9ea413c7e3dfb99a522dba9b95ae29bcf1d', '{}'),
	(571, 'property', '32bde00d7a6286534a864890fea354a93a74ff13', '{}'),
	(572, 'user_ears', '32bde00d7a6286534a864890fea354a93a74ff13', '{}'),
	(573, 'user_helmet', '32bde00d7a6286534a864890fea354a93a74ff13', '{}'),
	(574, 'user_glasses', '32bde00d7a6286534a864890fea354a93a74ff13', '{}'),
	(575, 'user_mask', '32bde00d7a6286534a864890fea354a93a74ff13', '{}'),
	(576, 'user_mask', 'b410fa82b781e02562084fd9830f623abc24653a', '{}'),
	(577, 'user_helmet', 'b410fa82b781e02562084fd9830f623abc24653a', '{}'),
	(578, 'user_ears', 'b410fa82b781e02562084fd9830f623abc24653a', '{}'),
	(579, 'user_glasses', 'b410fa82b781e02562084fd9830f623abc24653a', '{}'),
	(580, 'property', 'b410fa82b781e02562084fd9830f623abc24653a', '{}'),
	(581, 'user_helmet', 'e8674370cf5c71cd67f10c7d59dbdc16291bb503', '{}'),
	(582, 'user_mask', 'e8674370cf5c71cd67f10c7d59dbdc16291bb503', '{}'),
	(583, 'property', 'e8674370cf5c71cd67f10c7d59dbdc16291bb503', '{}'),
	(584, 'user_ears', 'e8674370cf5c71cd67f10c7d59dbdc16291bb503', '{}'),
	(585, 'user_glasses', 'e8674370cf5c71cd67f10c7d59dbdc16291bb503', '{}'),
	(586, 'property', '858e6d50de1528521b7d9a49f7b33ef2acde19d2', '{}'),
	(587, 'user_ears', '858e6d50de1528521b7d9a49f7b33ef2acde19d2', '{}'),
	(588, 'user_glasses', '858e6d50de1528521b7d9a49f7b33ef2acde19d2', '{}'),
	(589, 'user_helmet', '858e6d50de1528521b7d9a49f7b33ef2acde19d2', '{}'),
	(590, 'user_mask', '858e6d50de1528521b7d9a49f7b33ef2acde19d2', '{}'),
	(591, 'user_mask', 'c03a0837518b263befc705e07c7f363ee4bf5d3a', '{}'),
	(592, 'property', 'c03a0837518b263befc705e07c7f363ee4bf5d3a', '{}'),
	(593, 'user_ears', 'c03a0837518b263befc705e07c7f363ee4bf5d3a', '{}'),
	(594, 'user_glasses', 'c03a0837518b263befc705e07c7f363ee4bf5d3a', '{}'),
	(595, 'user_helmet', 'c03a0837518b263befc705e07c7f363ee4bf5d3a', '{}'),
	(596, 'user_glasses', 'aaaa2408376f9465b0f22018dc0d57fb2a6f6525', '{}'),
	(597, 'user_ears', 'aaaa2408376f9465b0f22018dc0d57fb2a6f6525', '{}'),
	(598, 'property', 'aaaa2408376f9465b0f22018dc0d57fb2a6f6525', '{}'),
	(599, 'user_mask', 'aaaa2408376f9465b0f22018dc0d57fb2a6f6525', '{}'),
	(600, 'user_helmet', 'aaaa2408376f9465b0f22018dc0d57fb2a6f6525', '{}'),
	(601, 'user_helmet', '891994fe8d8492cff681c0b9a89b7785e480a43a', '{}'),
	(602, 'user_glasses', '891994fe8d8492cff681c0b9a89b7785e480a43a', '{}'),
	(603, 'user_ears', '891994fe8d8492cff681c0b9a89b7785e480a43a', '{}'),
	(604, 'property', '891994fe8d8492cff681c0b9a89b7785e480a43a', '{}'),
	(605, 'user_mask', '891994fe8d8492cff681c0b9a89b7785e480a43a', '{}'),
	(606, 'user_helmet', '7b5dbf976956e90ba4e7774e7e40b4c6c0b6004a', '{}'),
	(607, 'user_mask', '7b5dbf976956e90ba4e7774e7e40b4c6c0b6004a', '{}'),
	(608, 'user_glasses', '7b5dbf976956e90ba4e7774e7e40b4c6c0b6004a', '{}'),
	(609, 'user_ears', '7b5dbf976956e90ba4e7774e7e40b4c6c0b6004a', '{}'),
	(610, 'property', '7b5dbf976956e90ba4e7774e7e40b4c6c0b6004a', '{}'),
	(611, 'user_mask', 'c314232aad95cf1f573d5b953dad063d064c61e2', '{}'),
	(612, 'user_helmet', 'c314232aad95cf1f573d5b953dad063d064c61e2', '{}'),
	(613, 'user_glasses', 'c314232aad95cf1f573d5b953dad063d064c61e2', '{}'),
	(614, 'user_ears', 'c314232aad95cf1f573d5b953dad063d064c61e2', '{}'),
	(615, 'property', 'c314232aad95cf1f573d5b953dad063d064c61e2', '{}'),
	(616, 'user_mask', 'c10df86f2c83647b96e1f3dd26f82ef0a610f3a1', '{}'),
	(617, 'user_helmet', 'c10df86f2c83647b96e1f3dd26f82ef0a610f3a1', '{}'),
	(618, 'user_glasses', 'c10df86f2c83647b96e1f3dd26f82ef0a610f3a1', '{}'),
	(619, 'user_ears', 'c10df86f2c83647b96e1f3dd26f82ef0a610f3a1', '{}'),
	(620, 'property', 'c10df86f2c83647b96e1f3dd26f82ef0a610f3a1', '{}'),
	(621, 'user_mask', 'ecff1bf11002658d2780bdbf3ce7d3ad127b5346', '{}'),
	(622, 'user_helmet', 'ecff1bf11002658d2780bdbf3ce7d3ad127b5346', '{}'),
	(623, 'user_glasses', 'ecff1bf11002658d2780bdbf3ce7d3ad127b5346', '{}'),
	(624, 'user_ears', 'ecff1bf11002658d2780bdbf3ce7d3ad127b5346', '{}'),
	(625, 'property', 'ecff1bf11002658d2780bdbf3ce7d3ad127b5346', '{}'),
	(626, 'user_mask', '5f0970c0fcea0729ee10403316bdc6ae8cbae7e8', '{}'),
	(627, 'user_helmet', '5f0970c0fcea0729ee10403316bdc6ae8cbae7e8', '{}'),
	(628, 'user_glasses', '5f0970c0fcea0729ee10403316bdc6ae8cbae7e8', '{}'),
	(629, 'user_ears', '5f0970c0fcea0729ee10403316bdc6ae8cbae7e8', '{}'),
	(630, 'property', '5f0970c0fcea0729ee10403316bdc6ae8cbae7e8', '{}'),
	(631, 'user_mask', 'fbf5240ebff495b22ac6b63ca8f3f375dd364c3c', '{}'),
	(632, 'user_helmet', 'fbf5240ebff495b22ac6b63ca8f3f375dd364c3c', '{}'),
	(633, 'user_glasses', 'fbf5240ebff495b22ac6b63ca8f3f375dd364c3c', '{}'),
	(634, 'user_ears', 'fbf5240ebff495b22ac6b63ca8f3f375dd364c3c', '{}'),
	(635, 'property', 'fbf5240ebff495b22ac6b63ca8f3f375dd364c3c', '{}'),
	(636, 'user_mask', '97a133d64abe19e629c884e85484ba0ec4342e83', '{}'),
	(637, 'user_helmet', '97a133d64abe19e629c884e85484ba0ec4342e83', '{}'),
	(638, 'user_glasses', '97a133d64abe19e629c884e85484ba0ec4342e83', '{}'),
	(639, 'user_ears', '97a133d64abe19e629c884e85484ba0ec4342e83', '{}'),
	(640, 'property', '97a133d64abe19e629c884e85484ba0ec4342e83', '{}'),
	(641, 'user_mask', '20284d38db88250e85147bf8b2ca9f60a8198625', '{}'),
	(642, 'user_helmet', '20284d38db88250e85147bf8b2ca9f60a8198625', '{}'),
	(643, 'user_glasses', '20284d38db88250e85147bf8b2ca9f60a8198625', '{}'),
	(644, 'user_ears', '20284d38db88250e85147bf8b2ca9f60a8198625', '{}'),
	(645, 'property', '20284d38db88250e85147bf8b2ca9f60a8198625', '{}'),
	(646, 'user_mask', 'c035a0f81ea1705dd4df1f9acd0ce1e99d7e16f2', '{}'),
	(647, 'user_helmet', 'c035a0f81ea1705dd4df1f9acd0ce1e99d7e16f2', '{}'),
	(648, 'user_glasses', 'c035a0f81ea1705dd4df1f9acd0ce1e99d7e16f2', '{}'),
	(649, 'user_ears', 'c035a0f81ea1705dd4df1f9acd0ce1e99d7e16f2', '{}'),
	(650, 'property', 'c035a0f81ea1705dd4df1f9acd0ce1e99d7e16f2', '{}'),
	(651, 'user_mask', 'cbbbe54d94d3def1acdc9e998291b8bf9ea7fe23', '{}'),
	(652, 'user_helmet', 'cbbbe54d94d3def1acdc9e998291b8bf9ea7fe23', '{}'),
	(653, 'user_glasses', 'cbbbe54d94d3def1acdc9e998291b8bf9ea7fe23', '{"hasGlasses":true,"skin":{"glasses_2":7,"glasses_1":17}}'),
	(654, 'user_ears', 'cbbbe54d94d3def1acdc9e998291b8bf9ea7fe23', '{}'),
	(655, 'property', 'cbbbe54d94d3def1acdc9e998291b8bf9ea7fe23', '{"dressing":[{"skin":{"eye_color":0,"nose_4":0,"eyebrows_1":0,"eyebrows_5":0,"bproof_1":0,"eyebrows_2":0,"moles_1":0,"pants_2":0,"beard_4":14,"beard_1":18,"age_2":0,"nose_6":0,"shoes_2":4,"torso_2":0,"hair_color_2":6,"hair_1":40,"face_md_weight":72,"mask_2":0,"bproof_2":0,"chest_3":0,"chest_2":0,"eyebrows_6":0,"lip_thickness":10,"blemishes_1":0,"complexion_1":0,"beard_2":10,"sun_2":0,"chin_4":0,"eye_squint":0,"cheeks_3":0,"nose_2":-2,"bracelets_1":-1,"chin_1":0,"chin_3":0,"chest_1":0,"pants_1":20,"blush_2":0,"eyebrows_3":0,"bodyb_1":-1,"makeup_3":0,"arms":0,"sun_1":0,"decals_1":0,"cheeks_1":0,"bodyb_3":-1,"blush_1":0,"chain_1":0,"sex":0,"lipstick_1":0,"chin_2":0,"bodyb_2":0,"hair_2":0,"mask_1":0,"age_1":0,"ears_2":0,"beard_3":0,"cheeks_2":0,"jaw_1":2,"nose_5":0,"helmet_1":130,"lipstick_3":0,"eyebrows_4":0,"bags_1":0,"skin_md_weight":48,"makeup_4":0,"blemishes_2":0,"mom":24,"complexion_2":0,"lipstick_2":0,"moles_2":0,"shoes_1":4,"jaw_2":0,"neck_thickness":0,"dad":2,"chain_2":0,"decals_2":0,"helmet_2":3,"bracelets_2":0,"nose_3":4,"nose_1":0,"ears_1":-1,"torso_1":64,"makeup_2":0,"blush_3":0,"glasses_2":0,"glasses_1":7,"watches_2":0,"bodyb_4":0,"arms_2":0,"hair_color_1":8,"lipstick_4":0,"bags_2":0,"tshirt_1":77,"makeup_1":0,"watches_1":-1,"tshirt_2":1},"label":"كشوخي1"}]}'),
	(656, 'user_mask', 'ca0563398a9846c70acf539d2fd26550eddc516a', '{}'),
	(657, 'user_helmet', 'ca0563398a9846c70acf539d2fd26550eddc516a', '{}'),
	(658, 'user_glasses', 'ca0563398a9846c70acf539d2fd26550eddc516a', '{}'),
	(659, 'user_ears', 'ca0563398a9846c70acf539d2fd26550eddc516a', '{}'),
	(660, 'property', 'ca0563398a9846c70acf539d2fd26550eddc516a', '{}'),
	(661, 'user_mask', 'f7b6bdd0742b056ca0c583784028b52ec9925e03', '{}'),
	(662, 'user_helmet', 'f7b6bdd0742b056ca0c583784028b52ec9925e03', '{}'),
	(663, 'user_glasses', 'f7b6bdd0742b056ca0c583784028b52ec9925e03', '{}'),
	(664, 'user_ears', 'f7b6bdd0742b056ca0c583784028b52ec9925e03', '{}'),
	(665, 'property', 'f7b6bdd0742b056ca0c583784028b52ec9925e03', '{}'),
	(666, 'user_mask', 'b5f9db3ba8d27eca42558c9bbcf421d74c59a536', '{}'),
	(667, 'user_helmet', 'b5f9db3ba8d27eca42558c9bbcf421d74c59a536', '{}'),
	(668, 'user_glasses', 'b5f9db3ba8d27eca42558c9bbcf421d74c59a536', '{}'),
	(669, 'user_ears', 'b5f9db3ba8d27eca42558c9bbcf421d74c59a536', '{}'),
	(670, 'property', 'b5f9db3ba8d27eca42558c9bbcf421d74c59a536', '{}'),
	(671, 'user_mask', 'ca6746985d75b793e8278ede7b4acbdf70f43b01', '{}'),
	(672, 'user_helmet', 'ca6746985d75b793e8278ede7b4acbdf70f43b01', '{}'),
	(673, 'user_glasses', 'ca6746985d75b793e8278ede7b4acbdf70f43b01', '{}'),
	(674, 'user_ears', 'ca6746985d75b793e8278ede7b4acbdf70f43b01', '{}'),
	(675, 'property', 'ca6746985d75b793e8278ede7b4acbdf70f43b01', '{}'),
	(676, 'user_helmet', '617611e67fd0307122b04be4cc9cbaa924b7a985', '{}'),
	(677, 'user_glasses', '617611e67fd0307122b04be4cc9cbaa924b7a985', '{}'),
	(678, 'user_ears', '617611e67fd0307122b04be4cc9cbaa924b7a985', '{}'),
	(679, 'property', '617611e67fd0307122b04be4cc9cbaa924b7a985', '{}'),
	(680, 'user_mask', '617611e67fd0307122b04be4cc9cbaa924b7a985', '{}'),
	(681, 'property', '0b9c9895c40091c8a16b105ef7cf70e0729797b0', '{}'),
	(682, 'user_ears', '0b9c9895c40091c8a16b105ef7cf70e0729797b0', '{}'),
	(683, 'user_mask', '0b9c9895c40091c8a16b105ef7cf70e0729797b0', '{}'),
	(684, 'user_helmet', '0b9c9895c40091c8a16b105ef7cf70e0729797b0', '{}'),
	(685, 'user_glasses', '0b9c9895c40091c8a16b105ef7cf70e0729797b0', '{}'),
	(686, 'user_helmet', 'bc77d862510e46be5ba672bbd5aa567b3c58af17', '{}'),
	(687, 'user_glasses', 'bc77d862510e46be5ba672bbd5aa567b3c58af17', '{}'),
	(688, 'user_ears', 'bc77d862510e46be5ba672bbd5aa567b3c58af17', '{}'),
	(689, 'property', 'bc77d862510e46be5ba672bbd5aa567b3c58af17', '{}'),
	(690, 'user_mask', 'bc77d862510e46be5ba672bbd5aa567b3c58af17', '{}'),
	(691, 'user_mask', 'b096480887d7376566aca7c8f04c6957f24cdc44', '{}'),
	(692, 'user_helmet', 'b096480887d7376566aca7c8f04c6957f24cdc44', '{}'),
	(693, 'user_glasses', 'b096480887d7376566aca7c8f04c6957f24cdc44', '{}'),
	(694, 'user_ears', 'b096480887d7376566aca7c8f04c6957f24cdc44', '{}'),
	(695, 'property', 'b096480887d7376566aca7c8f04c6957f24cdc44', '{}'),
	(696, 'user_mask', '5a74f634e74ca2052e828d56df72e34b01ac3310', '{}'),
	(697, 'user_helmet', '5a74f634e74ca2052e828d56df72e34b01ac3310', '{}'),
	(698, 'user_glasses', '5a74f634e74ca2052e828d56df72e34b01ac3310', '{}'),
	(699, 'user_ears', '5a74f634e74ca2052e828d56df72e34b01ac3310', '{}'),
	(700, 'property', '5a74f634e74ca2052e828d56df72e34b01ac3310', '{}'),
	(701, 'user_mask', '84778f6d56ce43732afe42ddf4cc8c2c6d454544', '{}'),
	(702, 'user_helmet', '84778f6d56ce43732afe42ddf4cc8c2c6d454544', '{}'),
	(703, 'user_glasses', '84778f6d56ce43732afe42ddf4cc8c2c6d454544', '{}'),
	(704, 'user_ears', '84778f6d56ce43732afe42ddf4cc8c2c6d454544', '{}'),
	(705, 'property', '84778f6d56ce43732afe42ddf4cc8c2c6d454544', '{}'),
	(706, 'property', '54d95dd0c169b7099d5ea6436b2c89bec577a3a1', '{}'),
	(707, 'user_helmet', '54d95dd0c169b7099d5ea6436b2c89bec577a3a1', '{}'),
	(708, 'user_ears', '54d95dd0c169b7099d5ea6436b2c89bec577a3a1', '{}'),
	(709, 'user_mask', '54d95dd0c169b7099d5ea6436b2c89bec577a3a1', '{"skin":{"mask_2":1,"mask_1":0},"hasMask":true}'),
	(710, 'user_glasses', '54d95dd0c169b7099d5ea6436b2c89bec577a3a1', '{"hasGlasses":true,"skin":{"glasses_1":5,"glasses_2":0}}'),
	(711, 'user_helmet', 'ac9708071458066721f7b867e9f6d475004ae0a0', '{}'),
	(712, 'user_glasses', 'ac9708071458066721f7b867e9f6d475004ae0a0', '{}'),
	(713, 'user_mask', 'ac9708071458066721f7b867e9f6d475004ae0a0', '{}'),
	(714, 'user_ears', 'ac9708071458066721f7b867e9f6d475004ae0a0', '{}'),
	(715, 'property', 'ac9708071458066721f7b867e9f6d475004ae0a0', '{}'),
	(716, 'user_ears', '493897768fb1078e6dd924031ea639ab718047cb', '{}'),
	(717, 'property', '493897768fb1078e6dd924031ea639ab718047cb', '{}'),
	(718, 'user_helmet', '493897768fb1078e6dd924031ea639ab718047cb', '{}'),
	(719, 'user_glasses', '493897768fb1078e6dd924031ea639ab718047cb', '{}'),
	(720, 'user_mask', '493897768fb1078e6dd924031ea639ab718047cb', '{}'),
	(721, 'user_mask', '300aaf7dea2bf5c3aa0957827f5e60f160349adf', '{}'),
	(722, 'user_helmet', '300aaf7dea2bf5c3aa0957827f5e60f160349adf', '{}'),
	(723, 'user_glasses', '300aaf7dea2bf5c3aa0957827f5e60f160349adf', '{}'),
	(724, 'user_ears', '300aaf7dea2bf5c3aa0957827f5e60f160349adf', '{}'),
	(725, 'property', '300aaf7dea2bf5c3aa0957827f5e60f160349adf', '{}'),
	(726, 'user_glasses', '58884c462391a1e9825266c10b0eb20e3de0c66e', '{}'),
	(727, 'user_mask', '58884c462391a1e9825266c10b0eb20e3de0c66e', '{}'),
	(728, 'user_ears', '58884c462391a1e9825266c10b0eb20e3de0c66e', '{}'),
	(729, 'property', '58884c462391a1e9825266c10b0eb20e3de0c66e', '{}'),
	(730, 'user_helmet', '58884c462391a1e9825266c10b0eb20e3de0c66e', '{}'),
	(731, 'property', '5cb770c4b3b5026f5f4738a31299adc797a30fe0', '{}'),
	(732, 'user_ears', '5cb770c4b3b5026f5f4738a31299adc797a30fe0', '{}'),
	(733, 'user_helmet', '5cb770c4b3b5026f5f4738a31299adc797a30fe0', '{}'),
	(734, 'user_glasses', '5cb770c4b3b5026f5f4738a31299adc797a30fe0', '{}'),
	(735, 'user_mask', '5cb770c4b3b5026f5f4738a31299adc797a30fe0', '{}'),
	(736, 'user_ears', 'f095f10f86fc8664a371317b5a2c08b62d87bb39', '{}'),
	(737, 'property', 'f095f10f86fc8664a371317b5a2c08b62d87bb39', '{}'),
	(738, 'user_mask', 'f095f10f86fc8664a371317b5a2c08b62d87bb39', '{}'),
	(739, 'user_helmet', 'f095f10f86fc8664a371317b5a2c08b62d87bb39', '{}'),
	(740, 'user_glasses', 'f095f10f86fc8664a371317b5a2c08b62d87bb39', '{}'),
	(741, 'user_mask', 'a4f6017758cbbc361f312df3f30d5563157e39e9', '{}'),
	(742, 'user_helmet', 'a4f6017758cbbc361f312df3f30d5563157e39e9', '{}'),
	(743, 'user_glasses', 'a4f6017758cbbc361f312df3f30d5563157e39e9', '{}'),
	(744, 'user_ears', 'a4f6017758cbbc361f312df3f30d5563157e39e9', '{}'),
	(745, 'property', 'a4f6017758cbbc361f312df3f30d5563157e39e9', '{}'),
	(746, 'property', 'f16acb2ee0144e90b5ef122f4884ceec3ff44556', '{}'),
	(747, 'user_glasses', 'f16acb2ee0144e90b5ef122f4884ceec3ff44556', '{}'),
	(748, 'user_helmet', 'f16acb2ee0144e90b5ef122f4884ceec3ff44556', '{}'),
	(749, 'user_ears', 'f16acb2ee0144e90b5ef122f4884ceec3ff44556', '{}'),
	(750, 'user_mask', 'f16acb2ee0144e90b5ef122f4884ceec3ff44556', '{}'),
	(751, 'property', 'ffb80363f980cf5e3d1f8fd291d4de4b2d2ebdbf', '{}'),
	(752, 'user_glasses', 'ffb80363f980cf5e3d1f8fd291d4de4b2d2ebdbf', '{}'),
	(753, 'user_ears', 'ffb80363f980cf5e3d1f8fd291d4de4b2d2ebdbf', '{}'),
	(754, 'user_helmet', 'ffb80363f980cf5e3d1f8fd291d4de4b2d2ebdbf', '{}'),
	(755, 'user_mask', 'ffb80363f980cf5e3d1f8fd291d4de4b2d2ebdbf', '{}'),
	(756, 'property', '12eba5820fdea542b449616d9fb93037018c7f8b', '{}'),
	(757, 'user_ears', '12eba5820fdea542b449616d9fb93037018c7f8b', '{}'),
	(758, 'user_glasses', '12eba5820fdea542b449616d9fb93037018c7f8b', '{}'),
	(759, 'user_mask', '12eba5820fdea542b449616d9fb93037018c7f8b', '{}'),
	(760, 'user_helmet', '12eba5820fdea542b449616d9fb93037018c7f8b', '{}'),
	(761, 'user_mask', '15cfbd0df0a17965ed3cd3fb88cc7b0cc33e4606', '{}'),
	(762, 'user_helmet', '15cfbd0df0a17965ed3cd3fb88cc7b0cc33e4606', '{}'),
	(763, 'user_glasses', '15cfbd0df0a17965ed3cd3fb88cc7b0cc33e4606', '{}'),
	(764, 'user_ears', '15cfbd0df0a17965ed3cd3fb88cc7b0cc33e4606', '{}'),
	(765, 'property', '15cfbd0df0a17965ed3cd3fb88cc7b0cc33e4606', '{"dressing":[{"label":"غالي","skin":{"bproof_1":0,"pants_2":0,"helmet_2":0,"chain_2":0,"watches_1":-1,"ears_1":-1,"makeup_4":0,"beard_3":0,"makeup_1":0,"lipstick_1":0,"shoes_1":7,"torso_2":2,"chest_1":0,"mom":23,"bproof_2":0,"moles_2":0,"lipstick_2":0,"sex":0,"eyebrows_5":0,"arms_2":0,"ears_2":0,"eyebrows_6":0,"makeup_3":0,"watches_2":0,"moles_1":0,"blush_3":0,"complexion_2":0,"bags_2":0,"chin_2":0,"hair_1":0,"torso_1":13,"chin_1":0,"makeup_2":0,"chin_4":0,"chain_1":0,"bodyb_2":0,"blemishes_1":0,"beard_2":0,"age_2":0,"cheeks_3":0,"eyebrows_3":0,"hair_color_2":1,"bags_1":0,"bodyb_4":0,"beard_1":0,"nose_5":0,"hair_color_1":0,"lip_thickness":0,"eyebrows_2":0,"helmet_1":-1,"chest_3":0,"mask_2":0,"sun_2":0,"decals_1":0,"nose_4":0,"nose_3":0,"eye_color":0,"arms":26,"bodyb_3":-1,"lipstick_3":0,"sun_1":0,"pants_1":24,"jaw_2":0,"eye_squint":0,"shoes_2":0,"complexion_1":0,"lipstick_4":0,"bracelets_2":0,"skin_md_weight":50,"blush_1":0,"glasses_2":5,"hair_2":21,"cheeks_2":0,"eyebrows_1":0,"dad":17,"eyebrows_4":0,"bracelets_1":-1,"decals_2":0,"face_md_weight":31,"nose_1":0,"mask_1":0,"bodyb_1":-1,"tshirt_1":15,"chin_3":0,"glasses_1":5,"jaw_1":0,"cheeks_1":0,"blush_2":0,"age_1":0,"chest_2":0,"tshirt_2":0,"blemishes_2":0,"nose_6":0,"neck_thickness":10,"nose_2":0,"beard_4":0}}]}'),
	(766, 'user_ears', '4e731efbf7168de72d83a305e737f8892a45915c', '{}'),
	(767, 'property', '4e731efbf7168de72d83a305e737f8892a45915c', '{}'),
	(768, 'user_helmet', '4e731efbf7168de72d83a305e737f8892a45915c', '{}'),
	(769, 'user_glasses', '4e731efbf7168de72d83a305e737f8892a45915c', '{}'),
	(770, 'user_mask', '4e731efbf7168de72d83a305e737f8892a45915c', '{}'),
	(771, 'property', 'eea6a37ffaf769e82cfbfa7c8d5e1947920b1e4a', '{}'),
	(772, 'user_helmet', 'eea6a37ffaf769e82cfbfa7c8d5e1947920b1e4a', '{}'),
	(773, 'user_mask', 'eea6a37ffaf769e82cfbfa7c8d5e1947920b1e4a', '{}'),
	(774, 'user_glasses', 'eea6a37ffaf769e82cfbfa7c8d5e1947920b1e4a', '{}'),
	(775, 'user_ears', 'eea6a37ffaf769e82cfbfa7c8d5e1947920b1e4a', '{}'),
	(776, 'user_glasses', '01ae051e9eaa4d379d39fcd7d63e7b1f15985981', '{}'),
	(777, 'user_ears', '01ae051e9eaa4d379d39fcd7d63e7b1f15985981', '{}'),
	(778, 'property', '01ae051e9eaa4d379d39fcd7d63e7b1f15985981', '{}'),
	(779, 'user_mask', '01ae051e9eaa4d379d39fcd7d63e7b1f15985981', '{}'),
	(780, 'user_helmet', '01ae051e9eaa4d379d39fcd7d63e7b1f15985981', '{}'),
	(781, 'user_ears', '906ab1062f66af1e44adeea7e40d9f4b1cca60ed', '{}'),
	(782, 'property', '906ab1062f66af1e44adeea7e40d9f4b1cca60ed', '{}'),
	(783, 'user_mask', '906ab1062f66af1e44adeea7e40d9f4b1cca60ed', '{}'),
	(784, 'user_helmet', '906ab1062f66af1e44adeea7e40d9f4b1cca60ed', '{}'),
	(785, 'user_glasses', '906ab1062f66af1e44adeea7e40d9f4b1cca60ed', '{}'),
	(786, 'user_mask', 'e0e03652d7f55dd24c76ecfe40c32e0a63467d47', '{}'),
	(787, 'user_helmet', 'e0e03652d7f55dd24c76ecfe40c32e0a63467d47', '{}'),
	(788, 'user_glasses', 'e0e03652d7f55dd24c76ecfe40c32e0a63467d47', '{}'),
	(789, 'user_ears', 'e0e03652d7f55dd24c76ecfe40c32e0a63467d47', '{}'),
	(790, 'property', 'e0e03652d7f55dd24c76ecfe40c32e0a63467d47', '{}'),
	(791, 'property', '749865b68a6a6bf12a8641101848f3c7281337fd', '{}'),
	(792, 'user_ears', '749865b68a6a6bf12a8641101848f3c7281337fd', '{}'),
	(793, 'user_glasses', '749865b68a6a6bf12a8641101848f3c7281337fd', '{}'),
	(794, 'user_helmet', '749865b68a6a6bf12a8641101848f3c7281337fd', '{}'),
	(795, 'user_mask', '749865b68a6a6bf12a8641101848f3c7281337fd', '{}'),
	(796, 'property', 'steam:110000144101206', '{}'),
	(797, 'user_glasses', 'steam:110000144101206', '{}'),
	(798, 'user_ears', 'steam:110000144101206', '{}'),
	(799, 'user_mask', 'steam:110000144101206', '{}'),
	(800, 'user_helmet', 'steam:110000144101206', '{}'),
	(801, 'property', 'df992107859e130f5dc0dc8a62d50a8e587b19bc', '{"dressing":[{"skin":{"chin_1":0,"torso_1":118,"chain_1":1,"glasses_1":0,"skin":0,"arms_2":0,"cheeks_1":0,"bracelets_1":-1,"helmet_1":55,"bodyb_2":0,"chest_2":10,"bodyb_3":0,"blemishes_2":0,"eyebrows_6":0,"chest_1":0,"pants_2":0,"sex":0,"jaw_1":0,"lipstick_3":0,"blush_1":0,"nose_3":0,"tshirt_2":0,"ears_2":0,"bags_2":0,"arms":18,"eyebrows_3":29,"watches_1":-1,"beard_2":10,"shoes_1":8,"beard_1":10,"mask_1":0,"chin_3":0,"moles_1":0,"hair_1":38,"makeup_2":0,"bracelets_2":0,"lipstick_4":0,"chain_2":0,"tshirt_1":15,"complexion_2":10,"eye_squint":0,"complexion_1":10,"sun_1":29,"moles_2":0,"chin_2":0,"cheeks_3":0,"beard_4":29,"blemishes_1":0,"glasses_2":0,"decals_1":0,"blush_2":0,"makeup_4":0,"bodyb_1":0,"beard_3":29,"hair_color_2":29,"bproof_2":0,"chest_3":10,"hair_2":0,"eye_color":0,"hair_color_1":29,"lip_thickness":0,"bodyb_4":0,"pants_1":13,"watches_2":0,"mom":22,"eyebrows_5":0,"eyebrows_1":0,"jaw_2":0,"eyebrows_2":10,"nose_5":0,"skin_md_weight":50,"sun_2":29,"bproof_1":0,"dad":0,"face":0,"nose_4":0,"makeup_1":0,"neck_thickness":0,"lipstick_2":0,"mask_2":0,"lipstick_1":0,"cheeks_2":0,"bags_1":0,"makeup_3":0,"age_1":14,"shoes_2":0,"face_md_weight":50,"nose_2":0,"chin_4":0,"blush_3":0,"decals_2":0,"nose_1":0,"age_2":10,"helmet_2":25,"torso_2":5,"nose_6":0,"ears_1":2,"eyebrows_4":29},"label":"ابو مؤيد"},{"skin":{"chin_1":0,"torso_1":118,"chain_1":0,"glasses_1":5,"skin":0,"arms_2":0,"cheeks_1":0,"bracelets_1":-1,"jaw_2":0,"bodyb_2":0,"chest_2":10,"bodyb_3":0,"blemishes_2":0,"eyebrows_6":0,"chest_1":0,"lip_thickness":0,"sex":0,"moles_2":0,"lipstick_3":0,"blush_1":0,"nose_3":0,"tshirt_2":0,"ears_2":0,"bags_2":0,"arms":18,"eyebrows_3":29,"watches_1":-1,"beard_2":10,"shoes_1":4,"beard_1":10,"mask_1":0,"chin_3":0,"moles_1":0,"hair_1":38,"makeup_2":0,"bracelets_2":0,"lipstick_4":0,"chain_2":0,"tshirt_1":15,"complexion_2":10,"eye_squint":0,"complexion_1":10,"sun_1":29,"blush_2":0,"hair_color_2":29,"chin_2":0,"beard_4":29,"cheeks_3":0,"glasses_2":9,"decals_1":0,"bodyb_4":0,"makeup_4":0,"bodyb_1":0,"beard_3":29,"nose_6":0,"blemishes_1":0,"chest_3":10,"hair_2":0,"eye_color":0,"hair_color_1":29,"bproof_2":0,"helmet_1":55,"pants_1":13,"watches_2":0,"dad":0,"eyebrows_5":0,"mom":22,"eyebrows_1":0,"eyebrows_2":10,"nose_5":0,"skin_md_weight":50,"sun_2":29,"bproof_1":0,"face":0,"jaw_1":0,"nose_4":0,"makeup_1":0,"neck_thickness":0,"lipstick_2":0,"mask_2":0,"lipstick_1":0,"cheeks_2":0,"blush_3":0,"age_1":14,"makeup_3":0,"shoes_2":2,"face_md_weight":50,"nose_2":0,"chin_4":0,"pants_2":0,"decals_2":0,"nose_1":0,"age_2":10,"helmet_2":25,"torso_2":5,"bags_1":0,"ears_1":2,"eyebrows_4":29},"label":"ابو مؤيد 1"},{"skin":{"chin_1":0,"torso_1":44,"chain_1":0,"glasses_1":0,"skin":0,"arms_2":0,"cheeks_1":0,"bracelets_1":-1,"jaw_2":0,"bodyb_2":0,"chest_2":10,"bodyb_3":0,"blemishes_2":0,"eyebrows_6":0,"chest_1":0,"pants_2":7,"sex":0,"blemishes_1":0,"lipstick_3":0,"blush_1":0,"nose_3":0,"tshirt_2":1,"ears_2":2,"bags_2":0,"arms":0,"eyebrows_3":29,"watches_1":-1,"beard_2":10,"shoes_1":51,"beard_1":10,"mask_1":0,"chin_3":0,"moles_1":0,"hair_1":38,"makeup_2":0,"bracelets_2":0,"lipstick_4":0,"chain_2":0,"tshirt_1":59,"complexion_2":10,"eye_squint":0,"complexion_1":10,"sun_1":29,"nose_6":0,"moles_2":0,"chin_2":0,"beard_4":29,"cheeks_3":0,"glasses_2":3,"decals_1":0,"makeup_3":0,"makeup_4":0,"bodyb_1":0,"beard_3":29,"blush_2":0,"nose_1":0,"chest_3":10,"hair_2":0,"eye_color":0,"hair_color_1":29,"jaw_1":0,"bproof_2":0,"pants_1":75,"watches_2":0,"helmet_1":104,"eyebrows_5":0,"hair_color_2":29,"bags_1":0,"eyebrows_2":10,"sun_2":29,"eyebrows_1":0,"blush_3":0,"bproof_1":0,"face":0,"bodyb_4":0,"nose_4":0,"makeup_1":0,"neck_thickness":0,"lipstick_2":0,"mask_2":0,"lipstick_1":0,"cheeks_2":0,"nose_5":0,"age_1":14,"lip_thickness":0,"chin_4":0,"face_md_weight":50,"nose_2":0,"mom":22,"dad":0,"decals_2":0,"skin_md_weight":50,"age_2":10,"helmet_2":19,"torso_2":3,"shoes_2":1,"ears_1":8,"eyebrows_4":29},"label":"1"},{"skin":{"chin_1":0,"torso_1":44,"chain_1":0,"glasses_1":0,"skin":0,"arms_2":0,"cheeks_1":0,"bracelets_1":-1,"helmet_1":104,"bodyb_2":0,"chest_2":10,"bodyb_3":0,"blemishes_2":0,"eyebrows_6":0,"chest_1":0,"pants_2":7,"sex":0,"jaw_1":0,"lipstick_3":0,"blush_1":0,"nose_3":0,"tshirt_2":1,"nose_6":0,"bags_2":0,"arms":0,"eyebrows_3":29,"watches_1":-1,"beard_2":10,"shoes_1":51,"bags_1":0,"mask_1":0,"chin_3":0,"moles_1":0,"hair_1":38,"makeup_2":0,"bodyb_4":0,"lipstick_4":0,"chain_2":0,"tshirt_1":59,"cheeks_2":0,"eye_squint":0,"complexion_1":10,"ears_2":2,"sun_1":29,"blush_2":0,"bproof_1":0,"hair_color_2":29,"sun_2":29,"age_1":14,"decals_1":0,"chin_2":0,"makeup_4":0,"bodyb_1":0,"beard_3":29,"cheeks_3":0,"bracelets_2":0,"chest_3":10,"hair_2":0,"eye_color":0,"hair_color_1":29,"eyebrows_1":0,"nose_1":0,"pants_1":75,"watches_2":0,"nose_5":0,"eyebrows_5":0,"bproof_2":0,"moles_2":0,"eyebrows_2":10,"blemishes_1":0,"skin_md_weight":50,"blush_3":0,"dad":0,"face":0,"beard_4":29,"nose_4":0,"makeup_1":0,"neck_thickness":0,"lipstick_2":0,"mask_2":0,"complexion_2":10,"lipstick_1":0,"jaw_2":0,"beard_1":10,"chin_4":0,"lip_thickness":0,"face_md_weight":50,"nose_2":0,"shoes_2":1,"makeup_3":0,"decals_2":0,"mom":22,"age_2":10,"helmet_2":19,"torso_2":3,"glasses_2":3,"ears_1":8,"eyebrows_4":29},"label":"1"}]}'),
	(802, 'user_glasses', 'df992107859e130f5dc0dc8a62d50a8e587b19bc', '{}'),
	(803, 'user_ears', 'df992107859e130f5dc0dc8a62d50a8e587b19bc', '{}'),
	(804, 'user_helmet', 'df992107859e130f5dc0dc8a62d50a8e587b19bc', '{}'),
	(805, 'user_mask', 'df992107859e130f5dc0dc8a62d50a8e587b19bc', '{}'),
	(806, 'property', 'd9de52bb7daa02095af111c5a1d7ef6f98529ab9', '{}'),
	(807, 'user_ears', 'd9de52bb7daa02095af111c5a1d7ef6f98529ab9', '{}'),
	(808, 'user_helmet', 'd9de52bb7daa02095af111c5a1d7ef6f98529ab9', '{}'),
	(809, 'user_mask', 'd9de52bb7daa02095af111c5a1d7ef6f98529ab9', '{}'),
	(810, 'user_glasses', 'd9de52bb7daa02095af111c5a1d7ef6f98529ab9', '{}'),
	(811, 'property', '28fadca751c8eac586c3946c4216f128982ccf5e', '{"dressing":[{"label":"FS","skin":{"bodyb_1":-1,"chain_1":1,"beard_3":0,"eye_color":0,"blemishes_2":0,"helmet_1":106,"ears_1":-1,"torso_1":190,"beard_2":0,"lip_thickness":0,"bproof_1":0,"arms_2":0,"decals_2":0,"watches_2":0,"ears_2":0,"torso_2":22,"arms":30,"sun_1":0,"chain_2":0,"lipstick_4":0,"cheeks_1":0,"chest_2":0,"neck_thickness":0,"pants_1":31,"beard_1":0,"makeup_4":0,"cheeks_3":0,"bodyb_4":0,"helmet_2":20,"mask_1":0,"sun_2":0,"chest_3":0,"hair_color_1":0,"eyebrows_5":0,"skin_md_weight":50,"chin_1":0,"bags_2":0,"mask_2":0,"lipstick_1":0,"decals_1":0,"makeup_2":0,"age_2":0,"shoes_2":0,"glasses_2":0,"chin_3":0,"bproof_2":0,"blush_3":0,"jaw_1":0,"cheeks_2":0,"shoes_1":25,"chin_4":0,"nose_3":0,"hair_1":0,"moles_2":0,"face_md_weight":50,"blemishes_1":0,"mom":21,"hair_2":0,"lipstick_2":0,"nose_2":0,"chin_2":0,"bracelets_2":0,"glasses_1":0,"bracelets_1":-1,"tshirt_2":0,"age_1":0,"eye_squint":0,"complexion_1":0,"makeup_3":0,"nose_1":0,"moles_1":0,"nose_6":0,"makeup_1":0,"hair_color_2":0,"eyebrows_6":0,"bags_1":0,"tshirt_1":15,"blush_1":0,"eyebrows_3":0,"pants_2":0,"nose_4":0,"eyebrows_2":0,"jaw_2":0,"lipstick_3":0,"eyebrows_4":0,"watches_1":-1,"beard_4":0,"chest_1":0,"complexion_2":0,"nose_5":0,"bodyb_3":-1,"bodyb_2":0,"blush_2":0,"eyebrows_1":0,"dad":0,"sex":0}},{"label":"df","skin":{"bodyb_1":-1,"chain_1":1,"beard_3":0,"eye_color":0,"blemishes_2":0,"helmet_1":63,"moles_1":0,"torso_1":118,"beard_2":10,"lip_thickness":0,"bproof_1":0,"arms_2":0,"decals_2":0,"watches_2":0,"ears_2":0,"torso_2":5,"arms":18,"sun_1":0,"chain_2":0,"complexion_2":0,"cheeks_1":0,"chest_2":0,"neck_thickness":0,"pants_1":7,"beard_1":10,"makeup_4":0,"cheeks_3":0,"bodyb_4":0,"helmet_2":9,"mask_1":0,"sun_2":0,"chest_3":0,"hair_color_1":2,"eyebrows_5":0,"skin_md_weight":50,"chin_1":0,"bags_2":0,"mask_2":0,"lipstick_1":0,"jaw_1":0,"makeup_2":0,"age_2":0,"moles_2":0,"glasses_2":0,"shoes_2":0,"bproof_2":0,"blush_3":0,"complexion_1":0,"bodyb_2":0,"shoes_1":7,"lipstick_2":0,"eyebrows_6":0,"chin_3":0,"decals_1":0,"chin_4":0,"face_md_weight":50,"mom":21,"hair_2":0,"bodyb_3":-1,"nose_2":0,"chin_2":0,"nose_6":0,"glasses_1":0,"bracelets_1":-1,"tshirt_2":0,"age_1":0,"hair_1":43,"bracelets_2":0,"makeup_3":0,"cheeks_2":0,"blush_2":0,"pants_2":2,"ears_1":0,"makeup_1":0,"hair_color_2":0,"nose_1":0,"tshirt_1":130,"sex":0,"eyebrows_3":0,"nose_3":0,"bags_1":0,"chest_1":0,"eyebrows_2":0,"lipstick_3":0,"eyebrows_4":0,"watches_1":-1,"beard_4":0,"jaw_2":0,"eye_squint":0,"nose_5":0,"nose_4":0,"lipstick_4":0,"blemishes_1":0,"eyebrows_1":0,"dad":0,"blush_1":0}},{"label":"رقابو","skin":{"bodyb_1":-1,"face_md_weight":50,"beard_3":0,"bproof_2":0,"blemishes_2":0,"helmet_1":63,"ears_1":0,"torso_1":118,"beard_2":10,"lip_thickness":0,"bproof_1":0,"arms_2":0,"decals_2":0,"watches_2":0,"ears_2":0,"torso_2":5,"eyebrows_2":0,"sun_1":0,"chain_2":0,"lipstick_4":0,"cheeks_1":0,"chest_2":0,"neck_thickness":0,"pants_1":1,"beard_1":10,"makeup_4":0,"cheeks_3":0,"bodyb_4":0,"helmet_2":9,"mask_1":0,"sun_2":0,"chest_3":0,"hair_color_1":2,"eyebrows_5":0,"skin_md_weight":50,"chin_1":0,"bags_2":0,"mask_2":0,"lipstick_1":0,"decals_1":0,"makeup_2":0,"age_2":0,"lipstick_2":0,"glasses_2":0,"chin_3":0,"complexion_1":0,"blush_3":0,"bodyb_2":0,"eye_color":0,"shoes_1":7,"arms":18,"eyebrows_6":0,"shoes_2":0,"moles_2":0,"chin_2":0,"bodyb_3":-1,"mom":21,"hair_2":0,"tshirt_2":3,"nose_2":0,"chin_4":0,"glasses_1":0,"age_1":0,"bracelets_1":-1,"bracelets_2":0,"chain_1":1,"eye_squint":0,"cheeks_2":0,"makeup_3":0,"jaw_1":0,"moles_1":0,"nose_4":0,"nose_6":0,"hair_color_2":0,"pants_2":3,"nose_3":0,"tshirt_1":95,"blush_1":0,"eyebrows_3":0,"bags_1":0,"makeup_1":0,"hair_1":43,"jaw_2":0,"lipstick_3":0,"eyebrows_4":0,"watches_1":-1,"beard_4":0,"chest_1":0,"complexion_2":0,"nose_5":0,"blemishes_1":0,"sex":0,"nose_1":0,"eyebrows_1":0,"dad":0,"blush_2":0}},{"label":"s","skin":{"bodyb_1":-1,"chain_1":0,"face":0,"beard_3":0,"bproof_2":0,"chin_2":0,"helmet_1":58,"ears_1":-1,"torso_1":190,"beard_2":10,"lip_thickness":0,"bproof_1":0,"arms_2":0,"decals_2":0,"watches_2":0,"ears_2":0,"torso_2":22,"eyebrows_2":0,"sun_1":0,"chain_2":0,"lipstick_4":0,"cheeks_1":0,"chest_2":0,"neck_thickness":0,"pants_1":31,"beard_1":10,"makeup_4":0,"cheeks_3":0,"bodyb_4":0,"helmet_2":2,"mask_1":0,"sun_2":0,"chest_3":0,"hair_color_1":2,"eyebrows_5":0,"skin_md_weight":50,"chin_1":0,"bags_2":0,"mask_2":0,"lipstick_1":0,"jaw_1":0,"arms":30,"makeup_2":0,"age_2":0,"glasses_2":0,"moles_2":0,"chin_3":0,"eye_color":0,"blush_3":0,"bracelets_2":0,"shoes_2":0,"shoes_1":25,"complexion_1":0,"eyebrows_6":0,"pants_2":0,"decals_1":0,"blemishes_2":0,"skin":0,"mom":21,"hair_2":0,"chin_4":0,"nose_2":0,"bodyb_3":-1,"glasses_1":8,"hair_1":43,"bracelets_1":-1,"lipstick_2":0,"nose_6":0,"eye_squint":0,"age_1":0,"makeup_3":0,"face_md_weight":50,"cheeks_2":0,"nose_4":0,"moles_1":0,"hair_color_2":0,"complexion_2":0,"bags_1":0,"tshirt_1":15,"blush_1":0,"eyebrows_3":0,"nose_3":0,"makeup_1":0,"dad":0,"lipstick_3":0,"blush_2":0,"eyebrows_4":0,"watches_1":-1,"beard_4":0,"jaw_2":0,"chest_1":0,"nose_5":0,"sex":0,"blemishes_1":0,"bodyb_2":0,"eyebrows_1":0,"tshirt_2":0,"nose_1":0}},{"label":"ركن يواد","skin":{"bodyb_1":-1,"chain_1":1,"face":0,"beard_3":0,"eye_color":0,"blemishes_2":0,"helmet_1":114,"ears_1":-1,"torso_1":190,"beard_2":10,"lip_thickness":0,"bproof_1":0,"arms_2":0,"decals_2":0,"watches_2":0,"ears_2":0,"torso_2":22,"arms":30,"sun_1":0,"chain_2":2,"lipstick_4":0,"cheeks_1":0,"chest_2":0,"neck_thickness":0,"pants_1":31,"beard_1":10,"makeup_4":0,"cheeks_3":0,"bodyb_4":0,"helmet_2":7,"mask_1":0,"sun_2":0,"chest_3":0,"hair_color_1":2,"eyebrows_5":0,"skin_md_weight":50,"chin_1":0,"bags_2":0,"mask_2":0,"lipstick_1":0,"jaw_1":0,"chin_4":0,"makeup_2":0,"age_2":0,"glasses_2":0,"bproof_2":0,"shoes_2":0,"moles_2":0,"blush_3":0,"face_md_weight":50,"chin_3":0,"shoes_1":25,"bracelets_2":0,"eyebrows_6":0,"blemishes_1":0,"decals_1":0,"hair_1":43,"skin":0,"mom":21,"hair_2":0,"chin_2":0,"nose_2":0,"lipstick_2":0,"glasses_1":8,"makeup_1":0,"bracelets_1":-1,"dad":0,"complexion_1":0,"eye_squint":0,"age_1":0,"makeup_3":0,"cheeks_2":0,"bodyb_3":-1,"nose_6":0,"moles_1":0,"hair_color_2":0,"bags_1":0,"nose_3":0,"tshirt_1":15,"blush_1":0,"eyebrows_3":0,"lipstick_3":0,"eyebrows_2":0,"jaw_2":0,"complexion_2":0,"nose_1":0,"eyebrows_4":0,"watches_1":-1,"beard_4":0,"sex":0,"bodyb_2":0,"nose_5":0,"chest_1":0,"nose_4":0,"pants_2":0,"eyebrows_1":0,"tshirt_2":0,"blush_2":0}},{"label":"لبس وحوش","skin":{"bodyb_1":-1,"chain_1":1,"face":0,"beard_3":0,"eye_color":0,"blemishes_2":0,"helmet_1":114,"ears_1":-1,"torso_1":190,"beard_2":10,"lip_thickness":0,"bproof_1":0,"arms_2":0,"decals_2":0,"watches_2":0,"ears_2":0,"torso_2":22,"arms":31,"sun_1":0,"chain_2":2,"lipstick_4":0,"cheeks_1":0,"chest_2":0,"neck_thickness":0,"pants_1":31,"beard_1":10,"makeup_4":0,"cheeks_3":0,"bodyb_4":0,"helmet_2":7,"mask_1":0,"sun_2":0,"chest_3":0,"hair_color_1":2,"eyebrows_5":0,"skin_md_weight":50,"chin_1":0,"bracelets_2":0,"mask_2":0,"lipstick_1":0,"jaw_1":0,"lipstick_2":0,"makeup_2":0,"age_2":0,"glasses_2":0,"bproof_2":0,"shoes_2":0,"cheeks_2":0,"blush_3":0,"decals_1":0,"bags_2":0,"shoes_1":25,"bodyb_3":-1,"nose_3":0,"chin_3":0,"moles_2":0,"complexion_1":0,"skin":0,"mom":21,"hair_2":0,"chin_2":0,"nose_2":0,"chin_4":0,"glasses_1":8,"face_md_weight":50,"bracelets_1":-1,"tshirt_2":0,"age_1":0,"hair_1":43,"chest_1":0,"makeup_3":0,"complexion_2":0,"moles_1":0,"nose_6":0,"hair_color_2":0,"lipstick_3":0,"bags_1":0,"eyebrows_6":0,"tshirt_1":22,"blush_1":0,"eyebrows_3":0,"makeup_1":0,"nose_1":0,"eyebrows_2":0,"jaw_2":0,"blush_2":0,"eyebrows_4":0,"watches_1":-1,"beard_4":0,"blemishes_1":0,"eye_squint":0,"nose_5":0,"nose_4":0,"pants_2":0,"bodyb_2":0,"eyebrows_1":0,"dad":0,"sex":0}},{"label":"س","skin":{"bodyb_1":-1,"chain_1":1,"face":0,"beard_3":0,"eye_color":0,"blemishes_2":0,"helmet_1":114,"ears_1":-1,"torso_1":190,"beard_2":10,"lip_thickness":0,"bproof_1":0,"arms_2":0,"decals_2":0,"watches_2":0,"ears_2":0,"torso_2":0,"eyebrows_2":0,"sun_1":0,"chain_2":2,"lipstick_4":0,"cheeks_1":0,"chest_2":0,"neck_thickness":0,"pants_1":31,"beard_1":10,"makeup_4":0,"cheeks_3":0,"bodyb_4":0,"helmet_2":7,"mask_1":0,"sun_2":0,"chest_3":0,"hair_color_1":2,"eyebrows_5":0,"skin_md_weight":50,"chin_1":0,"bags_2":0,"mask_2":0,"lipstick_1":0,"jaw_1":0,"blemishes_1":0,"makeup_2":0,"age_2":0,"glasses_2":0,"bproof_2":0,"shoes_2":0,"complexion_1":0,"blush_3":0,"bracelets_2":0,"tshirt_2":0,"shoes_1":25,"lipstick_2":0,"bodyb_2":0,"moles_2":0,"decals_1":0,"chin_3":0,"skin":0,"mom":21,"hair_2":0,"arms":30,"nose_2":0,"chin_4":0,"bodyb_3":-1,"glasses_1":8,"bracelets_1":-1,"hair_1":43,"face_md_weight":50,"eye_squint":0,"age_1":0,"makeup_3":0,"cheeks_2":0,"jaw_2":0,"nose_4":0,"chin_2":0,"nose_6":0,"moles_1":0,"hair_color_2":0,"tshirt_1":15,"blush_1":0,"eyebrows_3":0,"nose_1":0,"nose_3":0,"bags_1":0,"makeup_1":0,"lipstick_3":0,"eyebrows_4":0,"chest_1":0,"beard_4":0,"watches_1":-1,"complexion_2":0,"nose_5":0,"sex":0,"eyebrows_6":0,"pants_2":0,"eyebrows_1":0,"dad":0,"blush_2":0}},{"label":"بس ميو","skin":{"bodyb_1":-1,"chain_1":1,"face":0,"beard_3":0,"eye_color":0,"chin_2":0,"helmet_1":114,"ears_1":-1,"torso_1":190,"beard_2":10,"lip_thickness":0,"bproof_1":0,"arms_2":0,"decals_2":0,"watches_2":0,"ears_2":0,"torso_2":22,"eyebrows_2":0,"sun_1":0,"chain_2":2,"lipstick_4":0,"cheeks_1":0,"chest_2":0,"neck_thickness":0,"pants_1":31,"beard_1":10,"makeup_4":0,"cheeks_3":0,"bodyb_4":0,"helmet_2":7,"mask_1":0,"sun_2":0,"chest_3":0,"hair_color_1":2,"eyebrows_5":0,"bags_1":0,"chin_1":0,"bags_2":0,"mask_2":0,"lipstick_1":0,"jaw_1":0,"complexion_1":0,"makeup_2":0,"age_2":0,"glasses_2":0,"arms":30,"shoes_2":0,"moles_2":0,"blush_3":0,"bracelets_2":0,"chin_3":0,"shoes_1":25,"bproof_2":0,"bodyb_2":0,"chin_4":0,"decals_1":0,"lipstick_2":0,"skin":0,"mom":21,"hair_2":0,"nose_6":0,"nose_2":0,"hair_1":43,"glasses_1":8,"face_md_weight":50,"bracelets_1":-1,"skin_md_weight":50,"makeup_1":0,"eye_squint":0,"age_1":0,"makeup_3":0,"cheeks_2":0,"blemishes_2":0,"nose_4":0,"tshirt_2":0,"moles_1":0,"hair_color_2":0,"lipstick_3":0,"tshirt_1":15,"sex":0,"eyebrows_3":0,"eyebrows_6":0,"nose_3":0,"watches_1":-1,"complexion_2":0,"nose_1":0,"eyebrows_4":0,"chest_1":0,"beard_4":0,"bodyb_3":-1,"jaw_2":0,"nose_5":0,"pants_2":0,"blemishes_1":0,"blush_2":0,"eyebrows_1":0,"dad":0,"blush_1":0}},{"label":"قوات","skin":{"bodyb_1":-1,"chain_1":0,"face":0,"beard_3":0,"bproof_2":0,"complexion_1":0,"helmet_1":141,"moles_1":0,"torso_1":53,"beard_2":10,"lip_thickness":0,"bproof_1":0,"arms_2":0,"decals_2":0,"watches_2":0,"ears_2":0,"torso_2":0,"arms":31,"sun_1":0,"chain_2":0,"lipstick_4":0,"cheeks_1":0,"chest_2":0,"neck_thickness":0,"pants_1":31,"beard_1":10,"makeup_4":0,"cheeks_3":0,"bodyb_4":0,"helmet_2":0,"mask_1":72,"sun_2":0,"chest_3":0,"hair_color_1":2,"eyebrows_5":0,"skin_md_weight":50,"chin_1":0,"bracelets_2":0,"mask_2":0,"lipstick_1":0,"jaw_1":0,"bags_2":0,"makeup_2":0,"age_2":0,"glasses_2":0,"eye_color":0,"chin_3":0,"shoes_2":0,"blush_3":0,"ears_1":0,"decals_1":0,"shoes_1":25,"blemishes_2":0,"jaw_2":0,"chin_4":0,"moles_2":0,"chin_2":0,"skin":0,"mom":21,"hair_2":0,"hair_1":43,"nose_2":0,"glasses_1":0,"lipstick_2":0,"bodyb_2":0,"bracelets_1":-1,"age_1":0,"face_md_weight":50,"eye_squint":0,"cheeks_2":0,"makeup_3":0,"complexion_2":0,"hair_color_2":0,"pants_2":0,"blush_2":0,"bags_1":0,"nose_3":0,"makeup_1":0,"tshirt_1":15,"sex":0,"eyebrows_3":0,"eyebrows_6":0,"eyebrows_2":0,"chest_1":0,"blemishes_1":0,"nose_1":0,"eyebrows_4":0,"watches_1":-1,"beard_4":0,"nose_6":0,"tshirt_2":0,"nose_5":0,"nose_4":0,"bodyb_3":-1,"lipstick_3":0,"eyebrows_1":0,"dad":0,"blush_1":0}},{"label":"s","skin":{"age_1":0,"chain_1":0,"face":0,"beard_3":0,"bproof_2":2,"blemishes_2":0,"helmet_1":141,"ears_1":0,"torso_1":53,"beard_2":10,"lip_thickness":0,"bproof_1":8,"arms_2":0,"decals_2":0,"watches_2":0,"ears_2":0,"torso_2":0,"arms":31,"sun_1":0,"chain_2":0,"lipstick_4":0,"cheeks_1":0,"chest_2":0,"neck_thickness":0,"pants_1":31,"beard_1":10,"makeup_4":0,"cheeks_3":0,"bodyb_4":0,"helmet_2":0,"mask_1":72,"sun_2":0,"chest_3":0,"hair_color_1":2,"eyebrows_5":0,"skin_md_weight":50,"chin_1":0,"bags_2":0,"mask_2":0,"lipstick_1":0,"decals_1":0,"bodyb_1":-1,"makeup_2":0,"age_2":0,"glasses_2":0,"eye_color":0,"chin_3":0,"bracelets_2":0,"blush_3":0,"chin_4":0,"bodyb_3":-1,"shoes_1":25,"shoes_2":0,"bodyb_2":0,"complexion_1":0,"moles_2":0,"hair_1":43,"skin":0,"mom":21,"hair_2":0,"chin_2":0,"nose_2":0,"lipstick_2":0,"pants_2":0,"glasses_1":0,"bracelets_1":-1,"jaw_1":0,"blemishes_1":0,"eye_squint":0,"face_md_weight":50,"makeup_3":0,"cheeks_2":0,"eyebrows_6":0,"nose_4":0,"nose_6":0,"moles_1":0,"hair_color_2":0,"makeup_1":0,"tshirt_1":15,"sex":0,"eyebrows_3":0,"bags_1":0,"nose_3":0,"blush_2":0,"tshirt_2":0,"nose_1":0,"eyebrows_4":0,"watches_1":-1,"beard_4":0,"eyebrows_2":0,"jaw_2":0,"nose_5":0,"chest_1":0,"complexion_2":0,"lipstick_3":0,"eyebrows_1":0,"dad":0,"blush_1":0}},{"label":"s","skin":{"age_1":0,"bags_2":0,"mask_2":0,"chain_1":1,"face":8,"beard_3":0,"bproof_2":0,"makeup_2":0,"age_2":0,"ears_1":-1,"shoes_2":0,"torso_1":25,"shoes_1":0,"beard_2":10,"glasses_2":0,"skin":0,"hair_2":0,"makeup_1":0,"lipstick_2":0,"lipstick_1":0,"hair_1":43,"torso_2":0,"makeup_3":0,"arms":0,"decals_1":0,"pants_2":1,"ears_2":0,"lipstick_4":0,"hair_color_1":0,"hair_color_2":0,"tshirt_1":6,"sex":0,"eyebrows_3":0,"pants_1":128,"eyebrows_2":0,"chain_2":0,"beard_1":10,"glasses_1":5,"eyebrows_4":0,"makeup_4":0,"beard_4":0,"helmet_1":-1,"helmet_2":0,"mask_1":0,"bproof_1":0,"decals_2":0,"lipstick_3":0,"eyebrows_1":0,"tshirt_2":0,"bags_1":0}},{"label":"fs","skin":{"age_1":0,"bags_2":0,"mask_2":0,"chain_1":1,"face":8,"beard_3":0,"bproof_2":0,"makeup_2":0,"age_2":0,"ears_1":-1,"shoes_2":0,"torso_1":61,"shoes_1":25,"beard_2":10,"glasses_2":0,"skin":0,"hair_2":0,"makeup_1":0,"lipstick_2":0,"lipstick_1":0,"ears_2":0,"torso_2":3,"makeup_3":0,"eyebrows_2":0,"decals_1":0,"chain_2":0,"pants_2":0,"lipstick_4":0,"arms":26,"hair_color_2":0,"tshirt_1":15,"sex":0,"eyebrows_3":0,"pants_1":31,"hair_color_1":0,"lipstick_3":0,"beard_1":10,"glasses_1":5,"eyebrows_4":0,"makeup_4":0,"beard_4":0,"hair_1":43,"helmet_2":0,"mask_1":0,"helmet_1":-1,"bproof_1":0,"decals_2":0,"eyebrows_1":0,"tshirt_2":0,"bags_1":0}}]}'),
	(812, 'user_ears', '28fadca751c8eac586c3946c4216f128982ccf5e', '{}'),
	(813, 'user_glasses', '28fadca751c8eac586c3946c4216f128982ccf5e', '{"hasGlasses":true,"skin":{"glasses_1":8,"glasses_2":0}}'),
	(814, 'user_helmet', '28fadca751c8eac586c3946c4216f128982ccf5e', '{"skin":{"helmet_1":58,"helmet_2":2},"hasHelmet":true}'),
	(815, 'user_mask', '28fadca751c8eac586c3946c4216f128982ccf5e', '{}'),
	(816, 'property', '7ff0ae023be24eddccc38f4f453caa97802ca105', '{"dressing":[{"skin":{"bags_1":0,"beard_3":0,"helmet_1":21,"mask_1":0,"glasses_2":0,"chain_1":0,"makeup_2":0,"bproof_1":0,"ears_2":0,"hair_2":0,"glasses_1":0,"helmet_2":1,"tshirt_2":2,"makeup_1":0,"eyebrows_3":0,"lipstick_2":0,"eyebrows_4":0,"tshirt_1":31,"eyebrows_1":0,"sex":0,"beard_1":0,"makeup_4":0,"shoes_1":10,"face":0,"age_2":0,"pants_1":20,"age_1":0,"hair_color_1":0,"lipstick_4":0,"torso_2":2,"hair_1":0,"decals_1":0,"lipstick_1":0,"arms":0,"ears_1":-1,"chain_2":0,"pants_2":3,"skin":0,"torso_1":29,"lipstick_3":0,"bproof_2":0,"makeup_3":0,"bags_2":0,"mask_2":0,"eyebrows_2":0,"decals_2":0,"beard_2":0,"beard_4":0,"hair_color_2":0,"shoes_2":0},"label":"AZ"}]}'),
	(817, 'user_ears', '7ff0ae023be24eddccc38f4f453caa97802ca105', '{}'),
	(818, 'user_glasses', '7ff0ae023be24eddccc38f4f453caa97802ca105', '{}'),
	(819, 'user_helmet', '7ff0ae023be24eddccc38f4f453caa97802ca105', '{}'),
	(820, 'user_mask', '7ff0ae023be24eddccc38f4f453caa97802ca105', '{}'),
	(821, 'property', 'f94e1fc960b88c90c15719ec117680df20cf21a0', '{}'),
	(822, 'user_ears', 'f94e1fc960b88c90c15719ec117680df20cf21a0', '{}'),
	(823, 'user_glasses', 'f94e1fc960b88c90c15719ec117680df20cf21a0', '{}'),
	(824, 'user_helmet', 'f94e1fc960b88c90c15719ec117680df20cf21a0', '{}'),
	(825, 'user_mask', 'f94e1fc960b88c90c15719ec117680df20cf21a0', '{}'),
	(826, 'housing', 'df992107859e130f5dc0dc8a62d50a8e587b19bc', '{}'),
	(827, 'housing', '28fadca751c8eac586c3946c4216f128982ccf5e', '{}'),
	(828, 'housing', '7ff0ae023be24eddccc38f4f453caa97802ca105', '{}'),
	(829, 'housing', 'd9de52bb7daa02095af111c5a1d7ef6f98529ab9', '{}'),
	(830, 'housing', 'c582bc94d756bdf8a64d8c385e68a0bade3a9b5f', '{}'),
	(831, 'property', 'c582bc94d756bdf8a64d8c385e68a0bade3a9b5f', '{"dressing":[{"label":"1","skin":{"mask_2":0,"bproof_1":0,"ears_2":0,"pants_2":0,"decals_1":0,"makeup_3":0,"glasses_1":17,"beard_2":10,"pants_1":6,"makeup_1":0,"shoes_1":4,"torso_1":34,"beard_4":0,"hair_color_1":29,"shoes_2":1,"helmet_1":-1,"age_2":10,"eyebrows_3":0,"bags_2":0,"eyebrows_1":1,"ears_1":-1,"makeup_4":0,"beard_3":0,"bags_1":0,"helmet_2":0,"makeup_2":0,"bproof_2":0,"torso_2":0,"hair_2":0,"glasses_2":7,"chain_1":0,"mask_1":0,"age_1":12,"hair_1":45,"sex":0,"skin":1,"lipstick_2":0,"lipstick_4":0,"eyebrows_4":0,"chain_2":0,"lipstick_3":0,"beard_1":10,"face":0,"hair_color_2":0,"arms":0,"tshirt_2":0,"decals_2":0,"tshirt_1":15,"eyebrows_2":10,"lipstick_1":0}},{"skin":{"mask_2":0,"bproof_1":0,"ears_2":0,"pants_2":0,"decals_1":0,"makeup_3":0,"lipstick_3":0,"beard_2":10,"lipstick_4":0,"makeup_1":0,"shoes_1":4,"torso_1":34,"beard_4":0,"hair_color_1":29,"shoes_2":1,"helmet_1":-1,"age_2":10,"eyebrows_3":0,"bags_2":0,"eyebrows_1":1,"ears_1":-1,"makeup_4":0,"helmet_2":0,"bags_1":0,"beard_3":0,"makeup_2":0,"decals_2":0,"torso_2":0,"bproof_2":0,"pants_1":6,"chain_1":0,"mask_1":0,"hair_2":0,"hair_1":45,"sex":0,"skin":1,"glasses_2":7,"lipstick_2":0,"eyebrows_4":0,"age_1":12,"eyebrows_2":10,"beard_1":10,"face":0,"hair_color_2":0,"arms":0,"tshirt_2":0,"glasses_1":17,"tshirt_1":15,"lipstick_1":0,"chain_2":0},"label":"1"}]}'),
	(832, 'user_ears', 'c582bc94d756bdf8a64d8c385e68a0bade3a9b5f', '{}'),
	(833, 'user_glasses', 'c582bc94d756bdf8a64d8c385e68a0bade3a9b5f', '{}'),
	(834, 'user_helmet', 'c582bc94d756bdf8a64d8c385e68a0bade3a9b5f', '{"skin":{"helmet_2":0,"helmet_1":102},"hasHelmet":true}'),
	(835, 'user_mask', 'c582bc94d756bdf8a64d8c385e68a0bade3a9b5f', '{}'),
	(836, 'housing', '749865b68a6a6bf12a8641101848f3c7281337fd', '{}'),
	(837, 'housing', 'f94e1fc960b88c90c15719ec117680df20cf21a0', '{}'),
	(838, 'housing', 'e56fffa074d793c3cf89a3b46e2e0d93b213bd1f', '{}'),
	(839, 'property', 'e56fffa074d793c3cf89a3b46e2e0d93b213bd1f', '{}'),
	(840, 'user_ears', 'e56fffa074d793c3cf89a3b46e2e0d93b213bd1f', '{}'),
	(841, 'user_glasses', 'e56fffa074d793c3cf89a3b46e2e0d93b213bd1f', '{}'),
	(842, 'user_helmet', 'e56fffa074d793c3cf89a3b46e2e0d93b213bd1f', '{}'),
	(843, 'user_mask', 'e56fffa074d793c3cf89a3b46e2e0d93b213bd1f', '{}'),
	(844, 'housing', '0904a9e573ae8d49f3a40fe7608426a462611ff3', '{}'),
	(845, 'property', '0904a9e573ae8d49f3a40fe7608426a462611ff3', '{}'),
	(846, 'user_ears', '0904a9e573ae8d49f3a40fe7608426a462611ff3', '{}'),
	(847, 'user_glasses', '0904a9e573ae8d49f3a40fe7608426a462611ff3', '{}'),
	(848, 'user_helmet', '0904a9e573ae8d49f3a40fe7608426a462611ff3', '{}'),
	(849, 'user_mask', '0904a9e573ae8d49f3a40fe7608426a462611ff3', '{}'),
	(850, 'housing', '54d95dd0c169b7099d5ea6436b2c89bec577a3a1', '{}'),
	(851, 'housing', 'ba426fddb01f60992a655c417ddd8268e828b6f5', '{}'),
	(852, 'property', 'ba426fddb01f60992a655c417ddd8268e828b6f5', '{}'),
	(853, 'user_ears', 'ba426fddb01f60992a655c417ddd8268e828b6f5', '{}'),
	(854, 'user_glasses', 'ba426fddb01f60992a655c417ddd8268e828b6f5', '{}'),
	(855, 'user_helmet', 'ba426fddb01f60992a655c417ddd8268e828b6f5', '{}'),
	(856, 'user_mask', 'ba426fddb01f60992a655c417ddd8268e828b6f5', '{}'),
	(857, 'housing', 'f335ad727aa3f12fc9e0bb4709689edc01af0b01', '{}'),
	(858, 'property', 'f335ad727aa3f12fc9e0bb4709689edc01af0b01', '{"dressing":[{"skin":{"mask_2":0,"bproof_1":0,"ears_2":0,"pants_2":0,"decals_2":0,"makeup_3":0,"glasses_1":5,"beard_2":0,"pants_1":4,"makeup_1":0,"shoes_1":1,"torso_1":330,"beard_4":0,"hair_color_1":0,"shoes_2":0,"helmet_1":143,"age_2":0,"eyebrows_3":0,"bags_2":0,"eyebrows_1":0,"lipstick_3":0,"makeup_4":0,"beard_3":0,"bags_1":0,"glasses_2":1,"decals_1":0,"lipstick_1":0,"torso_2":0,"hair_2":1,"chain_2":0,"chain_1":1,"mask_1":0,"age_1":0,"hair_1":19,"helmet_2":0,"skin":0,"makeup_2":0,"bproof_2":0,"lipstick_2":0,"lipstick_4":0,"eyebrows_4":0,"beard_1":0,"face":0,"hair_color_2":1,"arms":19,"tshirt_2":0,"eyebrows_2":0,"tshirt_1":15,"sex":0,"ears_1":-1},"label":"1212"}]}'),
	(859, 'user_ears', 'f335ad727aa3f12fc9e0bb4709689edc01af0b01', '{}'),
	(860, 'user_glasses', 'f335ad727aa3f12fc9e0bb4709689edc01af0b01', '{}'),
	(861, 'user_helmet', 'f335ad727aa3f12fc9e0bb4709689edc01af0b01', '{}'),
	(862, 'user_mask', 'f335ad727aa3f12fc9e0bb4709689edc01af0b01', '{}'),
	(863, 'housing', '437f738fe8eae3ecafc37a04f13fd8e2fe8e7730', '{}'),
	(864, 'property', '437f738fe8eae3ecafc37a04f13fd8e2fe8e7730', '{"dressing":[{"skin":{"mask_2":0,"bproof_1":0,"ears_2":0,"pants_2":4,"decals_1":0,"makeup_3":-1,"glasses_1":0,"beard_2":10,"pants_1":16,"makeup_1":0,"shoes_1":5,"torso_1":235,"beard_4":0,"hair_color_1":0,"shoes_2":15,"helmet_1":84,"age_2":0,"eyebrows_3":35,"bags_2":0,"eyebrows_1":1,"beard_3":39,"makeup_4":0,"helmet_2":4,"bags_1":0,"glasses_2":0,"age_1":0,"bproof_2":0,"torso_2":5,"hair_2":0,"eyebrows_2":10,"chain_1":0,"mask_1":0,"lipstick_1":0,"hair_1":0,"sex":0,"skin":0,"lipstick_2":0,"lipstick_4":0,"eyebrows_4":0,"decals_2":0,"lipstick_3":0,"beard_1":10,"face":0,"hair_color_2":0,"arms":0,"tshirt_2":0,"ears_1":-1,"tshirt_1":15,"chain_2":0,"makeup_2":0},"label":"1234"},{"skin":{"mask_2":0,"bproof_1":0,"ears_2":0,"beard_3":39,"decals_1":0,"makeup_3":-1,"glasses_1":0,"beard_2":10,"lipstick_4":0,"makeup_1":0,"shoes_1":5,"torso_1":235,"beard_4":0,"hair_color_1":0,"shoes_2":15,"helmet_1":14,"age_2":0,"eyebrows_3":35,"bags_2":0,"eyebrows_1":1,"bproof_2":0,"makeup_4":0,"helmet_2":4,"bags_1":0,"glasses_2":0,"pants_2":4,"pants_1":16,"torso_2":5,"hair_2":0,"age_1":0,"chain_1":0,"mask_1":0,"eyebrows_2":10,"hair_1":0,"sex":0,"skin":0,"lipstick_2":0,"decals_2":0,"eyebrows_4":0,"lipstick_1":0,"lipstick_3":0,"beard_1":10,"face":0,"hair_color_2":0,"arms":0,"tshirt_2":0,"makeup_2":0,"tshirt_1":15,"chain_2":0,"ears_1":-1}},{"skin":{"mask_2":0,"bproof_1":0,"ears_2":0,"pants_2":4,"decals_1":0,"makeup_3":-1,"lipstick_3":0,"beard_2":10,"pants_1":16,"makeup_1":0,"shoes_1":5,"torso_1":236,"beard_4":0,"hair_color_1":0,"shoes_2":15,"helmet_1":14,"age_2":0,"eyebrows_3":35,"bags_2":0,"eyebrows_1":1,"glasses_1":0,"makeup_4":0,"torso_2":5,"bags_1":0,"helmet_2":4,"glasses_2":0,"lipstick_1":0,"bproof_2":0,"hair_2":0,"beard_3":39,"chain_1":0,"mask_1":0,"age_1":0,"hair_1":0,"sex":0,"skin":0,"decals_2":0,"lipstick_2":0,"lipstick_4":0,"eyebrows_4":0,"eyebrows_2":10,"beard_1":10,"face":0,"hair_color_2":0,"arms":0,"tshirt_2":0,"ears_1":-1,"tshirt_1":15,"chain_2":0,"makeup_2":0},"label":"عمر الحزين"}]}'),
	(865, 'user_ears', '437f738fe8eae3ecafc37a04f13fd8e2fe8e7730', '{}'),
	(866, 'user_glasses', '437f738fe8eae3ecafc37a04f13fd8e2fe8e7730', '{"hasGlasses":true,"skin":{"glasses_1":30,"glasses_2":4}}'),
	(867, 'user_helmet', '437f738fe8eae3ecafc37a04f13fd8e2fe8e7730', '{"skin":{"helmet_1":14,"helmet_2":4},"hasHelmet":true}'),
	(868, 'user_mask', '437f738fe8eae3ecafc37a04f13fd8e2fe8e7730', '{}'),
	(869, 'housing', '7ff62c8a8826eebf58ebca29988b095224bc546e', '{}'),
	(870, 'property', '7ff62c8a8826eebf58ebca29988b095224bc546e', '{}'),
	(871, 'user_ears', '7ff62c8a8826eebf58ebca29988b095224bc546e', '{}'),
	(872, 'user_glasses', '7ff62c8a8826eebf58ebca29988b095224bc546e', '{}'),
	(873, 'user_helmet', '7ff62c8a8826eebf58ebca29988b095224bc546e', '{}'),
	(874, 'user_mask', '7ff62c8a8826eebf58ebca29988b095224bc546e', '{}'),
	(875, 'housing', '4919f92f6113d18b5222053cec77c9211a56b73b', '{}'),
	(876, 'property', '4919f92f6113d18b5222053cec77c9211a56b73b', '{}'),
	(877, 'user_ears', '4919f92f6113d18b5222053cec77c9211a56b73b', '{}'),
	(878, 'user_glasses', '4919f92f6113d18b5222053cec77c9211a56b73b', '{}'),
	(879, 'user_helmet', '4919f92f6113d18b5222053cec77c9211a56b73b', '{}'),
	(880, 'user_mask', '4919f92f6113d18b5222053cec77c9211a56b73b', '{}'),
	(881, 'housing', '2d13c1e7cd62700344f30edd12333c479332d836', '{}'),
	(882, 'property', '2d13c1e7cd62700344f30edd12333c479332d836', '{}'),
	(883, 'user_ears', '2d13c1e7cd62700344f30edd12333c479332d836', '{}'),
	(884, 'user_glasses', '2d13c1e7cd62700344f30edd12333c479332d836', '{}'),
	(885, 'user_helmet', '2d13c1e7cd62700344f30edd12333c479332d836', '{}'),
	(886, 'user_mask', '2d13c1e7cd62700344f30edd12333c479332d836', '{}'),
	(887, 'housing', '19f79eddb069fa5d09c6440beab8712182945622', '{}'),
	(888, 'property', '19f79eddb069fa5d09c6440beab8712182945622', '{}'),
	(889, 'user_ears', '19f79eddb069fa5d09c6440beab8712182945622', '{}'),
	(890, 'user_glasses', '19f79eddb069fa5d09c6440beab8712182945622', '{}'),
	(891, 'user_helmet', '19f79eddb069fa5d09c6440beab8712182945622', '{}'),
	(892, 'user_mask', '19f79eddb069fa5d09c6440beab8712182945622', '{}'),
	(893, 'housing', '7ae83c596ed7ec19b585fa898d51819832768397', '{}'),
	(894, 'property', '7ae83c596ed7ec19b585fa898d51819832768397', '{}'),
	(895, 'user_ears', '7ae83c596ed7ec19b585fa898d51819832768397', '{}'),
	(896, 'user_glasses', '7ae83c596ed7ec19b585fa898d51819832768397', '{}'),
	(897, 'user_helmet', '7ae83c596ed7ec19b585fa898d51819832768397', '{}'),
	(898, 'user_mask', '7ae83c596ed7ec19b585fa898d51819832768397', '{}'),
	(899, 'housing', '13b09e49f0a916885ae61556e94f722af4d9b4a5', '{}'),
	(900, 'property', '13b09e49f0a916885ae61556e94f722af4d9b4a5', '{}'),
	(901, 'user_ears', '13b09e49f0a916885ae61556e94f722af4d9b4a5', '{}'),
	(902, 'user_glasses', '13b09e49f0a916885ae61556e94f722af4d9b4a5', '{}'),
	(903, 'user_helmet', '13b09e49f0a916885ae61556e94f722af4d9b4a5', '{}'),
	(904, 'user_mask', '13b09e49f0a916885ae61556e94f722af4d9b4a5', '{}'),
	(905, 'housing', '2f0c8ce1d372a5bdd6b3dce156b27dada353a157', '{}'),
	(906, 'property', '2f0c8ce1d372a5bdd6b3dce156b27dada353a157', '{}'),
	(907, 'user_ears', '2f0c8ce1d372a5bdd6b3dce156b27dada353a157', '{}'),
	(908, 'user_glasses', '2f0c8ce1d372a5bdd6b3dce156b27dada353a157', '{}'),
	(909, 'user_helmet', '2f0c8ce1d372a5bdd6b3dce156b27dada353a157', '{}'),
	(910, 'user_mask', '2f0c8ce1d372a5bdd6b3dce156b27dada353a157', '{}'),
	(911, 'housing', '0b9dab33214a986e16dc294e95f5dbc0bad9638e', '{}'),
	(912, 'property', '0b9dab33214a986e16dc294e95f5dbc0bad9638e', '{}'),
	(913, 'user_ears', '0b9dab33214a986e16dc294e95f5dbc0bad9638e', '{}'),
	(914, 'user_glasses', '0b9dab33214a986e16dc294e95f5dbc0bad9638e', '{}'),
	(915, 'user_helmet', '0b9dab33214a986e16dc294e95f5dbc0bad9638e', '{}'),
	(916, 'user_mask', '0b9dab33214a986e16dc294e95f5dbc0bad9638e', '{}'),
	(917, 'housing', 'a7c48b7ea9bc3a69cde74d3d51e109045d1b8288', '{}'),
	(918, 'housing', '4c84414c4afa7238176110f5fa92fbc5a1e8c77c', '{}'),
	(919, 'property', '4c84414c4afa7238176110f5fa92fbc5a1e8c77c', '{}'),
	(920, 'user_ears', '4c84414c4afa7238176110f5fa92fbc5a1e8c77c', '{}'),
	(921, 'user_glasses', '4c84414c4afa7238176110f5fa92fbc5a1e8c77c', '{}'),
	(922, 'user_helmet', '4c84414c4afa7238176110f5fa92fbc5a1e8c77c', '{}'),
	(923, 'user_mask', '4c84414c4afa7238176110f5fa92fbc5a1e8c77c', '{}'),
	(924, 'housing', '9347564f07320e49b1b4d68218267865ca50928c', '{}'),
	(925, 'property', '9347564f07320e49b1b4d68218267865ca50928c', '{}'),
	(926, 'user_ears', '9347564f07320e49b1b4d68218267865ca50928c', '{}'),
	(927, 'user_glasses', '9347564f07320e49b1b4d68218267865ca50928c', '{}'),
	(928, 'user_helmet', '9347564f07320e49b1b4d68218267865ca50928c', '{}'),
	(929, 'user_mask', '9347564f07320e49b1b4d68218267865ca50928c', '{}'),
	(930, 'housing', '0e9199b284192a1afd456555501da6ecd0dce12a', '{}'),
	(931, 'property', '0e9199b284192a1afd456555501da6ecd0dce12a', '{}'),
	(932, 'user_ears', '0e9199b284192a1afd456555501da6ecd0dce12a', '{}'),
	(933, 'user_glasses', '0e9199b284192a1afd456555501da6ecd0dce12a', '{}'),
	(934, 'user_helmet', '0e9199b284192a1afd456555501da6ecd0dce12a', '{}'),
	(935, 'user_mask', '0e9199b284192a1afd456555501da6ecd0dce12a', '{}'),
	(936, 'user_glasses', 'e5586b1ebc6df3477de5446eb97fdd8b874a9eed', '{}'),
	(937, 'property', 'e5586b1ebc6df3477de5446eb97fdd8b874a9eed', '{}'),
	(938, 'housing', 'e5586b1ebc6df3477de5446eb97fdd8b874a9eed', '{}'),
	(939, 'user_ears', 'e5586b1ebc6df3477de5446eb97fdd8b874a9eed', '{}'),
	(940, 'user_helmet', 'e5586b1ebc6df3477de5446eb97fdd8b874a9eed', '{}'),
	(941, 'user_mask', 'e5586b1ebc6df3477de5446eb97fdd8b874a9eed', '{}'),
	(942, 'housing', '17effcc24133040a49e44f368651f2d3f296d7dd', '{}'),
	(943, 'property', '17effcc24133040a49e44f368651f2d3f296d7dd', '{}'),
	(944, 'user_ears', '17effcc24133040a49e44f368651f2d3f296d7dd', '{}'),
	(945, 'user_glasses', '17effcc24133040a49e44f368651f2d3f296d7dd', '{}'),
	(946, 'user_helmet', '17effcc24133040a49e44f368651f2d3f296d7dd', '{}'),
	(947, 'user_mask', '17effcc24133040a49e44f368651f2d3f296d7dd', '{}'),
	(948, 'housing', '4abeb87e82e0868ab8100165459459f687e19a92', '{}'),
	(949, 'property', '4abeb87e82e0868ab8100165459459f687e19a92', '{"dressing":[{"skin":{"makeup_4":0,"helmet_2":0,"tshirt_2":0,"decals_2":0,"hair_color_1":0,"beard_4":0,"glasses_2":0,"skin":0,"age_2":0,"hair_2":0,"makeup_3":0,"lipstick_1":0,"hair_1":0,"eyebrows_3":0,"beard_2":0,"arms":4,"pants_1":10,"glasses_1":0,"eyebrows_2":0,"bproof_2":0,"makeup_1":0,"lipstick_4":0,"bags_2":0,"torso_2":0,"shoes_2":2,"bags_1":0,"pants_2":0,"chain_1":0,"beard_1":0,"ears_1":-1,"tshirt_1":21,"mask_2":0,"hair_color_2":0,"lipstick_3":0,"makeup_2":0,"bproof_1":0,"ears_2":0,"beard_3":0,"helmet_1":-1,"sex":0,"face":0,"eyebrows_1":0,"eyebrows_4":0,"decals_1":0,"shoes_1":7,"torso_1":4,"age_1":0,"lipstick_2":0,"chain_2":0,"mask_1":0},"label":"sdsd"}]}'),
	(950, 'user_ears', '4abeb87e82e0868ab8100165459459f687e19a92', '{}'),
	(951, 'user_glasses', '4abeb87e82e0868ab8100165459459f687e19a92', '{}'),
	(952, 'user_helmet', '4abeb87e82e0868ab8100165459459f687e19a92', '{}'),
	(953, 'user_mask', '4abeb87e82e0868ab8100165459459f687e19a92', '{}'),
	(954, 'housing', 'd17d32740a3a51a75c16592672ba6f69bcdca200', '{}'),
	(955, 'property', 'd17d32740a3a51a75c16592672ba6f69bcdca200', '{}'),
	(956, 'user_ears', 'd17d32740a3a51a75c16592672ba6f69bcdca200', '{}'),
	(957, 'user_glasses', 'd17d32740a3a51a75c16592672ba6f69bcdca200', '{}'),
	(958, 'user_helmet', 'd17d32740a3a51a75c16592672ba6f69bcdca200', '{}'),
	(959, 'user_mask', 'd17d32740a3a51a75c16592672ba6f69bcdca200', '{}'),
	(960, 'housing', '06b60d51205ab7ac068629c827e700e92bc93dac', '{}'),
	(961, 'housing', 'd44e113cb9ac9a66faaf69fdf92132df9681df4b', '{}'),
	(962, 'property', 'd44e113cb9ac9a66faaf69fdf92132df9681df4b', '{}'),
	(963, 'user_ears', 'd44e113cb9ac9a66faaf69fdf92132df9681df4b', '{}'),
	(964, 'user_glasses', 'd44e113cb9ac9a66faaf69fdf92132df9681df4b', '{}'),
	(965, 'user_helmet', 'd44e113cb9ac9a66faaf69fdf92132df9681df4b', '{}'),
	(966, 'user_mask', 'd44e113cb9ac9a66faaf69fdf92132df9681df4b', '{}'),
	(967, 'housing', '5e72ab7638d4dd7185d6828bb2ace51f3a9b1e50', '{}'),
	(968, 'property', '5e72ab7638d4dd7185d6828bb2ace51f3a9b1e50', '{}'),
	(969, 'user_ears', '5e72ab7638d4dd7185d6828bb2ace51f3a9b1e50', '{}'),
	(970, 'user_glasses', '5e72ab7638d4dd7185d6828bb2ace51f3a9b1e50', '{}'),
	(971, 'user_helmet', '5e72ab7638d4dd7185d6828bb2ace51f3a9b1e50', '{}'),
	(972, 'user_mask', '5e72ab7638d4dd7185d6828bb2ace51f3a9b1e50', '{}'),
	(973, 'housing', 'e9dd8335969fc6f64ba1f9881d8c564aa32b4f51', '{}'),
	(974, 'property', 'e9dd8335969fc6f64ba1f9881d8c564aa32b4f51', '{}'),
	(975, 'user_ears', 'e9dd8335969fc6f64ba1f9881d8c564aa32b4f51', '{}'),
	(976, 'user_glasses', 'e9dd8335969fc6f64ba1f9881d8c564aa32b4f51', '{}'),
	(977, 'user_helmet', 'e9dd8335969fc6f64ba1f9881d8c564aa32b4f51', '{}'),
	(978, 'user_mask', 'e9dd8335969fc6f64ba1f9881d8c564aa32b4f51', '{}'),
	(979, 'housing', '7ce8bdc43bcb8cfe008c13caec10fae6d2106d54', '{}'),
	(980, 'property', '7ce8bdc43bcb8cfe008c13caec10fae6d2106d54', '{"dressing":[{"label":"1","skin":{"arms":0,"pants_2":0,"makeup_2":0,"ears_1":-1,"tshirt_1":15,"pants_1":33,"bproof_2":0,"beard_1":10,"bags_1":0,"hair_2":0,"bproof_1":0,"age_2":0,"chain_1":0,"eyebrows_4":0,"beard_3":28,"makeup_4":0,"decals_2":0,"sex":0,"hair_color_2":0,"glasses_2":0,"beard_2":4,"lipstick_3":0,"torso_2":9,"makeup_1":0,"hair_1":3,"eyebrows_2":0,"beard_4":0,"age_1":0,"eyebrows_1":0,"skin":5,"helmet_2":0,"helmet_1":-1,"lipstick_1":0,"hair_color_1":27,"bags_2":0,"torso_1":143,"mask_2":0,"decals_1":0,"lipstick_2":0,"chain_2":0,"shoes_1":9,"lipstick_4":0,"face":0,"tshirt_2":0,"glasses_1":0,"makeup_3":0,"shoes_2":0,"ears_2":0,"mask_1":0,"eyebrows_3":0}}]}'),
	(981, 'user_ears', '7ce8bdc43bcb8cfe008c13caec10fae6d2106d54', '{}'),
	(982, 'user_glasses', '7ce8bdc43bcb8cfe008c13caec10fae6d2106d54', '{"skin":{"glasses_2":5,"glasses_1":5},"hasGlasses":true}'),
	(983, 'user_helmet', '7ce8bdc43bcb8cfe008c13caec10fae6d2106d54', '{"hasHelmet":true,"skin":{"helmet_2":0,"helmet_1":120}}'),
	(984, 'user_mask', '7ce8bdc43bcb8cfe008c13caec10fae6d2106d54', '{}'),
	(985, 'housing', 'd00de408834e034ba3b4dbc4745143223f752678', '{}'),
	(986, 'housing', '187aeea1d29bdddd842faed0935f8df8430ed379', '{}'),
	(987, 'property', '187aeea1d29bdddd842faed0935f8df8430ed379', '{}'),
	(988, 'user_ears', '187aeea1d29bdddd842faed0935f8df8430ed379', '{}'),
	(989, 'user_glasses', '187aeea1d29bdddd842faed0935f8df8430ed379', '{}'),
	(990, 'user_mask', '187aeea1d29bdddd842faed0935f8df8430ed379', '{}'),
	(991, 'user_helmet', '187aeea1d29bdddd842faed0935f8df8430ed379', '{}'),
	(992, 'housing', '59d64d4db44b8bc2935cb1c8bfb9e62337c0777d', '{}'),
	(993, 'property', '59d64d4db44b8bc2935cb1c8bfb9e62337c0777d', '{}'),
	(994, 'user_ears', '59d64d4db44b8bc2935cb1c8bfb9e62337c0777d', '{}'),
	(995, 'user_glasses', '59d64d4db44b8bc2935cb1c8bfb9e62337c0777d', '{}'),
	(996, 'user_helmet', '59d64d4db44b8bc2935cb1c8bfb9e62337c0777d', '{}'),
	(997, 'user_mask', '59d64d4db44b8bc2935cb1c8bfb9e62337c0777d', '{}'),
	(998, 'housing', 'ce054c1e3d7ff65030f7dcf20a8996372da5238c', '{}'),
	(999, 'property', 'ce054c1e3d7ff65030f7dcf20a8996372da5238c', '{}'),
	(1000, 'user_ears', 'ce054c1e3d7ff65030f7dcf20a8996372da5238c', '{}'),
	(1001, 'user_glasses', 'ce054c1e3d7ff65030f7dcf20a8996372da5238c', '{}'),
	(1002, 'user_helmet', 'ce054c1e3d7ff65030f7dcf20a8996372da5238c', '{}'),
	(1003, 'user_mask', 'ce054c1e3d7ff65030f7dcf20a8996372da5238c', '{}'),
	(1004, 'housing', 'c314232aad95cf1f573d5b953dad063d064c61e2', '{}'),
	(1005, 'housing', '1d5e4d9da2f7ef35eb00b74444961050a788efb7', '{}'),
	(1006, 'property', '1d5e4d9da2f7ef35eb00b74444961050a788efb7', '{}'),
	(1007, 'user_ears', '1d5e4d9da2f7ef35eb00b74444961050a788efb7', '{}'),
	(1008, 'user_glasses', '1d5e4d9da2f7ef35eb00b74444961050a788efb7', '{}'),
	(1009, 'user_helmet', '1d5e4d9da2f7ef35eb00b74444961050a788efb7', '{}'),
	(1010, 'user_mask', '1d5e4d9da2f7ef35eb00b74444961050a788efb7', '{}'),
	(1011, 'housing', '00dd84918ae5756dd48f923df648bccfab887fb1', '{}'),
	(1012, 'property', '00dd84918ae5756dd48f923df648bccfab887fb1', '{}'),
	(1013, 'user_ears', '00dd84918ae5756dd48f923df648bccfab887fb1', '{}'),
	(1014, 'user_glasses', '00dd84918ae5756dd48f923df648bccfab887fb1', '{}'),
	(1015, 'user_helmet', '00dd84918ae5756dd48f923df648bccfab887fb1', '{}'),
	(1016, 'user_mask', '00dd84918ae5756dd48f923df648bccfab887fb1', '{}'),
	(1017, 'housing', '9648dce884c3533ea6ec67628bd1a35b099ccffe', '{}'),
	(1018, 'user_mask', '9648dce884c3533ea6ec67628bd1a35b099ccffe', '{}'),
	(1019, 'property', '9648dce884c3533ea6ec67628bd1a35b099ccffe', '{}'),
	(1020, 'user_ears', '9648dce884c3533ea6ec67628bd1a35b099ccffe', '{}'),
	(1021, 'user_glasses', '9648dce884c3533ea6ec67628bd1a35b099ccffe', '{}'),
	(1022, 'user_helmet', '9648dce884c3533ea6ec67628bd1a35b099ccffe', '{}'),
	(1023, 'housing', 'a7826063b0c7c907ad6eaf9fc5aa85e9cab111aa', '{}'),
	(1024, 'property', 'a7826063b0c7c907ad6eaf9fc5aa85e9cab111aa', '{}'),
	(1025, 'user_ears', 'a7826063b0c7c907ad6eaf9fc5aa85e9cab111aa', '{}'),
	(1026, 'user_glasses', 'a7826063b0c7c907ad6eaf9fc5aa85e9cab111aa', '{}'),
	(1027, 'user_helmet', 'a7826063b0c7c907ad6eaf9fc5aa85e9cab111aa', '{}'),
	(1028, 'user_mask', 'a7826063b0c7c907ad6eaf9fc5aa85e9cab111aa', '{}'),
	(1029, 'housing', '576674673cea884a27b64ad96b8edcff0080063f', '{}'),
	(1030, 'user_ears', '576674673cea884a27b64ad96b8edcff0080063f', '{}'),
	(1031, 'user_helmet', '576674673cea884a27b64ad96b8edcff0080063f', '{}'),
	(1032, 'property', '576674673cea884a27b64ad96b8edcff0080063f', '{}'),
	(1033, 'user_glasses', '576674673cea884a27b64ad96b8edcff0080063f', '{}'),
	(1034, 'user_mask', '576674673cea884a27b64ad96b8edcff0080063f', '{}'),
	(1035, 'user_helmet', '93bec9901019adf04de1a9c6c47ab7b8c73d20a1', '{}'),
	(1036, 'user_glasses', '93bec9901019adf04de1a9c6c47ab7b8c73d20a1', '{}'),
	(1037, 'housing', '93bec9901019adf04de1a9c6c47ab7b8c73d20a1', '{}'),
	(1038, 'user_ears', '93bec9901019adf04de1a9c6c47ab7b8c73d20a1', '{}'),
	(1039, 'property', '93bec9901019adf04de1a9c6c47ab7b8c73d20a1', '{}'),
	(1040, 'user_mask', '93bec9901019adf04de1a9c6c47ab7b8c73d20a1', '{}'),
	(1041, 'housing', '5f872c60bcd57aec54d544b38d8588b5a6f1a33f', '{}'),
	(1042, 'property', '5f872c60bcd57aec54d544b38d8588b5a6f1a33f', '{}'),
	(1043, 'user_ears', '5f872c60bcd57aec54d544b38d8588b5a6f1a33f', '{}'),
	(1044, 'user_glasses', '5f872c60bcd57aec54d544b38d8588b5a6f1a33f', '{}'),
	(1045, 'user_helmet', '5f872c60bcd57aec54d544b38d8588b5a6f1a33f', '{}'),
	(1046, 'user_mask', '5f872c60bcd57aec54d544b38d8588b5a6f1a33f', '{}'),
	(1047, 'housing', '0a7302c53c5ceb6ee22dfc8d66194c4efa4fea53', '{}'),
	(1048, 'property', '0a7302c53c5ceb6ee22dfc8d66194c4efa4fea53', '{}'),
	(1049, 'user_ears', '0a7302c53c5ceb6ee22dfc8d66194c4efa4fea53', '{}'),
	(1050, 'user_glasses', '0a7302c53c5ceb6ee22dfc8d66194c4efa4fea53', '{}'),
	(1051, 'user_helmet', '0a7302c53c5ceb6ee22dfc8d66194c4efa4fea53', '{}'),
	(1052, 'user_mask', '0a7302c53c5ceb6ee22dfc8d66194c4efa4fea53', '{}');
/*!40000 ALTER TABLE `datastore_data` ENABLE KEYS */;

-- Dumping structure for table es_extended.fine_types
CREATE TABLE IF NOT EXISTS `fine_types` (
  `id` int(11) NOT NULL AUTO_INCREMENT,
  `label` varchar(255) DEFAULT NULL,
  `amount` int(11) DEFAULT NULL,
  `category` int(11) DEFAULT NULL,
  PRIMARY KEY (`id`)
) ENGINE=InnoDB AUTO_INCREMENT=67 DEFAULT CHARSET=utf8;

-- Dumping data for table es_extended.fine_types: ~65 rows (approximately)
/*!40000 ALTER TABLE `fine_types` DISABLE KEYS */;
INSERT INTO `fine_types` (`id`, `label`, `amount`, `category`) VALUES
	(1, 'تظليل مركبة', 5000, 0),
	(2, 'عدم وجود رخصه', 10000, 0),
	(3, 'قيادة بسرعة ', 5000, 0),
	(4, 'عكس السير / حجز المركبة', 2500, 0),
	(5, 'وقوف خاطئ', 1500, 0),
	(6, 'قطع اشارة', 7000, 0),
	(7, 'هروب من الشرطة /10 اعمال شاقة', 10000, 0),
	(8, 'عدم انصياع لاوامر الشرطة / 10 اعمال شاقة', 3000, 0),
	(9, 'مخالفة ذوق العام', 2000, 1),
	(10, 'القيادة اثناء تضرر المركبة ', 1000, 0),
	(11, 'ازعاج سلطات', 2500, 1),
	(12, 'ترك المركبة  على الطريق العام / حجز مركبة', 2500, 0),
	(13, 'تفحيط / حجز مركبة / 15 اعمال شاقة', 5500, 0),
	(14, 'سرقة صرافة - 20 أعمال شاقة', 8000, 1),
	(15, 'سرقة اليخت - 30 شهر', 15000, 1),
	(16, 'سرقة مركبة / 10 اعمال شاقة', 4500, 1),
	(17, 'تهديد رجل امن /  10 اعمال شاقة', 10000, 1),
	(18, 'حيازة سلاح بدون رخصة ', 5000, 1),
	(19, 'قتل رجل امن  / 15شهر', 15000, 1),
	(20, 'تهديد مواطن  /  20 شهر', 10000, 1),
	(21, 'اهانة رجل امن  / 5شهر', 5000, 1),
	(22, 'صدم مركبة', 10000, 1),
	(23, 'مساعدة مجرم / 10 شهر', 6500, 1),
	(24, 'بلاغ كاذب', 3500, 1),
	(25, 'خطف مواطن / سجن15 شهر', 8000, 1),
	(26, 'سرقة بقالة / سجن 15 شهر', 10000, 2),
	(27, 'سرقة محل مجوهرات / 20 شهر', 20000, 2),
	(28, 'سرقة بنك / سجن 20شهر', 20000, 2),
	(29, 'ارهاب / سجن 10 شهر', 15000, 2),
	(30, 'قتل مواطن / 15 شهر', 15000, 2),
	(31, 'سرقة محل أسلحة / 10شهر', 10000, 2),
	(32, 'تجارة ممنوعات / سجن 15 شهر', 15000, 2),
	(33, 'حيازة ممنوعات / 10 شهر', 5000, 2),
	(34, 'رسوم دخول الميناء 40 كيلو', 500, 3),
	(35, 'رسوم دخول الميناء 60 كليو', 900, 3),
	(36, 'رسوم دخول الميناء 80 كيلو', 2500, 3),
	(37, 'رسوم دخول الميناء 120 كيلو ', 3500, 3),
	(38, 'رسوم دخول الميناء 120 كيلو ', 4900, 3),
	(39, 'رسوم دخول الميناء 250 كيلو ', 5500, 3),
	(40, 'رسوم دخول الميناء 200 كيلو ', 12000, 3),
	(41, 'رسوم الحراسة في مناطق العمل', 2000, 3),
	(42, 'رسوم إستعمال مستودع المتاجر', 3000, 3),
	(43, 'رسوم دخول الميناء', 500, 3),
	(44, 'حراسة شخصية - قيمة 5 ألاف', 5000, 4),
	(45, 'حراسة شخصية - قيمة 15 ألف', 15000, 4),
	(46, 'حراسة شخصية - قيمة 25 ألف', 25000, 4),
	(47, 'مخالفة عامة من الرقابة', 1000, 5),
	(49, 'مخالفة عامة من الرقابة', 3000, 5),
	(50, 'مخالفة عامة من الرقابة', 5000, 5),
	(51, 'مخالفة عامة من الرقابة', 7000, 5),
	(52, 'مخالفة عامة من الرقابة', 10000, 5),
	(53, 'مخالفة عامة من الرقابة', 15000, 5),
	(54, 'مخالفة عامة من الرقابة', 20000, 5),
	(55, 'مخالفة عامة من الرقابة', 25000, 5),
	(56, 'مخالفة عامة من الرقابة', 35000, 5),
	(57, 'مخالفة عامة من الرقابة', 50000, 5),
	(58, 'مخالفة عامة من الرقابة', 75000, 5),
	(59, 'مخالفة عامة من الرقابة', 100000, 5),
	(60, 'مخالفة عامة من الرقابة', 125000, 5),
	(61, 'مخالفة عامة من الرقابة', 150000, 5),
	(62, 'مخالفة عامة من الرقابة', 200000, 5),
	(63, 'مخالفة عامة من الرقابة', 250000, 5),
	(64, 'مخالفة عامة من الرقابة', 500000, 5),
	(65, 'مخالفة عامة من الرقابة', 750000, 5),
	(66, 'مخالفة عامة من الرقابة', 1000000, 5);
/*!40000 ALTER TABLE `fine_types` ENABLE KEYS */;

-- Dumping structure for table es_extended.gksphone_app_chat
CREATE TABLE IF NOT EXISTS `gksphone_app_chat` (
  `id` int(11) NOT NULL AUTO_INCREMENT,
  `channel` varchar(20) NOT NULL,
  `message` varchar(255) NOT NULL,
  `time` timestamp NOT NULL DEFAULT current_timestamp(),
  PRIMARY KEY (`id`)
) ENGINE=InnoDB DEFAULT CHARSET=utf8;

-- Dumping data for table es_extended.gksphone_app_chat: ~0 rows (approximately)
/*!40000 ALTER TABLE `gksphone_app_chat` DISABLE KEYS */;
/*!40000 ALTER TABLE `gksphone_app_chat` ENABLE KEYS */;

-- Dumping structure for table es_extended.gksphone_bank_transfer
CREATE TABLE IF NOT EXISTS `gksphone_bank_transfer` (
  `id` int(11) NOT NULL AUTO_INCREMENT,
  `type` int(11) NOT NULL,
  `identifier` longtext DEFAULT NULL,
  `price` longtext NOT NULL,
  `name` longtext NOT NULL,
  `time` timestamp NOT NULL DEFAULT current_timestamp() ON UPDATE current_timestamp(),
  PRIMARY KEY (`id`) USING BTREE
) ENGINE=InnoDB AUTO_INCREMENT=31 DEFAULT CHARSET=utf8mb4;

-- Dumping data for table es_extended.gksphone_bank_transfer: ~0 rows (approximately)
/*!40000 ALTER TABLE `gksphone_bank_transfer` DISABLE KEYS */;
/*!40000 ALTER TABLE `gksphone_bank_transfer` ENABLE KEYS */;

-- Dumping structure for table es_extended.gksphone_blockednumber
CREATE TABLE IF NOT EXISTS `gksphone_blockednumber` (
  `id` int(11) NOT NULL AUTO_INCREMENT,
  `identifier` longtext NOT NULL,
  `hex` longtext NOT NULL,
  `number` longtext NOT NULL,
  PRIMARY KEY (`id`) USING BTREE
) ENGINE=InnoDB DEFAULT CHARSET=utf8mb4;

-- Dumping data for table es_extended.gksphone_blockednumber: ~0 rows (approximately)
/*!40000 ALTER TABLE `gksphone_blockednumber` DISABLE KEYS */;
/*!40000 ALTER TABLE `gksphone_blockednumber` ENABLE KEYS */;

-- Dumping structure for table es_extended.gksphone_calls
CREATE TABLE IF NOT EXISTS `gksphone_calls` (
  `id` int(11) NOT NULL AUTO_INCREMENT,
  `owner` longtext NOT NULL COMMENT 'Num tel proprio',
  `num` longtext NOT NULL COMMENT 'Num reférence du contact',
  `incoming` int(11) NOT NULL COMMENT 'Défini si on est à l''origine de l''appels',
  `time` timestamp NOT NULL DEFAULT current_timestamp(),
  `accepts` int(11) NOT NULL COMMENT 'Appels accepter ou pas',
  PRIMARY KEY (`id`)
) ENGINE=InnoDB AUTO_INCREMENT=81 DEFAULT CHARSET=utf8;

-- Dumping data for table es_extended.gksphone_calls: ~17 rows (approximately)
/*!40000 ALTER TABLE `gksphone_calls` DISABLE KEYS */;
INSERT INTO `gksphone_calls` (`id`, `owner`, `num`, `incoming`, `time`, `accepts`) VALUES
	(60, '7228311', '15', 1, '2022-03-26 22:04:50', 0),
	(61, '1723053', '6066789', 1, '2022-03-26 22:06:53', 1),
	(62, '6066789', '1723053', 0, '2022-03-26 22:06:53', 1),
	(63, '1723053', '6066789', 1, '2022-03-26 22:07:05', 0),
	(64, '6066789', '1723053', 0, '2022-03-26 22:07:05', 0),
	(65, '1723053', '6066789', 1, '2022-03-26 22:07:14', 1),
	(66, '6066789', '1723053', 0, '2022-03-26 22:07:14', 1),
	(67, '6066789', '1723053', 1, '2022-03-26 22:11:39', 0),
	(68, '1723053', '6066789', 0, '2022-03-26 22:11:39', 0),
	(69, '6066789', '1723053', 1, '2022-03-26 22:11:49', 0),
	(70, '1723053', '6066789', 0, '2022-03-26 22:11:49', 0),
	(71, '1723053', '6066789', 1, '2022-03-26 22:11:58', 1),
	(72, '6066789', '1723053', 0, '2022-03-26 22:11:58', 1),
	(73, '7228311', '9732614', 1, '2022-03-26 23:30:30', 0),
	(74, '9732614', '7228311', 0, '2022-03-26 23:30:30', 0),
	(75, '6066789', '1723053', 1, '2022-03-27 00:02:35', 0),
	(76, '1723053', '6066789', 0, '2022-03-27 00:02:35', 0),
	(77, '5697254', '77777777', 1, '2022-03-27 17:19:52', 0),
	(78, '5697254', '77777777', 1, '2022-03-27 17:20:09', 0),
	(79, '6474875', '055231117', 1, '2022-03-27 21:54:58', 0),
	(80, '7660811', '3345345', 1, '2022-03-27 21:56:03', 0);
/*!40000 ALTER TABLE `gksphone_calls` ENABLE KEYS */;

-- Dumping structure for table es_extended.gksphone_ebay
CREATE TABLE IF NOT EXISTS `gksphone_ebay` (
  `id` int(11) NOT NULL AUTO_INCREMENT,
  `label` longtext NOT NULL,
  `price` int(11) DEFAULT 0,
  `count` int(11) NOT NULL,
  `item` longtext NOT NULL,
  `kapat` varchar(50) DEFAULT 'false',
  `adet` int(11) DEFAULT 0,
  `cid` varchar(9999) DEFAULT NULL,
  PRIMARY KEY (`id`) USING BTREE
) ENGINE=InnoDB AUTO_INCREMENT=16 DEFAULT CHARSET=utf8mb4;

-- Dumping data for table es_extended.gksphone_ebay: ~0 rows (approximately)
/*!40000 ALTER TABLE `gksphone_ebay` DISABLE KEYS */;
/*!40000 ALTER TABLE `gksphone_ebay` ENABLE KEYS */;

-- Dumping structure for table es_extended.gksphone_gallery
CREATE TABLE IF NOT EXISTS `gksphone_gallery` (
  `id` int(11) NOT NULL AUTO_INCREMENT,
  `hex` longtext NOT NULL,
  `image` longtext NOT NULL,
  `time` timestamp NOT NULL DEFAULT current_timestamp(),
  PRIMARY KEY (`id`) USING BTREE
) ENGINE=InnoDB AUTO_INCREMENT=16 DEFAULT CHARSET=utf8mb4;

-- Dumping data for table es_extended.gksphone_gallery: ~1 rows (approximately)
/*!40000 ALTER TABLE `gksphone_gallery` DISABLE KEYS */;
INSERT INTO `gksphone_gallery` (`id`, `hex`, `image`, `time`) VALUES
	(14, 'e56fffa074d793c3cf89a3b46e2e0d93b213bd1f', 'https://media.discordapp.net/attachments/956736851455115294/957323558974025829/screenshot.png', '2022-03-26 22:07:28'),
	(15, '7ff0ae023be24eddccc38f4f453caa97802ca105', 'https://media.discordapp.net/attachments/956736851455115294/957874318547767368/screenshot.png', '2022-03-28 10:35:50');
/*!40000 ALTER TABLE `gksphone_gallery` ENABLE KEYS */;

-- Dumping structure for table es_extended.gksphone_gps
CREATE TABLE IF NOT EXISTS `gksphone_gps` (
  `id` int(11) NOT NULL AUTO_INCREMENT,
  `hex` longtext NOT NULL,
  `nott` longtext DEFAULT NULL,
  `gps` longtext DEFAULT NULL,
  PRIMARY KEY (`id`) USING BTREE
) ENGINE=InnoDB DEFAULT CHARSET=utf8mb4;

-- Dumping data for table es_extended.gksphone_gps: ~0 rows (approximately)
/*!40000 ALTER TABLE `gksphone_gps` DISABLE KEYS */;
/*!40000 ALTER TABLE `gksphone_gps` ENABLE KEYS */;

-- Dumping structure for table es_extended.gksphone_group_message
CREATE TABLE IF NOT EXISTS `gksphone_group_message` (
  `id` int(11) NOT NULL AUTO_INCREMENT,
  `groupid` int(11) NOT NULL,
  `owner` longtext COLLATE utf8mb4_unicode_ci NOT NULL,
  `ownerphone` varchar(50) COLLATE utf8mb4_unicode_ci NOT NULL,
  `groupname` varchar(255) COLLATE utf8mb4_unicode_ci NOT NULL,
  `messages` longtext COLLATE utf8mb4_unicode_ci NOT NULL,
  `contacts` longtext COLLATE utf8mb4_unicode_ci NOT NULL,
  `time` timestamp NOT NULL DEFAULT current_timestamp() ON UPDATE current_timestamp(),
  PRIMARY KEY (`id`) USING BTREE,
  KEY `groupid` (`groupid`) USING BTREE,
  CONSTRAINT `FK_phonegroupmessage` FOREIGN KEY (`groupid`) REFERENCES `gksphone_messages_group` (`id`)
) ENGINE=InnoDB DEFAULT CHARSET=utf8mb4 COLLATE=utf8mb4_unicode_ci;

-- Dumping data for table es_extended.gksphone_group_message: ~0 rows (approximately)
/*!40000 ALTER TABLE `gksphone_group_message` DISABLE KEYS */;
/*!40000 ALTER TABLE `gksphone_group_message` ENABLE KEYS */;

-- Dumping structure for table es_extended.gksphone_instocomment
CREATE TABLE IF NOT EXISTS `gksphone_instocomment` (
  `id` int(11) NOT NULL AUTO_INCREMENT,
  `messageid` int(11) NOT NULL DEFAULT 0,
  `userid` int(11) NOT NULL DEFAULT 0,
  `message` longtext NOT NULL,
  `time` timestamp NOT NULL DEFAULT current_timestamp() ON UPDATE current_timestamp(),
  KEY `id` (`id`) USING BTREE
) ENGINE=InnoDB AUTO_INCREMENT=4 DEFAULT CHARSET=utf8;

-- Dumping data for table es_extended.gksphone_instocomment: ~0 rows (approximately)
/*!40000 ALTER TABLE `gksphone_instocomment` DISABLE KEYS */;
/*!40000 ALTER TABLE `gksphone_instocomment` ENABLE KEYS */;

-- Dumping structure for table es_extended.gksphone_insto_accounts
CREATE TABLE IF NOT EXISTS `gksphone_insto_accounts` (
  `id` int(11) NOT NULL AUTO_INCREMENT,
  `forename` longtext COLLATE utf8mb4_bin NOT NULL,
  `surname` longtext COLLATE utf8mb4_bin NOT NULL,
  `username` varchar(250) CHARACTER SET utf8 NOT NULL,
  `password` longtext COLLATE utf8mb4_bin NOT NULL,
  `avatar_url` longtext COLLATE utf8mb4_bin DEFAULT NULL,
  `takip` longtext COLLATE utf8mb4_bin DEFAULT NULL,
  PRIMARY KEY (`id`) USING BTREE,
  UNIQUE KEY `username` (`username`) USING BTREE
) ENGINE=InnoDB AUTO_INCREMENT=7 DEFAULT CHARSET=utf8mb4 COLLATE=utf8mb4_bin;

-- Dumping data for table es_extended.gksphone_insto_accounts: ~0 rows (approximately)
/*!40000 ALTER TABLE `gksphone_insto_accounts` DISABLE KEYS */;
INSERT INTO `gksphone_insto_accounts` (`id`, `forename`, `surname`, `username`, `password`, `avatar_url`, `takip`) VALUES
	(6, 'أبو عزيز', '', 'أبو عزيز', 'aabbcc1234', 'https://cdn.discordapp.com/attachments/954099825287254066/954259297557176370/unknown.png', NULL);
/*!40000 ALTER TABLE `gksphone_insto_accounts` ENABLE KEYS */;

-- Dumping structure for table es_extended.gksphone_insto_instas
CREATE TABLE IF NOT EXISTS `gksphone_insto_instas` (
  `id` int(11) NOT NULL AUTO_INCREMENT,
  `authorId` int(11) NOT NULL,
  `realUser` longtext COLLATE utf8mb4_unicode_ci DEFAULT NULL,
  `message` longtext COLLATE utf8mb4_unicode_ci NOT NULL,
  `image` longtext COLLATE utf8mb4_unicode_ci NOT NULL,
  `filters` longtext COLLATE utf8mb4_unicode_ci NOT NULL,
  `time` timestamp NOT NULL DEFAULT current_timestamp(),
  `likes` int(11) NOT NULL DEFAULT 0,
  PRIMARY KEY (`id`),
  KEY `FK_gksphone_insto_instas_gksphone_insto_accounts` (`authorId`),
  CONSTRAINT `FK_gksphone_insto_instas_gksphone_insto_accounts` FOREIGN KEY (`authorId`) REFERENCES `gksphone_insto_accounts` (`id`)
) ENGINE=InnoDB AUTO_INCREMENT=6 DEFAULT CHARSET=utf8mb4 COLLATE=utf8mb4_unicode_ci;

-- Dumping data for table es_extended.gksphone_insto_instas: ~0 rows (approximately)
/*!40000 ALTER TABLE `gksphone_insto_instas` DISABLE KEYS */;
/*!40000 ALTER TABLE `gksphone_insto_instas` ENABLE KEYS */;

-- Dumping structure for table es_extended.gksphone_insto_likes
CREATE TABLE IF NOT EXISTS `gksphone_insto_likes` (
  `id` int(11) NOT NULL AUTO_INCREMENT,
  `authorId` int(11) DEFAULT NULL,
  `inapId` int(11) DEFAULT NULL,
  PRIMARY KEY (`id`),
  KEY `FK_gksphone_insto_likes_gksphone_insto_accounts` (`authorId`),
  KEY `FK_gksphone_insto_likes_gksphone_insto_instas` (`inapId`),
  CONSTRAINT `FK_gksphone_insto_likes_gksphone_insto_accounts` FOREIGN KEY (`authorId`) REFERENCES `gksphone_insto_accounts` (`id`),
  CONSTRAINT `FK_gksphone_insto_likes_gksphone_insto_instas` FOREIGN KEY (`inapId`) REFERENCES `gksphone_insto_instas` (`id`) ON DELETE CASCADE
) ENGINE=InnoDB AUTO_INCREMENT=7 DEFAULT CHARSET=utf8mb4 COLLATE=utf8mb4_bin;

-- Dumping data for table es_extended.gksphone_insto_likes: ~0 rows (approximately)
/*!40000 ALTER TABLE `gksphone_insto_likes` DISABLE KEYS */;
/*!40000 ALTER TABLE `gksphone_insto_likes` ENABLE KEYS */;

-- Dumping structure for table es_extended.gksphone_insto_story
CREATE TABLE IF NOT EXISTS `gksphone_insto_story` (
  `id` int(11) NOT NULL AUTO_INCREMENT,
  `authorId` int(11) NOT NULL,
  `realUser` longtext COLLATE utf8mb4_unicode_ci DEFAULT NULL,
  `stories` longtext COLLATE utf8mb4_unicode_ci NOT NULL,
  `isRead` varchar(256) COLLATE utf8mb4_unicode_ci NOT NULL,
  `time` timestamp NOT NULL DEFAULT current_timestamp(),
  `likes` int(11) NOT NULL DEFAULT 0,
  PRIMARY KEY (`id`) USING BTREE,
  KEY `FK_gksphone_insto_story_gksphone_insto_accounts` (`authorId`) USING BTREE,
  CONSTRAINT `FK_gksphone_insto_story_gksphone_insto_accounts` FOREIGN KEY (`authorId`) REFERENCES `gksphone_insto_accounts` (`id`)
) ENGINE=InnoDB AUTO_INCREMENT=5 DEFAULT CHARSET=utf8mb4 COLLATE=utf8mb4_unicode_ci;

-- Dumping data for table es_extended.gksphone_insto_story: ~0 rows (approximately)
/*!40000 ALTER TABLE `gksphone_insto_story` DISABLE KEYS */;
INSERT INTO `gksphone_insto_story` (`id`, `authorId`, `realUser`, `stories`, `isRead`, `time`, `likes`) VALUES
	(4, 6, '7ff0ae023be24eddccc38f4f453caa97802ca105', '[{"time":1648353661273,"isRead":false,"image":"https://media.discordapp.net/attachments/956736851455115294/957494709100621834/screenshot.png"}]', 'false', '2022-03-27 09:27:23', 0);
/*!40000 ALTER TABLE `gksphone_insto_story` ENABLE KEYS */;

-- Dumping structure for table es_extended.gksphone_invoices
CREATE TABLE IF NOT EXISTS `gksphone_invoices` (
  `id` int(10) NOT NULL AUTO_INCREMENT,
  `citizenid` varchar(50) DEFAULT NULL,
  `amount` int(11) NOT NULL DEFAULT 0,
  `society` tinytext DEFAULT NULL,
  `sender` varchar(50) DEFAULT NULL,
  `sendercitizenid` varchar(50) DEFAULT NULL,
  PRIMARY KEY (`id`) USING BTREE,
  KEY `citizenid` (`citizenid`) USING BTREE
) ENGINE=InnoDB DEFAULT CHARSET=utf8;

-- Dumping data for table es_extended.gksphone_invoices: ~0 rows (approximately)
/*!40000 ALTER TABLE `gksphone_invoices` DISABLE KEYS */;
/*!40000 ALTER TABLE `gksphone_invoices` ENABLE KEYS */;

-- Dumping structure for table es_extended.gksphone_job_message
CREATE TABLE IF NOT EXISTS `gksphone_job_message` (
  `id` int(11) NOT NULL AUTO_INCREMENT,
  `name` longtext NOT NULL,
  `number` varchar(50) NOT NULL,
  `message` longtext NOT NULL,
  `photo` longtext DEFAULT NULL,
  `gps` varchar(255) NOT NULL,
  `owner` int(11) NOT NULL DEFAULT 0,
  `jobm` varchar(255) NOT NULL,
  `time` timestamp NOT NULL DEFAULT current_timestamp(),
  PRIMARY KEY (`id`) USING BTREE
) ENGINE=InnoDB AUTO_INCREMENT=32 DEFAULT CHARSET=utf8mb4;

-- Dumping data for table es_extended.gksphone_job_message: ~6 rows (approximately)
/*!40000 ALTER TABLE `gksphone_job_message` DISABLE KEYS */;
INSERT INTO `gksphone_job_message` (`id`, `name`, `number`, `message`, `photo`, `gps`, `owner`, `jobm`, `time`) VALUES
	(23, 'عمر  الحزين', '7571302', 'Emergency aid notification', '', 'GPS: 216.92388916016, -1148.9034423828', 1, 'ambulance', '2022-03-27 00:02:35'),
	(24, 'محمد ابراهيم ', '5811893', 'Emergency aid notification', '', 'GPS: 221.76676940918, -1151.4222412109', 1, 'ambulance', '2022-03-27 00:02:44'),
	(25, 'محمد ابراهيم ', '5811893', 'Emergency aid notification', '', 'GPS: 235.76547241211, -1152.3963623047', 1, 'ambulance', '2022-03-27 00:03:31'),
	(26, 'ابــو  مـحـمــد', '5697254', 'Emergency aid notification', '', 'GPS: 1222.0980224609, 2726.3786621094', 1, 'ambulance', '2022-03-27 15:36:55'),
	(27, 'موها ابراهيم', '9732614', 'Emergency aid notification', '', 'GPS: 456.20516967773, -602.20867919922', 1, 'ambulance', '2022-03-27 15:41:08'),
	(28, 'ابـــو  مــحــمـــد', '5697254', 'Emergency aid notification', '', 'GPS: 452.96640014648, -1006.6912841797', 1, 'ambulance', '2022-03-27 17:19:00'),
	(29, 'ابـــو  مــحــمـــد', '5697254', 'Emergency aid notification', '', 'GPS: 202.2490234375, -1204.1568603516', 1, 'ambulance', '2022-03-27 18:50:22'),
	(30, 'حسار القحطاني', '2094204', 'قائد الشرطة توجه لي مركز شرطة لوس لا هنت', '', 'GPS: 439.11270141602, -982.80200195313', 1, 'police', '2022-03-27 21:51:38'),
	(31, 'عبدالله القحطانـي', '5358353', 'نبي انتقال', '', 'GPS: -239.21012878418, -988.61474609375', 1, 'admin', '2022-03-27 21:55:53');
/*!40000 ALTER TABLE `gksphone_job_message` ENABLE KEYS */;

-- Dumping structure for table es_extended.gksphone_lapraces
CREATE TABLE IF NOT EXISTS `gksphone_lapraces` (
  `id` int(11) NOT NULL AUTO_INCREMENT,
  `name` varchar(50) DEFAULT NULL,
  `checkpoints` text DEFAULT NULL,
  `records` text DEFAULT NULL,
  `creator` varchar(50) DEFAULT NULL,
  `distance` int(11) DEFAULT NULL,
  `raceid` varchar(50) DEFAULT NULL,
  PRIMARY KEY (`id`)
) ENGINE=InnoDB AUTO_INCREMENT=2 DEFAULT CHARSET=utf8mb4;

-- Dumping data for table es_extended.gksphone_lapraces: ~0 rows (approximately)
/*!40000 ALTER TABLE `gksphone_lapraces` DISABLE KEYS */;
/*!40000 ALTER TABLE `gksphone_lapraces` ENABLE KEYS */;

-- Dumping structure for table es_extended.gksphone_mails
CREATE TABLE IF NOT EXISTS `gksphone_mails` (
  `id` int(11) NOT NULL AUTO_INCREMENT,
  `citizenid` varchar(255) NOT NULL DEFAULT '0',
  `sender` varchar(255) NOT NULL DEFAULT '0',
  `subject` varchar(255) NOT NULL DEFAULT '0',
  `image` text DEFAULT NULL,
  `message` text NOT NULL,
  `button` text DEFAULT NULL,
  `time` timestamp NOT NULL DEFAULT current_timestamp() ON UPDATE current_timestamp(),
  PRIMARY KEY (`id`) USING BTREE
) ENGINE=InnoDB AUTO_INCREMENT=3 DEFAULT CHARSET=utf8;

-- Dumping data for table es_extended.gksphone_mails: ~0 rows (approximately)
/*!40000 ALTER TABLE `gksphone_mails` DISABLE KEYS */;
/*!40000 ALTER TABLE `gksphone_mails` ENABLE KEYS */;

-- Dumping structure for table es_extended.gksphone_messages
CREATE TABLE IF NOT EXISTS `gksphone_messages` (
  `id` int(11) NOT NULL AUTO_INCREMENT,
  `transmitter` varchar(50) NOT NULL,
  `receiver` varchar(50) NOT NULL,
  `message` longtext NOT NULL,
  `time` timestamp NOT NULL DEFAULT current_timestamp(),
  `isRead` int(11) NOT NULL DEFAULT 0,
  `owner` int(11) NOT NULL DEFAULT 0,
  PRIMARY KEY (`id`)
) ENGINE=MyISAM AUTO_INCREMENT=59 DEFAULT CHARSET=utf8;

-- Dumping data for table es_extended.gksphone_messages: 0 rows
/*!40000 ALTER TABLE `gksphone_messages` DISABLE KEYS */;
INSERT INTO `gksphone_messages` (`id`, `transmitter`, `receiver`, `message`, `time`, `isRead`, `owner`) VALUES
	(58, '', '6474875', 'ا', '2022-03-27 21:43:26', 1, 1),
	(57, '6474875', '', 'ا', '2022-03-27 21:43:26', 0, 0);
/*!40000 ALTER TABLE `gksphone_messages` ENABLE KEYS */;

-- Dumping structure for table es_extended.gksphone_messages_group
CREATE TABLE IF NOT EXISTS `gksphone_messages_group` (
  `id` int(11) NOT NULL AUTO_INCREMENT,
  `owner` longtext NOT NULL,
  `ownerphone` varchar(50) NOT NULL,
  `groupname` varchar(255) NOT NULL,
  `gimage` longtext NOT NULL,
  `contacts` longtext NOT NULL,
  PRIMARY KEY (`id`) USING BTREE
) ENGINE=InnoDB DEFAULT CHARSET=utf8;

-- Dumping data for table es_extended.gksphone_messages_group: ~0 rows (approximately)
/*!40000 ALTER TABLE `gksphone_messages_group` DISABLE KEYS */;
/*!40000 ALTER TABLE `gksphone_messages_group` ENABLE KEYS */;

-- Dumping structure for table es_extended.gksphone_news
CREATE TABLE IF NOT EXISTS `gksphone_news` (
  `id` int(11) NOT NULL AUTO_INCREMENT,
  `hex` longtext DEFAULT NULL,
  `haber` longtext DEFAULT NULL,
  `baslik` longtext DEFAULT NULL,
  `resim` longtext DEFAULT NULL,
  `video` longtext DEFAULT NULL,
  `zaman` timestamp NULL DEFAULT current_timestamp(),
  PRIMARY KEY (`id`) USING BTREE
) ENGINE=InnoDB AUTO_INCREMENT=2 DEFAULT CHARSET=utf8;

-- Dumping data for table es_extended.gksphone_news: ~0 rows (approximately)
/*!40000 ALTER TABLE `gksphone_news` DISABLE KEYS */;
/*!40000 ALTER TABLE `gksphone_news` ENABLE KEYS */;

-- Dumping structure for table es_extended.gksphone_settings
CREATE TABLE IF NOT EXISTS `gksphone_settings` (
  `id` int(11) NOT NULL AUTO_INCREMENT,
  `identifier` longtext NOT NULL,
  `crypto` varchar(535) DEFAULT '{}',
  `phone_number` varchar(50) DEFAULT NULL,
  `avatar_url` longtext DEFAULT NULL,
  PRIMARY KEY (`id`) USING BTREE
) ENGINE=InnoDB AUTO_INCREMENT=72 DEFAULT CHARSET=utf8mb4;

-- Dumping data for table es_extended.gksphone_settings: ~16 rows (approximately)
/*!40000 ALTER TABLE `gksphone_settings` DISABLE KEYS */;
INSERT INTO `gksphone_settings` (`id`, `identifier`, `crypto`, `phone_number`, `avatar_url`) VALUES
	(12, 'df992107859e130f5dc0dc8a62d50a8e587b19bc', '{}', '6165188', NULL),
	(13, 'e56fffa074d793c3cf89a3b46e2e0d93b213bd1f', '{}', '5861437', NULL),
	(14, '0904a9e573ae8d49f3a40fe7608426a462611ff3', '{}', '7228311', NULL),
	(15, '54d95dd0c169b7099d5ea6436b2c89bec577a3a1', '{}', '7959044', NULL),
	(16, 'ba426fddb01f60992a655c417ddd8268e828b6f5', '{}', '6066789', NULL),
	(17, '28fadca751c8eac586c3946c4216f128982ccf5e', '{}', '5697254', NULL),
	(18, '28fadca751c8eac586c3946c4216f128982ccf5e', '{}', '5343856', NULL),
	(19, 'f335ad727aa3f12fc9e0bb4709689edc01af0b01', '{}', '1723053', NULL),
	(20, '437f738fe8eae3ecafc37a04f13fd8e2fe8e7730', '{}', '7571302', NULL),
	(21, '7ff62c8a8826eebf58ebca29988b095224bc546e', '{}', '5811893', NULL),
	(22, 'c582bc94d756bdf8a64d8c385e68a0bade3a9b5f', '{}', '9732614', NULL),
	(23, '4919f92f6113d18b5222053cec77c9211a56b73b', '{}', '4013496', NULL),
	(24, '2d13c1e7cd62700344f30edd12333c479332d836', '{}', '2419912', NULL),
	(25, '7ff0ae023be24eddccc38f4f453caa97802ca105', '{}', '7777777', 'https://media.discordapp.net/attachments/956736851455115294/957874379847532564/screenshot.png'),
	(26, '19f79eddb069fa5d09c6440beab8712182945622', '{}', '3369722', NULL),
	(27, '19f79eddb069fa5d09c6440beab8712182945622', '{}', '8262769', NULL),
	(28, '7ae83c596ed7ec19b585fa898d51819832768397', '{}', '1507192', NULL),
	(29, '7ae83c596ed7ec19b585fa898d51819832768397', '{}', '5223538', NULL),
	(30, 'd9de52bb7daa02095af111c5a1d7ef6f98529ab9', '{}', '5827081', NULL),
	(31, '13b09e49f0a916885ae61556e94f722af4d9b4a5', '{}', '7660811', NULL),
	(32, '2f0c8ce1d372a5bdd6b3dce156b27dada353a157', '{}', '9019245', NULL),
	(33, '0b9dab33214a986e16dc294e95f5dbc0bad9638e', '{}', '6474875', NULL),
	(34, 'a7c48b7ea9bc3a69cde74d3d51e109045d1b8288', '{}', '4921126', NULL),
	(35, 'a7c48b7ea9bc3a69cde74d3d51e109045d1b8288', '{}', '2683155', NULL),
	(36, '4c84414c4afa7238176110f5fa92fbc5a1e8c77c', '{}', '4175721', NULL),
	(37, '4c84414c4afa7238176110f5fa92fbc5a1e8c77c', '{}', '8842548', NULL),
	(38, '9347564f07320e49b1b4d68218267865ca50928c', '{}', '5724117', NULL),
	(39, '0e9199b284192a1afd456555501da6ecd0dce12a', '{}', '3345343', NULL),
	(40, 'e5586b1ebc6df3477de5446eb97fdd8b874a9eed', '{}', '5049141', NULL),
	(41, 'e5586b1ebc6df3477de5446eb97fdd8b874a9eed', '{}', '1841456', NULL),
	(42, '17effcc24133040a49e44f368651f2d3f296d7dd', '{}', '4020706', NULL),
	(43, '4abeb87e82e0868ab8100165459459f687e19a92', '{}', '5450195', NULL),
	(44, '4abeb87e82e0868ab8100165459459f687e19a92', '{}', '2960044', NULL),
	(45, 'd17d32740a3a51a75c16592672ba6f69bcdca200', '{}', '9526421', NULL),
	(46, 'd17d32740a3a51a75c16592672ba6f69bcdca200', '{}', '1984716', NULL),
	(47, '06b60d51205ab7ac068629c827e700e92bc93dac', '{}', '1784800', NULL),
	(48, 'd44e113cb9ac9a66faaf69fdf92132df9681df4b', '{}', '2566594', NULL),
	(49, '5e72ab7638d4dd7185d6828bb2ace51f3a9b1e50', '{}', '6776479', NULL),
	(50, 'e9dd8335969fc6f64ba1f9881d8c564aa32b4f51', '{}', '9794784', NULL),
	(51, 'e9dd8335969fc6f64ba1f9881d8c564aa32b4f51', '{}', '9559179', NULL),
	(52, '7ce8bdc43bcb8cfe008c13caec10fae6d2106d54', '{}', '2094204', NULL),
	(53, '7ce8bdc43bcb8cfe008c13caec10fae6d2106d54', '{}', '5415091', NULL),
	(54, 'd00de408834e034ba3b4dbc4745143223f752678', '{}', '5657823', NULL),
	(55, 'd00de408834e034ba3b4dbc4745143223f752678', '{}', '8842090', NULL),
	(56, '187aeea1d29bdddd842faed0935f8df8430ed379', '{}', '8542980', NULL),
	(57, '59d64d4db44b8bc2935cb1c8bfb9e62337c0777d', '{}', '8781962', NULL),
	(58, 'ce054c1e3d7ff65030f7dcf20a8996372da5238c', '{}', '5358353', NULL),
	(59, 'c314232aad95cf1f573d5b953dad063d064c61e2', '{}', '9385644', NULL),
	(60, '1d5e4d9da2f7ef35eb00b74444961050a788efb7', '{}', '8295994', NULL),
	(61, '1d5e4d9da2f7ef35eb00b74444961050a788efb7', '{}', '4019318', NULL),
	(62, '00dd84918ae5756dd48f923df648bccfab887fb1', '{}', '7665343', NULL),
	(63, '00dd84918ae5756dd48f923df648bccfab887fb1', '{}', '9994726', NULL),
	(64, '9648dce884c3533ea6ec67628bd1a35b099ccffe', '{}', '5950947', NULL),
	(65, 'a7826063b0c7c907ad6eaf9fc5aa85e9cab111aa', '{}', '3296542', NULL),
	(66, 'a7826063b0c7c907ad6eaf9fc5aa85e9cab111aa', '{}', '7218825', NULL),
	(67, '576674673cea884a27b64ad96b8edcff0080063f', '{}', '7807429', NULL),
	(68, '576674673cea884a27b64ad96b8edcff0080063f', '{}', '9133222', NULL),
	(69, '93bec9901019adf04de1a9c6c47ab7b8c73d20a1', '{}', '5605926', NULL),
	(70, '5f872c60bcd57aec54d544b38d8588b5a6f1a33f', '{}', '2201364', NULL),
	(71, '0a7302c53c5ceb6ee22dfc8d66194c4efa4fea53', '{}', '7479730', NULL);
/*!40000 ALTER TABLE `gksphone_settings` ENABLE KEYS */;

-- Dumping structure for table es_extended.gksphone_tinderacc
CREATE TABLE IF NOT EXISTS `gksphone_tinderacc` (
  `id` int(11) NOT NULL AUTO_INCREMENT,
  `name` varchar(255) DEFAULT NULL,
  `username` varchar(255) DEFAULT NULL,
  `passaword` varchar(255) DEFAULT NULL,
  `date` varchar(255) DEFAULT NULL,
  `image` varchar(255) DEFAULT NULL,
  `gender` int(11) DEFAULT NULL,
  `identifier` varchar(255) DEFAULT NULL,
  PRIMARY KEY (`id`) USING BTREE
) ENGINE=InnoDB AUTO_INCREMENT=3 DEFAULT CHARSET=utf8;

-- Dumping data for table es_extended.gksphone_tinderacc: ~0 rows (approximately)
/*!40000 ALTER TABLE `gksphone_tinderacc` DISABLE KEYS */;
/*!40000 ALTER TABLE `gksphone_tinderacc` ENABLE KEYS */;

-- Dumping structure for table es_extended.gksphone_tindermatch
CREATE TABLE IF NOT EXISTS `gksphone_tindermatch` (
  `id` int(11) NOT NULL AUTO_INCREMENT,
  `user_id` int(11) NOT NULL DEFAULT 0,
  `friend_id` int(11) NOT NULL DEFAULT 0,
  `is_match` int(11) NOT NULL DEFAULT 0,
  PRIMARY KEY (`id`) USING BTREE
) ENGINE=InnoDB AUTO_INCREMENT=3 DEFAULT CHARSET=utf8;

-- Dumping data for table es_extended.gksphone_tindermatch: ~0 rows (approximately)
/*!40000 ALTER TABLE `gksphone_tindermatch` DISABLE KEYS */;
/*!40000 ALTER TABLE `gksphone_tindermatch` ENABLE KEYS */;

-- Dumping structure for table es_extended.gksphone_tindermessage
CREATE TABLE IF NOT EXISTS `gksphone_tindermessage` (
  `id` int(11) NOT NULL AUTO_INCREMENT,
  `message` text NOT NULL,
  `tinderes` text NOT NULL,
  `owner` int(11) NOT NULL DEFAULT 0,
  `time` timestamp NOT NULL DEFAULT current_timestamp() ON UPDATE current_timestamp(),
  PRIMARY KEY (`id`) USING BTREE
) ENGINE=InnoDB AUTO_INCREMENT=5 DEFAULT CHARSET=utf8;

-- Dumping data for table es_extended.gksphone_tindermessage: ~0 rows (approximately)
/*!40000 ALTER TABLE `gksphone_tindermessage` DISABLE KEYS */;
/*!40000 ALTER TABLE `gksphone_tindermessage` ENABLE KEYS */;

-- Dumping structure for table es_extended.gksphone_twitter_accounts
CREATE TABLE IF NOT EXISTS `gksphone_twitter_accounts` (
  `id` int(11) NOT NULL AUTO_INCREMENT,
  `username` varchar(50) CHARACTER SET utf8 NOT NULL DEFAULT '0',
  `password` varchar(64) COLLATE utf8mb4_bin NOT NULL DEFAULT '0',
  `avatar_url` longtext COLLATE utf8mb4_bin DEFAULT NULL,
  `profilavatar` longtext COLLATE utf8mb4_bin DEFAULT NULL,
  `identifier` varchar(255) CHARACTER SET utf8 DEFAULT NULL,
  PRIMARY KEY (`id`) USING BTREE,
  UNIQUE KEY `username` (`username`) USING BTREE
) ENGINE=InnoDB AUTO_INCREMENT=4 DEFAULT CHARSET=utf8mb4 COLLATE=utf8mb4_bin;

-- Dumping data for table es_extended.gksphone_twitter_accounts: ~0 rows (approximately)
/*!40000 ALTER TABLE `gksphone_twitter_accounts` DISABLE KEYS */;
INSERT INTO `gksphone_twitter_accounts` (`id`, `username`, `password`, `avatar_url`, `profilavatar`, `identifier`) VALUES
	(3, 'أبو عزيز', 'aabbcc1234', 'https://cdn.discordapp.com/attachments/954099825287254066/954259297557176370/unknown.png', 'https://cdn.discordapp.com/attachments/954099825287254066/957494220032204831/unknown.png', NULL);
/*!40000 ALTER TABLE `gksphone_twitter_accounts` ENABLE KEYS */;

-- Dumping structure for table es_extended.gksphone_twitter_likes
CREATE TABLE IF NOT EXISTS `gksphone_twitter_likes` (
  `id` int(11) NOT NULL AUTO_INCREMENT,
  `authorId` int(11) DEFAULT NULL,
  `tweetId` int(11) DEFAULT NULL,
  PRIMARY KEY (`id`),
  KEY `FK_gksphone_twitter_likes_gksphone_twitter_accounts` (`authorId`),
  KEY `FK_gksphone_twitter_likes_gksphone_twitter_tweets` (`tweetId`),
  CONSTRAINT `FK_gksphone_twitter_likes_gksphone_twitter_accounts` FOREIGN KEY (`authorId`) REFERENCES `gksphone_twitter_accounts` (`id`),
  CONSTRAINT `FK_gksphone_twitter_likes_gksphone_twitter_tweets` FOREIGN KEY (`tweetId`) REFERENCES `gksphone_twitter_tweets` (`id`) ON DELETE CASCADE
) ENGINE=InnoDB AUTO_INCREMENT=5 DEFAULT CHARSET=utf8mb4 COLLATE=utf8mb4_bin;

-- Dumping data for table es_extended.gksphone_twitter_likes: ~0 rows (approximately)
/*!40000 ALTER TABLE `gksphone_twitter_likes` DISABLE KEYS */;
INSERT INTO `gksphone_twitter_likes` (`id`, `authorId`, `tweetId`) VALUES
	(4, 3, 6);
/*!40000 ALTER TABLE `gksphone_twitter_likes` ENABLE KEYS */;

-- Dumping structure for table es_extended.gksphone_twitter_tweets
CREATE TABLE IF NOT EXISTS `gksphone_twitter_tweets` (
  `id` int(11) NOT NULL AUTO_INCREMENT,
  `authorId` int(11) NOT NULL,
  `realUser` varchar(50) COLLATE utf8mb4_unicode_ci DEFAULT NULL,
  `message` varchar(256) COLLATE utf8mb4_unicode_ci NOT NULL,
  `image` longtext COLLATE utf8mb4_unicode_ci DEFAULT NULL,
  `time` timestamp NOT NULL DEFAULT current_timestamp(),
  `likes` int(11) NOT NULL DEFAULT 0,
  PRIMARY KEY (`id`),
  KEY `FK_gksphone_twitter_tweets_gksphone_twitter_accounts` (`authorId`),
  CONSTRAINT `FK_gksphone_twitter_tweets_gksphone_twitter_accounts` FOREIGN KEY (`authorId`) REFERENCES `gksphone_twitter_accounts` (`id`)
) ENGINE=InnoDB AUTO_INCREMENT=7 DEFAULT CHARSET=utf8mb4 COLLATE=utf8mb4_unicode_ci;

-- Dumping data for table es_extended.gksphone_twitter_tweets: ~0 rows (approximately)
/*!40000 ALTER TABLE `gksphone_twitter_tweets` DISABLE KEYS */;
INSERT INTO `gksphone_twitter_tweets` (`id`, `authorId`, `realUser`, `message`, `image`, `time`, `likes`) VALUES
	(6, 3, '7ff0ae023be24eddccc38f4f453caa97802ca105', 'يا اهلا و سهلا بالشباب\n\n:smiling_face_with_heart_eyes::smiling_face_with_heart_eyes:', 'https://media.discordapp.net/attachments/956736851455115294/957682858686832710/screenshot.png', '2022-03-27 21:55:26', 1);
/*!40000 ALTER TABLE `gksphone_twitter_tweets` ENABLE KEYS */;

-- Dumping structure for table es_extended.gksphone_users_contacts
CREATE TABLE IF NOT EXISTS `gksphone_users_contacts` (
  `id` int(11) NOT NULL AUTO_INCREMENT,
  `identifier` longtext CHARACTER SET utf8mb4 DEFAULT NULL,
  `number` varchar(30) CHARACTER SET utf8mb4 DEFAULT NULL,
  `display` longtext CHARACTER SET utf8mb4 DEFAULT NULL,
  `avatar` longtext DEFAULT NULL,
  PRIMARY KEY (`id`) USING BTREE
) ENGINE=MyISAM AUTO_INCREMENT=11 DEFAULT CHARSET=utf8;

-- Dumping data for table es_extended.gksphone_users_contacts: 0 rows
/*!40000 ALTER TABLE `gksphone_users_contacts` DISABLE KEYS */;
/*!40000 ALTER TABLE `gksphone_users_contacts` ENABLE KEYS */;

-- Dumping structure for table es_extended.gksphone_vehicle_sales
CREATE TABLE IF NOT EXISTS `gksphone_vehicle_sales` (
  `id` int(11) NOT NULL AUTO_INCREMENT,
  `owner` longtext NOT NULL,
  `ownerphone` varchar(255) NOT NULL,
  `plate` varchar(255) NOT NULL,
  `model` varchar(255) NOT NULL,
  `price` int(11) NOT NULL,
  `image` longtext NOT NULL,
  `time` timestamp NOT NULL DEFAULT current_timestamp(),
  PRIMARY KEY (`id`) USING BTREE
) ENGINE=InnoDB AUTO_INCREMENT=2 DEFAULT CHARSET=utf8;

-- Dumping data for table es_extended.gksphone_vehicle_sales: ~0 rows (approximately)
/*!40000 ALTER TABLE `gksphone_vehicle_sales` DISABLE KEYS */;
/*!40000 ALTER TABLE `gksphone_vehicle_sales` ENABLE KEYS */;

-- Dumping structure for table es_extended.gksphone_yellow
CREATE TABLE IF NOT EXISTS `gksphone_yellow` (
  `id` int(11) NOT NULL AUTO_INCREMENT,
  `phone_number` varchar(50) COLLATE utf8mb4_unicode_ci DEFAULT NULL,
  `firstname` varchar(256) COLLATE utf8mb4_unicode_ci DEFAULT NULL,
  `lastname` varchar(256) COLLATE utf8mb4_unicode_ci DEFAULT NULL,
  `message` longtext COLLATE utf8mb4_unicode_ci NOT NULL,
  `image` longtext COLLATE utf8mb4_unicode_ci DEFAULT NULL,
  `time` timestamp NOT NULL DEFAULT current_timestamp(),
  PRIMARY KEY (`id`) USING BTREE
) ENGINE=InnoDB AUTO_INCREMENT=5 DEFAULT CHARSET=utf8mb4 COLLATE=utf8mb4_unicode_ci;

-- Dumping data for table es_extended.gksphone_yellow: ~0 rows (approximately)
/*!40000 ALTER TABLE `gksphone_yellow` DISABLE KEYS */;
/*!40000 ALTER TABLE `gksphone_yellow` ENABLE KEYS */;

-- Dumping structure for table es_extended.h_impounded_vehicles
CREATE TABLE IF NOT EXISTS `h_impounded_vehicles` (
  `plate` varchar(12) NOT NULL,
  `officer` varchar(255) DEFAULT NULL,
  `mechanic` varchar(255) DEFAULT NULL,
  `releasedate` varchar(25) DEFAULT NULL,
  `fee` double NOT NULL,
  `reason` text NOT NULL,
  `notes` text DEFAULT NULL,
  `vehicle` text NOT NULL,
  `identifier` varchar(30) NOT NULL,
  `hold_o` tinyint(1) DEFAULT 0,
  `hold_m` tinyint(1) DEFAULT 0,
  PRIMARY KEY (`plate`)
) ENGINE=InnoDB DEFAULT CHARSET=utf8;

-- Dumping data for table es_extended.h_impounded_vehicles: ~0 rows (approximately)
/*!40000 ALTER TABLE `h_impounded_vehicles` DISABLE KEYS */;
/*!40000 ALTER TABLE `h_impounded_vehicles` ENABLE KEYS */;

-- Dumping structure for table es_extended.insto_accounts
CREATE TABLE IF NOT EXISTS `insto_accounts` (
  `id` int(11) NOT NULL AUTO_INCREMENT,
  `forename` varchar(50) NOT NULL DEFAULT '0',
  `surname` varchar(50) NOT NULL DEFAULT '0',
  `username` varchar(50) NOT NULL DEFAULT '0',
  `password` varchar(50) NOT NULL DEFAULT '0',
  `avatar_url` varchar(255) DEFAULT NULL,
  PRIMARY KEY (`id`),
  UNIQUE KEY `username` (`username`)
) ENGINE=InnoDB AUTO_INCREMENT=57 DEFAULT CHARSET=utf8;

-- Dumping data for table es_extended.insto_accounts: ~0 rows (approximately)
/*!40000 ALTER TABLE `insto_accounts` DISABLE KEYS */;
/*!40000 ALTER TABLE `insto_accounts` ENABLE KEYS */;

-- Dumping structure for table es_extended.insto_instas
CREATE TABLE IF NOT EXISTS `insto_instas` (
  `id` int(11) NOT NULL AUTO_INCREMENT,
  `authorId` int(11) NOT NULL,
  `realUser` varchar(50) DEFAULT NULL,
  `message` varchar(256) NOT NULL,
  `image` varchar(256) NOT NULL,
  `filters` varchar(256) NOT NULL,
  `time` timestamp NOT NULL DEFAULT current_timestamp(),
  `likes` int(11) NOT NULL DEFAULT 0,
  PRIMARY KEY (`id`),
  KEY `FK_insto_instas_insto_accounts` (`authorId`),
  CONSTRAINT `FK_insto_instas_insto_accounts` FOREIGN KEY (`authorId`) REFERENCES `insto_accounts` (`id`)
) ENGINE=InnoDB AUTO_INCREMENT=213 DEFAULT CHARSET=utf8;

-- Dumping data for table es_extended.insto_instas: ~0 rows (approximately)
/*!40000 ALTER TABLE `insto_instas` DISABLE KEYS */;
/*!40000 ALTER TABLE `insto_instas` ENABLE KEYS */;

-- Dumping structure for table es_extended.insto_likes
CREATE TABLE IF NOT EXISTS `insto_likes` (
  `id` int(11) NOT NULL AUTO_INCREMENT,
  `authorId` int(11) DEFAULT NULL,
  `inapId` int(11) DEFAULT NULL,
  PRIMARY KEY (`id`),
  KEY `FK_insto_likes_insto_accounts` (`authorId`),
  KEY `FK_insto_likes_insto_instas` (`inapId`),
  CONSTRAINT `FK_insto_likes_insto_accounts` FOREIGN KEY (`authorId`) REFERENCES `insto_accounts` (`id`),
  CONSTRAINT `FK_insto_likes_insto_instas` FOREIGN KEY (`inapId`) REFERENCES `insto_instas` (`id`) ON DELETE CASCADE
) ENGINE=InnoDB AUTO_INCREMENT=186 DEFAULT CHARSET=utf8;

-- Dumping data for table es_extended.insto_likes: ~0 rows (approximately)
/*!40000 ALTER TABLE `insto_likes` DISABLE KEYS */;
/*!40000 ALTER TABLE `insto_likes` ENABLE KEYS */;

-- Dumping structure for table es_extended.items
CREATE TABLE IF NOT EXISTS `items` (
  `name` varchar(50) NOT NULL,
  `label` varchar(50) NOT NULL,
  `weight` int(11) NOT NULL DEFAULT 1,
  `rare` tinyint(4) NOT NULL DEFAULT 0,
  `can_remove` tinyint(4) NOT NULL DEFAULT 1,
  PRIMARY KEY (`name`)
) ENGINE=InnoDB DEFAULT CHARSET=utf8;

-- Dumping data for table es_extended.items: ~136 rows (approximately)
/*!40000 ALTER TABLE `items` DISABLE KEYS */;
INSERT INTO `items` (`name`, `label`, `weight`, `rare`, `can_remove`) VALUES
	('alive_chicken', 'دجاج حي', 1, 0, 1),
	('bandage', 'ضماد جروح', 2, 0, 1),
	('bandage_box', 'صندوق ضماد جروح', 10, 0, 1),
	('batato', 'بطاطس', 1, 0, 1),
	('batatobox', 'أكياس بطاطس', 10, 0, 1),
	('beer', 'خمر', 1, 0, 1),
	('bergrkb', 'وجبة برجر كبير', 1, 0, 1),
	('bergrkbbox', 'صندوق وجبة برجر كبير', 10, 0, 1),
	('bergrul', 'وجبة برجر وسط', 1, 0, 1),
	('bergrulbox', 'صندوق برجر وسط', 10, 0, 1),
	('binoculars', 'منظار يدوي', 1, 0, 1),
	('binoculars_box', 'صندوق منظار يدوي', 10, 0, 1),
	('blowpipe', 'Chalumeaux', 2, 0, 1),
	('boxbig', 'تعبئة طلقات', 5, 0, 1),
	('boxbig_box', 'صندوق تعبئة طلقات', 10, 0, 1),
	('boxsmall', 'علبة ذخيرة صغيرة', 5, 0, 1),
	('boxv_tool', 'صندوق عدة عمل خضروات', 1, 0, 1),
	('bread', 'برجر', 1, 0, 1),
	('breadbox', 'صندوق برجر', 1, 0, 1),
	('bulletpolice', 'سترة مضادة للرصاص حكومية', 3, 0, 1),
	('bulletproof', 'سترة مضادة للرصاص', 3, 0, 1),
	('bulletproof_box', 'صندوق سترة مضادة للرصاص', 10, 0, 1),
	('c4box', 'صندوق C4', 1, 0, 1),
	('carokit', 'عدة سمكرة', 3, 0, 1),
	('carotool', 'ادوات سمكرة', 2, 0, 1),
	('casinochips', 'كوينز كازينو', 0, 0, 1),
	('cement_1', 'خام مكسر', 1, 0, 1),
	('cement_2', 'خام مخلوط', 1, 0, 1),
	('cement_3', 'خلطة أسمنت', 1, 0, 1),
	('cement_kit', 'عدة عمل أسمنت', 4, 0, 1),
	('cement_kit_box', 'صندوق عدة أسمنت', 10, 0, 1),
	('cheps', 'كيس شيبس', 1, 0, 1),
	('chepsbox', 'صندوق شيبس', 1, 0, 1),
	('chocolate', 'شوكلاتة', 1, 0, 1),
	('chocolatebox', 'صندوق شوكولاتة', 1, 0, 1),
	('cigarette', 'سجائر', 1, 0, 1),
	('clip', 'علبة ذخيرة', 3, 0, 1),
	('clippolice', 'علبة ذخيرة للشرطة', 3, 0, 1),
	('clothe', 'ملابس', 1, 0, 1),
	('cocacola', 'كولا', 1, 0, 1),
	('cocacolabox', 'صندوق كولا', 1, 0, 1),
	('coke', 'كوكايين', 1, 0, 1),
	('coke_pooch', 'شدة كوكايين', 5, 0, 1),
	('copper', 'نحاس', 1, 0, 1),
	('coshe', 'سوشي', 1, 0, 1),
	('coshebox', 'كرتون سوشي', 10, 0, 1),
	('cupcake', 'فطيرة', 1, 0, 1),
	('cupcakebox', 'صندوق فطائر', 1, 0, 1),
	('cutted_wood', 'قطع خشب', 1, 0, 1),
	('diamond', 'ألماس', 1, 0, 1),
	('dia_box', 'سبيكة ألماس', 5, 0, 1),
	('drill', 'دريل', 1, 0, 1),
	('essence', 'بنزين', 1, 0, 1),
	('fabric', 'قماش', 1, 0, 1),
	('firstaidkit', 'عدة إسعاف', 1, 0, 1),
	('fish', 'سمك', 1, 0, 1),
	('fishbait', 'طعم سمك', 1, 0, 1),
	('fishbaitbox', 'صندوق طعم سمك', 1, 0, 1),
	('fishbaitboxX', 'صندوق سنارة صيد', 1, 0, 1),
	('fishingrod', 'سنارة صيد', 1, 0, 1),
	('fixkit', 'عدة تصليح', 3, 0, 1),
	('fixkitbox', 'صندوق عدة تصليح', 1, 0, 1),
	('fixtool', 'عدة تصليح (لاتعمل)', 2, 0, 1),
	('f_tool', 'عدة عمل النفط والغاز', 1, 0, 1),
	('gas', 'غاز', 1, 0, 1),
	('gas_raffin', 'غاز معالج', 1, 0, 1),
	('gazbottle', 'اسطوانة غاز', 2, 0, 1),
	('gold', 'ذهب', 1, 0, 1),
	('gold_bar', 'سبيكة ذهب', 10, 0, 1),
	('grape', 'عنب', 1, 0, 1),
	('grape_juice', 'عصير العنب', 1, 0, 1),
	('grape_wine', 'خمر', 1, 0, 1),
	('headbag', 'خيشه', 1, 0, 1),
	('headbagbox', 'صندوق خيشه', 1, 0, 1),
	('id_card_f', 'جهاز تهكير البنك الصغير', 20, 3, 1),
	('iron', 'حديد', 1, 0, 1),
	('jewels', 'مجوهرات', 1, 0, 1),
	('laptop_h', 'لاب توب', 1, 0, 1),
	('lettuce', 'خس', 1, 0, 1),
	('lighter', 'ولاعة', 1, 0, 1),
	('lockpick', 'مفك أقفال', 1, 0, 1),
	('lumberjackToolbox', 'صندوق عدة أخشاب', 1, 0, 1),
	('l_tool', 'عدة عمل الأخشاب', 1, 0, 1),
	('medikit', 'عدة إسعافات أولية', 2, 0, 1),
	('medikit_box', 'صندوق إسعافات أولية', 10, 0, 1),
	('meth', 'شبو', 1, 0, 1),
	('meth_pooch', 'شدة شبو', 5, 0, 1),
	('minerToolbox', 'صندوق عدة معادن', 1, 0, 1),
	('m_tool', 'عدة عمل معادن', 1, 0, 1),
	('opium', 'أفيون', 1, 0, 1),
	('opium_pooch', 'شدة أفيون', 5, 0, 1),
	('oxygen_mask', 'قناع أكسجين', 1, 0, 1),
	('packaged_chicken', 'دجاج مغلف', 1, 0, 1),
	('packaged_plank', 'حزمة خشب', 1, 0, 1),
	('pepsi', 'بيبسي', 10, 0, 1),
	('pepsibox', 'كرتون بيبسي', 10, 0, 1),
	('petrol', 'نفط', 1, 0, 1),
	('petrol_raffin', 'نفط مكرر', 1, 0, 1),
	('radio', 'راديو', 1, 0, 1),
	('radiobox', 'صندوق راديو', 1, 0, 1),
	('radionot', 'راديو ', 1, 0, 1),
	('raisin', 'عنب', 1, 0, 1),
	('secure_card', 'Secure ID Card', 1, 3, 1),
	('shark', 'قرش', 1, 0, 1),
	('slaughtered_chicken', 'دجاج ذبح حلال', 1, 0, 1),
	('slaughtererToolbox', 'صندوق دواجن', 1, 0, 1),
	('speedcamera_detector', 'كاشف رادار', 1, 0, 1),
	('stone', 'حجر', 1, 0, 1),
	('s_tool', 'عدة عمل الدواجن', 1, 0, 1),
	('tailorToolbox', 'صندوق عدة أقمشة', 1, 0, 1),
	('thermal_charge', 'متفجرات', 10, 0, 1),
	('tomato', 'طماطم', 1, 0, 1),
	('turtle', 'سلحفاة', 1, 0, 1),
	('turtlebait', 'طعم سلحفاة', 1, 0, 1),
	('turtlebaitbox', 'صندوق طعم سلاحف', 1, 0, 1),
	('t_tool', 'عدة عمل ملابس', 1, 0, 1),
	('v_ready', 'سلة خضروات', 1, 0, 1),
	('v_tool', 'عدة عمل خضروات', 1, 0, 1),
	('washed_stone', 'حجر نظيف', 1, 0, 1),
	('water', 'مياه معدنية', 1, 0, 1),
	('waterbox', 'صندوق مياه', 1, 0, 1),
	('weakit', 'أدوات أسلحة', 1, 0, 1),
	('weakit_box', 'صندوق أدوات أسلحة', 10, 0, 1),
	('WEAPON_BATTLEAXE_box', 'صندوق فأس', 10, 0, 1),
	('WEAPON_FLASHLIGHT_box', 'صندوق كشاف', 10, 0, 1),
	('WEAPON_MACHETE_box', 'صندوق ساطور', 10, 0, 1),
	('WEAPON_MICROSMG_box', 'صندوق مايكرو', 10, 0, 1),
	('WEAPON_PISTOL_box', 'صندوق مسدس', 10, 0, 1),
	('WEAPON_PUMPSHOTGUN_box', 'صندوق شوزن', 10, 0, 1),
	('WEAPON_SWITCHBLADE_box', 'صندوق سكين', 10, 0, 1),
	('weed', 'حشيش', 1, 0, 1),
	('weed_pooch', 'شدة حشيش', 5, 0, 1),
	('wood', 'خشب', 1, 0, 1),
	('wool', 'صوف', 1, 0, 1),
	('xanax', 'دواء زانكس - لعلاج الإدمان', 1, 0, 1),
	('xanax_box', 'صندوق دواء زانكس', 10, 0, 1);
/*!40000 ALTER TABLE `items` ENABLE KEYS */;

-- Dumping structure for table es_extended.jobs
CREATE TABLE IF NOT EXISTS `jobs` (
  `name` varchar(50) NOT NULL,
  `label` varchar(50) DEFAULT NULL,
  `whitelisted` tinyint(1) NOT NULL DEFAULT 0,
  PRIMARY KEY (`name`)
) ENGINE=InnoDB DEFAULT CHARSET=utf8;

-- Dumping data for table es_extended.jobs: ~19 rows (approximately)
/*!40000 ALTER TABLE `jobs` DISABLE KEYS */;
INSERT INTO `jobs` (`name`, `label`, `whitelisted`) VALUES
	('admin', 'الرقابة والتفتيش', 1),
	('agent', 'الحراسات الأمنية', 1),
	('ambulance', 'الدفاع المدني', 1),
	('cardealer', 'معرض ميلانو', 1),
	('cement', 'مؤسسة الإسمنت الدولية', 1),
	('farmer', 'شركة المزارع ', 0),
	('fisherman', 'شركة الأسماك المتحدة', 0),
	('fork', 'شركة أمن الموانئ ', 1),
	('fueler', 'شركة النفط والغاز الدولية', 0),
	('lumberjack', 'شركة الأخشاب المحلية', 0),
	('mechanic', 'كراج الميكانيكي', 1),
	('miner', 'الشركة الدولية للمعادن', 0),
	('police', 'إدارة الشرطة', 1),
	('reporter', 'الحدث للصحافة والإعلام', 1),
	('slaughterer', 'الشركة الوطنية للدواجن', 0),
	('tailor', 'شركة الأقمشة', 0),
	('taxi', 'تاكسي', 0),
	('unemployed', 'عاطل', 0),
	('vegetables', 'شركة الخضروات', 0);
/*!40000 ALTER TABLE `jobs` ENABLE KEYS */;

-- Dumping structure for table es_extended.job_grades
CREATE TABLE IF NOT EXISTS `job_grades` (
  `id` int(11) NOT NULL AUTO_INCREMENT,
  `job_name` varchar(50) DEFAULT NULL,
  `grade` int(11) NOT NULL,
  `name` varchar(50) NOT NULL,
  `label` varchar(50) NOT NULL,
  `salary` int(11) NOT NULL,
  `skin_male` longtext NOT NULL,
  `skin_female` longtext NOT NULL,
  PRIMARY KEY (`id`)
) ENGINE=InnoDB AUTO_INCREMENT=96 DEFAULT CHARSET=utf8;

-- Dumping data for table es_extended.job_grades: ~91 rows (approximately)
/*!40000 ALTER TABLE `job_grades` DISABLE KEYS */;
INSERT INTO `job_grades` (`id`, `job_name`, `grade`, `name`, `label`, `salary`, `skin_male`, `skin_female`) VALUES
	(1, 'unemployed', 0, 'unemployed', 'غير موظف', 200, '{}', '{}'),
	(2, 'cardealer', 0, 'recruit', 'Recrue', 10, '{}', '{}'),
	(3, 'cardealer', 1, 'novice', 'Novice', 25, '{}', '{}'),
	(4, 'cardealer', 2, 'experienced', 'Experimente', 40, '{}', '{}'),
	(5, 'cardealer', 3, 'boss', 'Patron', 0, '{}', '{}'),
	(6, 'lumberjack', 0, 'employee', 'موظف', 500, '{"tshirt_2":1,"ears_1":5,"glasses_1":0,"torso_2":1,"ears_2":3,"glasses_0":,"shoes_2":6,"pants_1":0,"shoes_1":12,"bags_1":0,"helmet_2":7,"pants_2":12,"torso_1":22,"tshirt_1":59,"arms":1,"bags_2":0,"helmet_1":0}', '{}'),
	(7, 'fisherman', 0, 'employee', 'موظف', 500, '{"tshirt_2":0,"ears_1":5,"glasses_1":0,"torso_2":4,"ears_2":3,"glasses_2":0,"shoes_2":0,"pants_1":15,"shoes_1":16,"bags_1":0,"helmet_2":1,"pants_2":15,"torso_1":237,"tshirt_1":15,"arms":45,"bags_2":0,"helmet_1":14}', '{}'),
	(8, 'fueler', 0, 'employee', 'موظف', 500, '{"tshirt_2":1,"ears_1":8,"glasses_1":16,"torso_2":0,"ears_2":2,"glasses_2":0,"shoes_2":1,"pants_1":75,"shoes_1":51,"bags_1":0,"helmet_2":0,"pants_2":7,"torso_1":89,"tshirt_1":59,"arms":1,"bags_2":0,"helmet_1":5}', '{}'),
	(9, 'reporter', 0, 'employee', 'موظف', 500, '{}', '{}'),
	(10, 'tailor', 0, 'employee', 'موظف', 500, '{"mask_1":0,"arms":1,"glasses_1":0,"hair_color_2":4,"makeup_1":0,"face":19,"glasses":0,"mask_2":0,"makeup_3":0,"skin":29,"helmet_2":0,"lipstick_4":0,"sex":0,"torso_1":24,"makeup_2":0,"bags_2":0,"chain_2":0,"ears_1":-1,"bags_1":0,"bproof_1":0,"shoes_2":0,"lipstick_2":0,"chain_1":0,"tshirt_1":0,"eyebrows_3":0,"pants_2":0,"beard_4":0,"torso_2":0,"beard_2":6,"ears_2":0,"hair_2":0,"shoes_1":36,"tshirt_2":0,"beard_3":0,"hair_1":2,"hair_color_1":0,"pants_1":48,"helmet_1":-1,"bproof_2":0,"eyebrows_4":0,"eyebrows_2":0,"decals_1":0,"age_2":0,"beard_1":5,"shoes":10,"lipstick_1":0,"eyebrows_1":0,"glasses_2":0,"makeup_4":0,"decals_2":0,"lipstick_3":0,"age_1":0}', '{"mask_1":0,"arms":5,"glasses_1":5,"hair_color_2":4,"makeup_1":0,"face":19,"glasses":0,"mask_2":0,"makeup_3":0,"skin":29,"helmet_2":0,"lipstick_4":0,"sex":1,"torso_1":52,"makeup_2":0,"bags_2":0,"chain_2":0,"ears_1":-1,"bags_1":0,"bproof_1":0,"shoes_2":1,"lipstick_2":0,"chain_1":0,"tshirt_1":23,"eyebrows_3":0,"pants_2":0,"beard_4":0,"torso_2":0,"beard_2":6,"ears_2":0,"hair_2":0,"shoes_1":42,"tshirt_2":4,"beard_3":0,"hair_1":2,"hair_color_1":0,"pants_1":36,"helmet_1":-1,"bproof_2":0,"eyebrows_4":0,"eyebrows_2":0,"decals_1":0,"age_2":0,"beard_1":5,"shoes":10,"lipstick_1":0,"eyebrows_1":0,"glasses_2":0,"makeup_4":0,"decals_2":0,"lipstick_3":0,"age_1":0}'),
	(11, 'miner', 0, 'employee', 'موظف', 500, '{"tshirt_2":1,"ears_1":8,"glasses_1":15,"torso_2":3,"ears_2":2,"glasses_2":3,"shoes_2":1,"pants_1":75,"shoes_1":51,"bags_1":0,"helmet_2":0,"pants_2":7,"torso_1":0,"tshirt_1":59,"arms":2,"bags_2":0,"helmet_1":0}', '{}'),
	(12, 'slaughterer', 0, 'employee', 'موظف', 500, '{"age_1":0,"glasses_2":0,"beard_1":5,"decals_2":0,"beard_4":0,"shoes_2":0,"tshirt_2":0,"lipstick_2":0,"hair_2":0,"arms":67,"pants_1":36,"skin":29,"eyebrows_2":0,"shoes":10,"helmet_1":-1,"lipstick_1":0,"helmet_2":0,"hair_color_1":0,"glasses":0,"makeup_4":0,"makeup_1":0,"hair_1":2,"bproof_1":0,"bags_1":0,"mask_1":0,"lipstick_3":0,"chain_1":0,"eyebrows_4":0,"sex":0,"torso_1":56,"beard_2":6,"shoes_1":12,"decals_1":0,"face":19,"lipstick_4":0,"tshirt_1":15,"mask_2":0,"age_2":0,"eyebrows_3":0,"chain_2":0,"glasses_1":0,"ears_1":-1,"bags_2":0,"ears_2":0,"torso_2":0,"bproof_2":0,"makeup_2":0,"eyebrows_1":0,"makeup_3":0,"pants_2":0,"beard_3":0,"hair_color_2":4}', '{"age_1":0,"glasses_2":0,"beard_1":5,"decals_2":0,"beard_4":0,"shoes_2":0,"tshirt_2":0,"lipstick_2":0,"hair_2":0,"arms":72,"pants_1":45,"skin":29,"eyebrows_2":0,"shoes":10,"helmet_1":-1,"lipstick_1":0,"helmet_2":0,"hair_color_1":0,"glasses":0,"makeup_4":0,"makeup_1":0,"hair_1":2,"bproof_1":0,"bags_1":0,"mask_1":0,"lipstick_3":0,"chain_1":0,"eyebrows_4":0,"sex":1,"torso_1":49,"beard_2":6,"shoes_1":24,"decals_1":0,"face":19,"lipstick_4":0,"tshirt_1":9,"mask_2":0,"age_2":0,"eyebrows_3":0,"chain_2":0,"glasses_1":5,"ears_1":-1,"bags_2":0,"ears_2":0,"torso_2":0,"bproof_2":0,"makeup_2":0,"eyebrows_1":0,"makeup_3":0,"pants_2":0,"beard_3":0,"hair_color_2":4}'),
	(13, 'ambulance', 0, 'ambulance', 'متدرب', 8000, '{"tshirt_2":0,"hair_color_1":5,"glasses_2":3,"shoes_1":1,"torso_2":3,"hair_color_2":0,"pants_1":24,"glasses_1":4,"hair_1":2,"sex":0,"decals_2":0,"tshirt_1":15,"helmet_1":7,"helmet_2":0,"arms":92,"face":19,"decals_1":60,"torso_1":13,"hair_2":0,"skin":34,"pants_2":5}', '{"tshirt_2":3,"decals_2":0,"glasses":0,"hair_1":2,"torso_1":73,"shoes":1,"hair_color_2":0,"glasses_1":19,"skin":13,"face":6,"pants_2":5,"tshirt_1":75,"pants_1":37,"helmet_1":57,"torso_2":0,"arms":14,"sex":1,"glasses_2":0,"decals_1":0,"hair_2":0,"helmet_2":0,"hair_color_1":0}'),
	(14, 'ambulance', 1, 'doctor', 'مستوى 1', 8750, '{"tshirt_2":0,"hair_color_1":5,"glasses_2":3,"shoes_1":1,"torso_2":3,"hair_color_2":0,"pants_1":24,"glasses_1":4,"hair_1":2,"sex":0,"decals_2":0,"tshirt_1":15,"helmet_1":7,"helmet_2":0,"arms":92,"face":19,"decals_1":60,"torso_1":13,"hair_2":0,"skin":34,"pants_2":5}', '{"tshirt_2":3,"decals_2":0,"glasses":0,"hair_1":2,"torso_1":73,"shoes":1,"hair_color_2":0,"glasses_1":19,"skin":13,"face":6,"pants_2":5,"tshirt_1":75,"pants_1":37,"helmet_1":57,"torso_2":0,"arms":14,"sex":1,"glasses_2":0,"decals_1":0,"hair_2":0,"helmet_2":0,"hair_color_1":0}'),
	(15, 'ambulance', 2, 'chief_doctor', 'مستوى 2', 9500, '{"tshirt_2":0,"hair_color_1":5,"glasses_2":3,"shoes_1":1,"torso_2":3,"hair_color_2":0,"pants_1":24,"glasses_1":4,"hair_1":2,"sex":0,"decals_2":0,"tshirt_1":15,"helmet_1":7,"helmet_2":0,"arms":92,"face":19,"decals_1":60,"torso_1":13,"hair_2":0,"skin":34,"pants_2":5}', '{"tshirt_2":3,"decals_2":0,"glasses":0,"hair_1":2,"torso_1":73,"shoes":1,"hair_color_2":0,"glasses_1":19,"skin":13,"face":6,"pants_2":5,"tshirt_1":75,"pants_1":37,"helmet_1":57,"torso_2":0,"arms":14,"sex":1,"glasses_2":0,"decals_1":0,"hair_2":0,"helmet_2":0,"hair_color_1":0}'),
	(16, 'ambulance', 12, 'boss', 'قائد الدفاع المدني', 14000, '{"tshirt_2":0,"hair_color_1":5,"glasses_2":3,"shoes_1":1,"torso_2":3,"hair_color_2":0,"pants_1":24,"glasses_1":4,"hair_1":2,"sex":0,"decals_2":0,"tshirt_1":15,"helmet_1":7,"helmet_2":0,"arms":92,"face":19,"decals_1":60,"torso_1":13,"hair_2":0,"skin":34,"pants_2":5}', '{"tshirt_2":3,"decals_2":0,"glasses":0,"hair_1":2,"torso_1":73,"shoes":1,"hair_color_2":0,"glasses_1":19,"skin":13,"face":6,"pants_2":5,"tshirt_1":75,"pants_1":37,"helmet_1":57,"torso_2":0,"arms":14,"sex":1,"glasses_2":0,"decals_1":0,"hair_2":0,"helmet_2":0,"hair_color_1":0}'),
	(17, 'mechanic', 0, 'mechanic0', 'متدرب', 500, '{"torso_2":2,"pants_1":39,"shoes_2":0,"pants_2":2,"torso_1":66,"tshirt_1":89,"arms_2":0,"arms":18,"tshirt_2":2,"shoes_1":27,"helmet_1":5,"helmet_2":0}', '{}'),
	(18, 'mechanic', 1, 'mechanic1', 'مستوى 1', 1000, '{"torso_2":2,"pants_1":39,"shoes_2":0,"pants_2":2,"torso_1":66,"tshirt_1":89,"arms_2":0,"arms":18,"tshirt_2":0,"shoes_1":27,"helmet_1":45,"helmet_2":1}', '{}'),
	(19, 'mechanic', 2, 'mechanic2', 'مستوى 2', 1500, '{"torso_2":3,"pants_1":39,"shoes_2":0,"pants_2":3,"torso_1":66,"tshirt_1":89,"arms_2":0,"arms":18,"tshirt_2":2,"shoes_1":27,"helmet_1":5,"helmet_2":0}', '{}'),
	(20, 'mechanic', 3, 'mechanic3', 'مستوى 3', 2000, '{"torso_2":1,"pants_1":39,"shoes_2":0,"pants_2":1,"torso_1":66,"tshirt_1":89,"arms_2":0,"arms":18,"tshirt_2":0,"shoes_1":27,"helmet_1":45,"helmet_2":1}', '{}'),
	(21, 'mechanic', 4, 'mechanic4', 'مستوى 4', 2500, '{"torso_2":1,"pants_1":39,"shoes_2":0,"pants_2":1,"torso_1":66,"tshirt_1":89,"arms_2":0,"arms":18,"tshirt_2":2,"shoes_1":27,"helmet_1":5,"helmet_2":0}', '{}'),
	(22, 'admin', 1, 'low_admin', 'مفتش', 200, '{}', '{}'),
	(23, 'admin', 2, 'meduim_admin', 'مراقب', 300, '{}', '{}'),
	(24, 'admin', 3, 'high_admin', 'المراقب العام', 400, '{}', '{}'),
	(25, 'admin', 4, 'boss', 'المدير العام', 700, '{}', '{}'),
	(26, 'farmer', 0, 'employee', 'موظف', 500, '{"tshirt_2":0,"ears_1":5,"glasses_1":0,"torso_2":8,"ears_2":3,"glasses_2":0,"shoes_2":0,"pants_1":90,"shoes_1":24,"bags_1":0,"helmet_2":10,"pants_2":8,"torso_1":0,"tshirt_1":15,"arms":41,"bags_2":0,"helmet_1":13}', '{}'),
	(27, 'taxi', 0, 'recrue', 'موظف', 12, '{"hair_2":0,"hair_color_2":0,"torso_1":32,"bags_1":0,"helmet_2":0,"chain_2":0,"eyebrows_3":0,"makeup_3":0,"makeup_2":0,"tshirt_1":31,"makeup_1":0,"bags_2":0,"makeup_4":0,"eyebrows_4":0,"chain_1":0,"lipstick_4":0,"bproof_2":0,"hair_color_1":0,"decals_2":0,"pants_2":0,"age_2":0,"glasses_2":0,"ears_2":0,"arms":27,"lipstick_1":0,"ears_1":-1,"mask_2":0,"sex":0,"lipstick_3":0,"helmet_1":-1,"shoes_2":0,"beard_2":0,"beard_1":0,"lipstick_2":0,"beard_4":0,"glasses_1":0,"bproof_1":0,"mask_1":0,"decals_1":1,"hair_1":0,"eyebrows_2":0,"beard_3":0,"age_1":0,"tshirt_2":0,"skin":0,"torso_2":0,"eyebrows_1":0,"face":0,"shoes_1":10,"pants_1":24}', '{"hair_2":0,"hair_color_2":0,"torso_1":57,"bags_1":0,"helmet_2":0,"chain_2":0,"eyebrows_3":0,"makeup_3":0,"makeup_2":0,"tshirt_1":38,"makeup_1":0,"bags_2":0,"makeup_4":0,"eyebrows_4":0,"chain_1":0,"lipstick_4":0,"bproof_2":0,"hair_color_1":0,"decals_2":0,"pants_2":1,"age_2":0,"glasses_2":0,"ears_2":0,"arms":21,"lipstick_1":0,"ears_1":-1,"mask_2":0,"sex":1,"lipstick_3":0,"helmet_1":-1,"shoes_2":0,"beard_2":0,"beard_1":0,"lipstick_2":0,"beard_4":0,"glasses_1":5,"bproof_1":0,"mask_1":0,"decals_1":1,"hair_1":0,"eyebrows_2":0,"beard_3":0,"age_1":0,"tshirt_2":0,"skin":0,"torso_2":0,"eyebrows_1":0,"face":0,"shoes_1":49,"pants_1":11}'),
	(28, 'taxi', 1, 'novice', 'Novice', 24, '{"hair_2":0,"hair_color_2":0,"torso_1":32,"bags_1":0,"helmet_2":0,"chain_2":0,"eyebrows_3":0,"makeup_3":0,"makeup_2":0,"tshirt_1":31,"makeup_1":0,"bags_2":0,"makeup_4":0,"eyebrows_4":0,"chain_1":0,"lipstick_4":0,"bproof_2":0,"hair_color_1":0,"decals_2":0,"pants_2":0,"age_2":0,"glasses_2":0,"ears_2":0,"arms":27,"lipstick_1":0,"ears_1":-1,"mask_2":0,"sex":0,"lipstick_3":0,"helmet_1":-1,"shoes_2":0,"beard_2":0,"beard_1":0,"lipstick_2":0,"beard_4":0,"glasses_1":0,"bproof_1":0,"mask_1":0,"decals_1":1,"hair_1":0,"eyebrows_2":0,"beard_3":0,"age_1":0,"tshirt_2":0,"skin":0,"torso_2":0,"eyebrows_1":0,"face":0,"shoes_1":10,"pants_1":24}', '{"hair_2":0,"hair_color_2":0,"torso_1":57,"bags_1":0,"helmet_2":0,"chain_2":0,"eyebrows_3":0,"makeup_3":0,"makeup_2":0,"tshirt_1":38,"makeup_1":0,"bags_2":0,"makeup_4":0,"eyebrows_4":0,"chain_1":0,"lipstick_4":0,"bproof_2":0,"hair_color_1":0,"decals_2":0,"pants_2":1,"age_2":0,"glasses_2":0,"ears_2":0,"arms":21,"lipstick_1":0,"ears_1":-1,"mask_2":0,"sex":1,"lipstick_3":0,"helmet_1":-1,"shoes_2":0,"beard_2":0,"beard_1":0,"lipstick_2":0,"beard_4":0,"glasses_1":5,"bproof_1":0,"mask_1":0,"decals_1":1,"hair_1":0,"eyebrows_2":0,"beard_3":0,"age_1":0,"tshirt_2":0,"skin":0,"torso_2":0,"eyebrows_1":0,"face":0,"shoes_1":49,"pants_1":11}'),
	(29, 'taxi', 2, 'experimente', 'Experimente', 36, '{"hair_2":0,"hair_color_2":0,"torso_1":26,"bags_1":0,"helmet_2":0,"chain_2":0,"eyebrows_3":0,"makeup_3":0,"makeup_2":0,"tshirt_1":57,"makeup_1":0,"bags_2":0,"makeup_4":0,"eyebrows_4":0,"chain_1":0,"lipstick_4":0,"bproof_2":0,"hair_color_1":0,"decals_2":0,"pants_2":4,"age_2":0,"glasses_2":0,"ears_2":0,"arms":11,"lipstick_1":0,"ears_1":-1,"mask_2":0,"sex":0,"lipstick_3":0,"helmet_1":-1,"shoes_2":0,"beard_2":0,"beard_1":0,"lipstick_2":0,"beard_4":0,"glasses_1":0,"bproof_1":0,"mask_1":0,"decals_1":0,"hair_1":0,"eyebrows_2":0,"beard_3":0,"age_1":0,"tshirt_2":0,"skin":0,"torso_2":0,"eyebrows_1":0,"face":0,"shoes_1":10,"pants_1":24}', '{"hair_2":0,"hair_color_2":0,"torso_1":57,"bags_1":0,"helmet_2":0,"chain_2":0,"eyebrows_3":0,"makeup_3":0,"makeup_2":0,"tshirt_1":38,"makeup_1":0,"bags_2":0,"makeup_4":0,"eyebrows_4":0,"chain_1":0,"lipstick_4":0,"bproof_2":0,"hair_color_1":0,"decals_2":0,"pants_2":1,"age_2":0,"glasses_2":0,"ears_2":0,"arms":21,"lipstick_1":0,"ears_1":-1,"mask_2":0,"sex":1,"lipstick_3":0,"helmet_1":-1,"shoes_2":0,"beard_2":0,"beard_1":0,"lipstick_2":0,"beard_4":0,"glasses_1":5,"bproof_1":0,"mask_1":0,"decals_1":1,"hair_1":0,"eyebrows_2":0,"beard_3":0,"age_1":0,"tshirt_2":0,"skin":0,"torso_2":0,"eyebrows_1":0,"face":0,"shoes_1":49,"pants_1":11}'),
	(30, 'taxi', 3, 'uber', 'Uber', 48, '{"hair_2":0,"hair_color_2":0,"torso_1":26,"bags_1":0,"helmet_2":0,"chain_2":0,"eyebrows_3":0,"makeup_3":0,"makeup_2":0,"tshirt_1":57,"makeup_1":0,"bags_2":0,"makeup_4":0,"eyebrows_4":0,"chain_1":0,"lipstick_4":0,"bproof_2":0,"hair_color_1":0,"decals_2":0,"pants_2":4,"age_2":0,"glasses_2":0,"ears_2":0,"arms":11,"lipstick_1":0,"ears_1":-1,"mask_2":0,"sex":0,"lipstick_3":0,"helmet_1":-1,"shoes_2":0,"beard_2":0,"beard_1":0,"lipstick_2":0,"beard_4":0,"glasses_1":0,"bproof_1":0,"mask_1":0,"decals_1":0,"hair_1":0,"eyebrows_2":0,"beard_3":0,"age_1":0,"tshirt_2":0,"skin":0,"torso_2":0,"eyebrows_1":0,"face":0,"shoes_1":10,"pants_1":24}', '{"hair_2":0,"hair_color_2":0,"torso_1":57,"bags_1":0,"helmet_2":0,"chain_2":0,"eyebrows_3":0,"makeup_3":0,"makeup_2":0,"tshirt_1":38,"makeup_1":0,"bags_2":0,"makeup_4":0,"eyebrows_4":0,"chain_1":0,"lipstick_4":0,"bproof_2":0,"hair_color_1":0,"decals_2":0,"pants_2":1,"age_2":0,"glasses_2":0,"ears_2":0,"arms":21,"lipstick_1":0,"ears_1":-1,"mask_2":0,"sex":1,"lipstick_3":0,"helmet_1":-1,"shoes_2":0,"beard_2":0,"beard_1":0,"lipstick_2":0,"beard_4":0,"glasses_1":5,"bproof_1":0,"mask_1":0,"decals_1":1,"hair_1":0,"eyebrows_2":0,"beard_3":0,"age_1":0,"tshirt_2":0,"skin":0,"torso_2":0,"eyebrows_1":0,"face":0,"shoes_1":49,"pants_1":11}'),
	(31, 'taxi', 4, 'boss', 'Patron', 0, '{"hair_2":0,"hair_color_2":0,"torso_1":29,"bags_1":0,"helmet_2":0,"chain_2":0,"eyebrows_3":0,"makeup_3":0,"makeup_2":0,"tshirt_1":31,"makeup_1":0,"bags_2":0,"makeup_4":0,"eyebrows_4":0,"chain_1":0,"lipstick_4":0,"bproof_2":0,"hair_color_1":0,"decals_2":0,"pants_2":4,"age_2":0,"glasses_2":0,"ears_2":0,"arms":1,"lipstick_1":0,"ears_1":-1,"mask_2":0,"sex":0,"lipstick_3":0,"helmet_1":-1,"shoes_2":0,"beard_2":0,"beard_1":0,"lipstick_2":0,"beard_4":0,"glasses_1":0,"bproof_1":0,"mask_1":0,"decals_1":0,"hair_1":0,"eyebrows_2":0,"beard_3":0,"age_1":0,"tshirt_2":0,"skin":0,"torso_2":4,"eyebrows_1":0,"face":0,"shoes_1":10,"pants_1":24}', '{"hair_2":0,"hair_color_2":0,"torso_1":57,"bags_1":0,"helmet_2":0,"chain_2":0,"eyebrows_3":0,"makeup_3":0,"makeup_2":0,"tshirt_1":38,"makeup_1":0,"bags_2":0,"makeup_4":0,"eyebrows_4":0,"chain_1":0,"lipstick_4":0,"bproof_2":0,"hair_color_1":0,"decals_2":0,"pants_2":1,"age_2":0,"glasses_2":0,"ears_2":0,"arms":21,"lipstick_1":0,"ears_1":-1,"mask_2":0,"sex":1,"lipstick_3":0,"helmet_1":-1,"shoes_2":0,"beard_2":0,"beard_1":0,"lipstick_2":0,"beard_4":0,"glasses_1":5,"bproof_1":0,"mask_1":0,"decals_1":1,"hair_1":0,"eyebrows_2":0,"beard_3":0,"age_1":0,"tshirt_2":0,"skin":0,"torso_2":0,"eyebrows_1":0,"face":0,"shoes_1":49,"pants_1":11}'),
	(32, 'police', 0, 'recruit', 'متدرب', 450, '{}', '{}'),
	(33, 'police', 1, 'officer', 'وكيل عريف', 500, '{}', '{}'),
	(34, 'police', 2, 'sergeant', 'عريف', 550, '{}', '{}'),
	(35, 'police', 3, 'intendent', 'رقيب', 600, '{}', '{}'),
	(36, 'police', 4, 'lieutenant', 'رقيب أول', 650, '{}', '{}'),
	(37, 'police', 5, 'chef', 'وكيل ضابط', 700, '{}', '{}'),
	(38, 'police', 6, 'inspector', 'وكيل ضابط أول', 750, '{}', '{}'),
	(39, 'police', 7, 'mola', 'ملازم', 800, '{}', '{}'),
	(40, 'police', 8, 'captain', 'ملازم أول', 850, '{}', '{}'),
	(41, 'police', 9, 'deputy', 'نقيب', 900, '{}', '{}'),
	(42, 'police', 10, 'sandy2', 'رائد', 950, '{}', '{}'),
	(43, 'police', 11, 'fbi0', 'مقدم', 1000, '{}', '{}'),
	(44, 'police', 12, 'fbi1', 'مقدم ركن', 1050, '{}', '{}'),
	(45, 'police', 13, 'fbi2', 'عقيد', 1100, '{}', '{}'),
	(46, 'police', 14, 'agent', 'عقيد ركن', 1150, '{}', '{}'),
	(47, 'police', 15, 'special', 'عميد', 1200, '{}', '{}'),
	(48, 'police', 16, 'supervisor', 'عميد ركن', 1250, '{}', '{}'),
	(49, 'police', 17, 'fbi3', 'لواء', 1300, '{}', '{}'),
	(50, 'police', 18, 'fbi4', 'لواء ركن', 1350, '{}', '{}'),
	(51, 'police', 19, 'fbi5', 'فريق', 1400, '{}', '{}'),
	(52, 'police', 20, 'assistant', 'فريق ركن', 1450, '{}', '{}'),
	(53, 'police', 21, 'sandy0', 'فريق اول', 1500, '{}', '{}'),
	(54, 'police', 22, 'sandy02', 'فريق اول ركن', 1550, '{}', '{}'),
	(55, 'agent', 0, 'recruit', 'حارس', 1000, '{}', '{}'),
	(56, 'agent', 1, 'officer', 'وكيل عريف', 1500, '{}', '{}'),
	(57, 'agent', 2, 'sergeant', 'عريف', 2000, '{}', '{}'),
	(58, 'agent', 3, 'intendent', 'رقيب', 2500, '{}', '{}'),
	(59, 'agent', 4, 'lieutenant', 'رقيب أول', 3000, '{}', '{}'),
	(60, 'agent', 5, 'chef', 'وكيل ضابط', 3500, '{}', '{}'),
	(61, 'agent', 6, 'inspector', 'وكيل ضابط أول', 4000, '{}', '{}'),
	(62, 'agent', 7, 'bigboss', 'ملازم', 4500, '{}', '{}'),
	(63, 'agent', 8, 'captain', 'ملازم أول', 5000, '{}', '{}'),
	(64, 'police', 23, 'bosstwo', 'نائب قائد الشرطة', 1600, '{}', '{}'),
	(65, 'police', 24, 'boss', 'قائد الشرطة', 1650, '{}', '{}'),
	(66, 'agent', 9, 'sany', 'نقيب', 5500, '{}', '{}'),
	(67, 'agent', 10, 'sany1', 'رائد', 6000, '{}', '{}'),
	(68, 'agent', 11, 'sany2', 'مقدم', 6500, '{}', '{}'),
	(69, 'agent', 12, 'sany3', 'عقيد', 7000, '{}', '{}'),
	(70, 'agent', 13, 'sany4', 'عميد', 7500, '{}', '{}'),
	(71, 'agent', 14, 'high', 'لواء', 8000, '{}', '{}'),
	(72, 'agent', 15, 'bosstwo', 'نائب قائد الحرس', 8500, '{}', '{}'),
	(73, 'agent', 16, 'boss', 'قائد الحرس', 9000, '{}', '{}'),
	(76, 'admin', 0, 'recruit', 'الدعم الفني', 200, '{}', '{}'),
	(77, 'ambulance', 3, 'chief', 'مستوى 3', 10500, '{"tshirt_2":0,"hair_color_1":5,"glasses_2":3,"shoes_1":1,"torso_2":3,"hair_color_2":0,"pants_1":24,"glasses_1":4,"hair_1":2,"sex":0,"decals_2":0,"tshirt_1":15,"helmet_1":7,"helmet_2":0,"arms":92,"face":19,"decals_1":60,"torso_1":13,"hair_2":0,"skin":34,"pants_2":5}', '{"tshirt_2":3,"decals_2":0,"glasses":0,"hair_1":2,"torso_1":73,"shoes":1,"hair_color_2":0,"glasses_1":19,"skin":13,"face":6,"pants_2":5,"tshirt_1":75,"pants_1":37,"helmet_1":57,"torso_2":0,"arms":14,"sex":1,"glasses_2":0,"decals_1":0,"hair_2":0,"helmet_2":0,"hair_color_1":0}'),
	(78, 'ambulance', 4, 'bigchef', 'مستوى 4', 11000, '{"tshirt_2":0,"hair_color_1":5,"glasses_2":3,"shoes_1":1,"torso_2":3,"hair_color_2":0,"pants_1":24,"glasses_1":4,"hair_1":2,"sex":0,"decals_2":0,"tshirt_1":15,"helmet_1":7,"helmet_2":0,"arms":92,"face":19,"decals_1":60,"torso_1":13,"hair_2":0,"skin":34,"pants_2":5}', '{"tshirt_2":3,"decals_2":0,"glasses":0,"hair_1":2,"torso_1":73,"shoes":1,"hair_color_2":0,"glasses_1":19,"skin":13,"face":6,"pants_2":5,"tshirt_1":75,"pants_1":37,"helmet_1":57,"torso_2":0,"arms":14,"sex":1,"glasses_2":0,"decals_1":0,"hair_2":0,"helmet_2":0,"hair_color_1":0}'),
	(79, 'ambulance', 11, 'bosstwo', 'نائب قائد الدفاع المدني', 12500, '{"tshirt_2":0,"hair_color_1":5,"glasses_2":3,"shoes_1":1,"torso_2":3,"hair_color_2":0,"pants_1":24,"glasses_1":4,"hair_1":2,"sex":0,"decals_2":0,"tshirt_1":15,"helmet_1":7,"helmet_2":0,"arms":92,"face":19,"decals_1":60,"torso_1":13,"hair_2":0,"skin":34,"pants_2":5}', '{"tshirt_2":3,"decals_2":0,"glasses":0,"hair_1":2,"torso_1":73,"shoes":1,"hair_color_2":0,"glasses_1":19,"skin":13,"face":6,"pants_2":5,"tshirt_1":75,"pants_1":37,"helmet_1":57,"torso_2":0,"arms":14,"sex":1,"glasses_2":0,"decals_1":0,"hair_2":0,"helmet_2":0,"hair_color_1":0}'),
	(80, 'ambulance', 5, 'bigchef2', 'مستوى 5', 10, '{"tshirt_2":0,"hair_color_1":5,"glasses_2":3,"shoes_1":1,"torso_2":3,"hair_color_2":0,"pants_1":24,"glasses_1":4,"hair_1":2,"sex":0,"decals_2":0,"tshirt_1":15,"helmet_1":7,"helmet_2":0,"arms":92,"face":19,"decals_1":60,"torso_1":13,"hair_2":0,"skin":34,"pants_2":5}', '{"tshirt_2":3,"decals_2":0,"glasses":0,"hair_1":2,"torso_1":73,"shoes":1,"hair_color_2":0,"glasses_1":19,"skin":13,"face":6,"pants_2":5,"tshirt_1":75,"pants_1":37,"helmet_1":57,"torso_2":0,"arms":14,"sex":1,"glasses_2":0,"decals_1":0,"hair_2":0,"helmet_2":0,"hair_color_1":0}'),
	(81, 'ambulance', 6, 'bigchef3', 'مستوى 6', 10, '{"tshirt_2":0,"hair_color_1":5,"glasses_2":3,"shoes_1":1,"torso_2":3,"hair_color_2":0,"pants_1":24,"glasses_1":4,"hair_1":2,"sex":0,"decals_2":0,"tshirt_1":15,"helmet_1":7,"helmet_2":0,"arms":92,"face":19,"decals_1":60,"torso_1":13,"hair_2":0,"skin":34,"pants_2":5}', '{"tshirt_2":3,"decals_2":0,"glasses":0,"hair_1":2,"torso_1":73,"shoes":1,"hair_color_2":0,"glasses_1":19,"skin":13,"face":6,"pants_2":5,"tshirt_1":75,"pants_1":37,"helmet_1":57,"torso_2":0,"arms":14,"sex":1,"glasses_2":0,"decals_1":0,"hair_2":0,"helmet_2":0,"hair_color_1":0}'),
	(82, 'ambulance', 7, 'bigchef4', 'مستوى 7', 10, '{"tshirt_2":0,"hair_color_1":5,"glasses_2":3,"shoes_1":1,"torso_2":3,"hair_color_2":0,"pants_1":24,"glasses_1":4,"hair_1":2,"sex":0,"decals_2":0,"tshirt_1":15,"helmet_1":7,"helmet_2":0,"arms":92,"face":19,"decals_1":60,"torso_1":13,"hair_2":0,"skin":34,"pants_2":5}', '{"tshirt_2":3,"decals_2":0,"glasses":0,"hair_1":2,"torso_1":73,"shoes":1,"hair_color_2":0,"glasses_1":19,"skin":13,"face":6,"pants_2":5,"tshirt_1":75,"pants_1":37,"helmet_1":57,"torso_2":0,"arms":14,"sex":1,"glasses_2":0,"decals_1":0,"hair_2":0,"helmet_2":0,"hair_color_1":0}'),
	(83, 'ambulance', 8, 'bigchef5', 'مستوى 8', 0, '{"tshirt_2":0,"hair_color_1":5,"glasses_2":3,"shoes_1":1,"torso_2":3,"hair_color_2":0,"pants_1":24,"glasses_1":4,"hair_1":2,"sex":0,"decals_2":0,"tshirt_1":15,"helmet_1":7,"helmet_2":0,"arms":92,"face":19,"decals_1":60,"torso_1":13,"hair_2":0,"skin":34,"pants_2":5}', '{"tshirt_2":3,"decals_2":0,"glasses":0,"hair_1":2,"torso_1":73,"shoes":1,"hair_color_2":0,"glasses_1":19,"skin":13,"face":6,"pants_2":5,"tshirt_1":75,"pants_1":37,"helmet_1":57,"torso_2":0,"arms":14,"sex":1,"glasses_2":0,"decals_1":0,"hair_2":0,"helmet_2":0,"hair_color_1":0}'),
	(84, 'ambulance', 9, 'bigchef6', 'مستوى 9', 555, '{"tshirt_2":0,"hair_color_1":5,"glasses_2":3,"shoes_1":1,"torso_2":3,"hair_color_2":0,"pants_1":24,"glasses_1":4,"hair_1":2,"sex":0,"decals_2":0,"tshirt_1":15,"helmet_1":7,"helmet_2":0,"arms":92,"face":19,"decals_1":60,"torso_1":13,"hair_2":0,"skin":34,"pants_2":5}', '{"tshirt_2":3,"decals_2":0,"glasses":0,"hair_1":2,"torso_1":73,"shoes":1,"hair_color_2":0,"glasses_1":19,"skin":13,"face":6,"pants_2":5,"tshirt_1":75,"pants_1":37,"helmet_1":57,"torso_2":0,"arms":14,"sex":1,"glasses_2":0,"decals_1":0,"hair_2":0,"helmet_2":0,"hair_color_1":0}'),
	(85, 'ambulance', 10, 'bigchef7', 'مستوى 10', 100, '{"tshirt_2":0,"hair_color_1":5,"glasses_2":3,"shoes_1":1,"torso_2":3,"hair_color_2":0,"pants_1":24,"glasses_1":4,"hair_1":2,"sex":0,"decals_2":0,"tshirt_1":15,"helmet_1":7,"helmet_2":0,"arms":92,"face":19,"decals_1":60,"torso_1":13,"hair_2":0,"skin":34,"pants_2":5}', '{"tshirt_2":3,"decals_2":0,"glasses":0,"hair_1":2,"torso_1":73,"shoes":1,"hair_color_2":0,"glasses_1":19,"skin":13,"face":6,"pants_2":5,"tshirt_1":75,"pants_1":37,"helmet_1":57,"torso_2":0,"arms":14,"sex":1,"glasses_2":0,"decals_1":0,"hair_2":0,"helmet_2":0,"hair_color_1":0}'),
	(86, 'vegetables', 0, 'employee', 'موظف', 500, '{"tshirt_2":1,"ears_1":8,"glasses_1":0,"torso_2":3,"ears_2":2,"glasses_2":3,"shoes_2":1,"pants_1":75,"shoes_1":51,"bags_1":0,"helmet_2":19,"pants_2":7,"torso_1":44,"tshirt_1":59,"arms":0,"bags_2":0,"helmet_1":104}', ''),
	(87, 'mechanic', 5, 'mechanic5', 'مستوى 5', 3000, '{"torso_2":3,"pants_1":39,"shoes_2":0,"pants_2":3,"torso_1":66,"tshirt_1":89,"arms_2":0,"arms":18,"tshirt_2":2,"shoes_1":27,"helmet_1":5,"helmet_2":0}', ''),
	(88, 'mechanic', 6, 'mechanic6', 'مستوى 6', 3500, '{"torso_2":3,"pants_1":39,"shoes_2":0,"pants_2":3,"torso_1":66,"tshirt_1":89,"arms_2":0,"arms":18,"tshirt_2":0,"shoes_1":27,"helmet_1":45,"helmet_2":1}', ''),
	(89, 'mechanic', 7, 'mechanic7', 'مستوى 7', 4000, '{"torso_2":1,"pants_1":39,"shoes_2":0,"pants_2":1,"torso_1":66,"tshirt_1":89,"arms_2":0,"arms":18,"tshirt_2":2,"shoes_1":27,"helmet_1":5,"helmet_2":0}', ''),
	(90, 'mechanic', 8, 'mechanic8', 'مستوى 8', 4500, '{"torso_2":1,"pants_1":39,"shoes_2":0,"pants_2":1,"torso_1":66,"tshirt_1":89,"arms_2":0,"arms":18,"tshirt_2":0,"shoes_1":27,"helmet_1":45,"helmet_2":1}', ''),
	(91, 'mechanic', 9, 'mechanic9', 'مستوى 9', 5000, '{"torso_2":0,"pants_1":39,"shoes_2":0,"pants_2":1,"torso_1":66,"tshirt_1":90,"arms_2":0,"arms":18,"tshirt_2":0,"shoes_1":27,"helmet_1":45,"helmet_2":1}', ''),
	(92, 'mechanic', 10, 'bosstwo', 'نائب مدير كراج الميكانيكي', 6000, '{"torso_2":1,"pants_1":39,"shoes_2":0,"pants_2":1,"torso_1":66,"tshirt_1":90,"arms_2":0,"arms":18,"tshirt_2":0,"shoes_1":27,"helmet_1":45,"helmet_2":1}', ''),
	(93, 'mechanic', 11, 'mechanic11', 'مدير كراج الميكانيكي', 8000, '{"torso_2":1,"pants_1":39,"shoes_2":0,"pants_2":1,"torso_1":66,"tshirt_1":90,"arms_2":0,"arms":18,"tshirt_2":0,"shoes_1":27,"helmet_1":45,"helmet_2":1}', '');
/*!40000 ALTER TABLE `job_grades` ENABLE KEYS */;

-- Dumping structure for table es_extended.kicks
CREATE TABLE IF NOT EXISTS `kicks` (
  `ID` int(255) NOT NULL,
  `license` varchar(1024) NOT NULL,
  `reason` varchar(1024) NOT NULL,
  `staff_name` varchar(255) NOT NULL,
  `staff_steamid` varchar(255) NOT NULL,
  `time` varchar(255) NOT NULL,
  `community` varchar(255) NOT NULL
) ENGINE=InnoDB DEFAULT CHARSET=latin1;

-- Dumping data for table es_extended.kicks: ~0 rows (approximately)
/*!40000 ALTER TABLE `kicks` DISABLE KEYS */;
/*!40000 ALTER TABLE `kicks` ENABLE KEYS */;

-- Dumping structure for table es_extended.kofmachines
CREATE TABLE IF NOT EXISTS `kofmachines` (
  `dono` longtext DEFAULT '',
  `machine` longtext DEFAULT NULL,
  `coins` double DEFAULT 0
) ENGINE=InnoDB DEFAULT CHARSET=utf8;

-- Dumping data for table es_extended.kofmachines: ~0 rows (approximately)
/*!40000 ALTER TABLE `kofmachines` DISABLE KEYS */;
/*!40000 ALTER TABLE `kofmachines` ENABLE KEYS */;

-- Dumping structure for table es_extended.licenses
CREATE TABLE IF NOT EXISTS `licenses` (
  `type` varchar(60) NOT NULL,
  `label` varchar(60) NOT NULL,
  PRIMARY KEY (`type`)
) ENGINE=InnoDB DEFAULT CHARSET=utf8;

-- Dumping data for table es_extended.licenses: ~8 rows (approximately)
/*!40000 ALTER TABLE `licenses` DISABLE KEYS */;
INSERT INTO `licenses` (`type`, `label`) VALUES
	('dmv', 'رخصة إجتياز اختبار عملي'),
	('drive', 'رخصة سيارات'),
	('drive_aircraft', 'رخصة قيادة طائرة'),
	('drive_bike', 'رخصة قيادة دباب'),
	('drive_boat', 'رخصة قيادة قارب'),
	('drive_truck', 'رخصة قيادة شاحنة'),
	('visa', 'تأشيرة دخول ✅'),
	('weapon', 'رخصة حمل سلاح');
/*!40000 ALTER TABLE `licenses` ENABLE KEYS */;

-- Dumping structure for table es_extended.notes
CREATE TABLE IF NOT EXISTS `notes` (
  `ID` int(255) NOT NULL,
  `license` varchar(255) NOT NULL,
  `reason` varchar(255) NOT NULL,
  `staff_name` varchar(255) NOT NULL,
  `staff_steamid` varchar(255) NOT NULL,
  `time` varchar(255) NOT NULL,
  `community` varchar(255) NOT NULL
) ENGINE=MyISAM DEFAULT CHARSET=latin1;

-- Dumping data for table es_extended.notes: 0 rows
/*!40000 ALTER TABLE `notes` DISABLE KEYS */;
/*!40000 ALTER TABLE `notes` ENABLE KEYS */;

-- Dumping structure for table es_extended.owned_properties
CREATE TABLE IF NOT EXISTS `owned_properties` (
  `id` int(11) NOT NULL AUTO_INCREMENT,
  `name` varchar(255) NOT NULL,
  `price` double NOT NULL,
  `rented` int(11) NOT NULL,
  `owner` varchar(60) NOT NULL,
  PRIMARY KEY (`id`)
) ENGINE=InnoDB AUTO_INCREMENT=38 DEFAULT CHARSET=utf8;

-- Dumping data for table es_extended.owned_properties: ~0 rows (approximately)
/*!40000 ALTER TABLE `owned_properties` DISABLE KEYS */;
/*!40000 ALTER TABLE `owned_properties` ENABLE KEYS */;

-- Dumping structure for table es_extended.owned_shops
CREATE TABLE IF NOT EXISTS `owned_shops` (
  `identifier` varchar(250) CHARACTER SET latin1 DEFAULT NULL,
  `ShopNumber` int(11) DEFAULT 0,
  `money` int(11) DEFAULT 0,
  `ShopValue` int(11) DEFAULT NULL,
  `LastRobbery` int(11) DEFAULT 0,
  `ShopName` varchar(30) DEFAULT NULL
) ENGINE=InnoDB DEFAULT CHARSET=utf8;

-- Dumping data for table es_extended.owned_shops: ~57 rows (approximately)
/*!40000 ALTER TABLE `owned_shops` DISABLE KEYS */;
INSERT INTO `owned_shops` (`identifier`, `ShopNumber`, `money`, `ShopValue`, `LastRobbery`, `ShopName`) VALUES
	('749865b68a6a6bf12a8641101848f3c7281337fd', 1, 350000, 280000, 1624457814, 'Milan#1'),
	('749865b68a6a6bf12a8641101848f3c7281337fd', 2, 350300, 280000, 1647781452, 'Milan#2'),
	('749865b68a6a6bf12a8641101848f3c7281337fd', 3, 353410, 280000, 1647780749, 'Milan#3'),
	('749865b68a6a6bf12a8641101848f3c7281337fd', 4, 704000, 280000, 1647539988, 'Milan#4'),
	('749865b68a6a6bf12a8641101848f3c7281337fd', 5, 375000, 280000, 1625018856, 'Milan#5'),
	('749865b68a6a6bf12a8641101848f3c7281337fd', 6, 378000, 280000, 1624928148, 'Milan#6'),
	('749865b68a6a6bf12a8641101848f3c7281337fd', 7, 350000, 280000, 1648048551, 'Milan#7'),
	('749865b68a6a6bf12a8641101848f3c7281337fd', 8, 350000, 280000, 1647541963, 'Milan#8'),
	('749865b68a6a6bf12a8641101848f3c7281337fd', 9, 255150, 280000, 1648048386, 'Milan#9'),
	('749865b68a6a6bf12a8641101848f3c7281337fd', 10, 350000, 280000, 1549643682, 'Milan#10'),
	('749865b68a6a6bf12a8641101848f3c7281337fd', 11, 350000, 280000, 1549643682, 'Milan#11'),
	('749865b68a6a6bf12a8641101848f3c7281337fd', 12, 350000, 280000, 1549643682, 'Milan#12'),
	('749865b68a6a6bf12a8641101848f3c7281337fd', 13, 350000, 280000, 1647531361, 'Milan#13'),
	('749865b68a6a6bf12a8641101848f3c7281337fd', 14, 350000, 280000, 1549643682, 'Milan#14'),
	('749865b68a6a6bf12a8641101848f3c7281337fd', 15, 350000, 280000, 1647539364, 'Milan#15'),
	('749865b68a6a6bf12a8641101848f3c7281337fd', 16, 350000, 280000, 1549643682, 'Milan#16'),
	('749865b68a6a6bf12a8641101848f3c7281337fd', 17, 350000, 280000, 1549643682, 'Milan#17'),
	('749865b68a6a6bf12a8641101848f3c7281337fd', 18, 350000, 280000, 1549643682, 'Milan#18'),
	('749865b68a6a6bf12a8641101848f3c7281337fd', 19, 350000, 280000, 1549643682, 'Milan#19'),
	('749865b68a6a6bf12a8641101848f3c7281337fd', 20, 350000, 280000, 1549643682, 'Milan#20'),
	('749865b68a6a6bf12a8641101848f3c7281337fd', 21, 350000, 280000, 1621529878, 'Milan#21'),
	('749865b68a6a6bf12a8641101848f3c7281337fd', 22, 350000, 280000, 1621530230, 'Milan#22'),
	('749865b68a6a6bf12a8641101848f3c7281337fd', 23, 350000, 280000, 1624546881, 'Milan#23'),
	('749865b68a6a6bf12a8641101848f3c7281337fd', 24, 439630, 280000, 1624547148, 'Milan#24'),
	('749865b68a6a6bf12a8641101848f3c7281337fd', 25, 356993, 280000, 1647579202, 'Milan#25'),
	('749865b68a6a6bf12a8641101848f3c7281337fd', 26, 350000, 280000, 1624547616, 'Milan#26'),
	('749865b68a6a6bf12a8641101848f3c7281337fd', 27, 351990, 280000, 1625775756, 'Milan#27'),
	('749865b68a6a6bf12a8641101848f3c7281337fd', 28, 428199, 280000, 1648174173, 'Milan#28'),
	('749865b68a6a6bf12a8641101848f3c7281337fd', 29, 315000, 280000, 1648265523, 'Milan#29'),
	('749865b68a6a6bf12a8641101848f3c7281337fd', 30, 320365, 280000, 1648257463, 'Milan#30'),
	('749865b68a6a6bf12a8641101848f3c7281337fd', 31, 357748, 280000, 1648257504, 'Milan#31'),
	('749865b68a6a6bf12a8641101848f3c7281337fd', 32, 351270, 280000, 1648265278, 'Milan#32'),
	(NULL, 33, 350000, 280000, 1549643682, 'Milan'),
	(NULL, 34, 350000, 280000, 1549643682, 'Milan'),
	(NULL, 35, 350000, 280000, 1549643682, 'Milan'),
	(NULL, 36, 350000, 280000, 1549643682, 'Milan'),
	(NULL, 37, 350000, 280000, 1549643682, 'Milan'),
	(NULL, 38, 350000, 280000, 1549643682, 'Milan'),
	(NULL, 39, 350000, 280000, 1549643682, 'Milan'),
	(NULL, 40, 350000, 280000, 1549643682, 'Milan'),
	(NULL, 41, 350000, 280000, 1549643682, 'Milan'),
	(NULL, 42, 350000, 280000, 1549643682, 'Milan'),
	(NULL, 43, 350000, 280000, 1549643682, 'Milan'),
	(NULL, 44, 350000, 280000, 1549643682, 'Milan'),
	(NULL, 45, 350000, 280000, 1549643682, 'Milan'),
	(NULL, 46, 350000, 280000, 1549643682, 'Milan'),
	(NULL, 47, 350000, 280000, 1549643682, 'Milan'),
	(NULL, 48, 350000, 280000, 1549643682, 'Milan'),
	(NULL, 49, 350000, 280000, 1549643682, 'Milan'),
	(NULL, 50, 350000, 280000, 1549643682, 'Milan'),
	(NULL, 51, 350000, 280000, 1549643682, 'Milan'),
	(NULL, 52, 350000, 280000, 1549643682, 'Milan'),
	(NULL, 53, 350000, 280000, 1549643682, 'Milan'),
	(NULL, 54, 350000, 280000, 1549643682, 'Milan'),
	(NULL, 55, 350000, 280000, 1549643682, 'Milan4'),
	(NULL, 56, 350000, 280000, 1549643682, 'Milan'),
	(NULL, 57, 350000, 280000, 1549643682, 'Milan#1');
/*!40000 ALTER TABLE `owned_shops` ENABLE KEYS */;

-- Dumping structure for table es_extended.owned_vehicles
CREATE TABLE IF NOT EXISTS `owned_vehicles` (
  `owner` varchar(40) NOT NULL,
  `plate` varchar(12) NOT NULL,
  `vehicle` longtext DEFAULT NULL,
  `type` varchar(20) DEFAULT 'car',
  `job` varchar(20) NOT NULL DEFAULT 'civ',
  `stored` tinyint(1) NOT NULL DEFAULT 0,
  `name` varchar(225) NOT NULL DEFAULT '',
  `priceold` longtext NOT NULL,
  `levelold` longtext NOT NULL,
  `category` longtext NOT NULL,
  `modelname` longtext NOT NULL,
  `lasthouse` int(11) DEFAULT 0,
  `carseller` int(11) DEFAULT 0,
  PRIMARY KEY (`plate`)
) ENGINE=InnoDB DEFAULT CHARSET=utf8;

-- Dumping data for table es_extended.owned_vehicles: ~10 rows (approximately)
/*!40000 ALTER TABLE `owned_vehicles` DISABLE KEYS */;
INSERT INTO `owned_vehicles` (`owner`, `plate`, `vehicle`, `type`, `job`, `stored`, `name`, `priceold`, `levelold`, `category`, `modelname`, `lasthouse`, `carseller`) VALUES
	('df992107859e130f5dc0dc8a62d50a8e587b19bc', 'AAR 405', '{"bodyHealth":1000.0,"plate":"AAR 405","model":-963969298,"engineHealth":1000.0}', 'car', 'admin', 1, 'كابرس', '', '', '2', '', 0, 0),
	('7ff0ae023be24eddccc38f4f453caa97802ca105', 'ALU 107', '{"bodyHealth":1000.0,"plate":"ALU 107","model":-963969298,"engineHealth":1000.0}', 'car', 'admin', 1, 'كابرس', '', '', '2', '', 0, 0),
	('7ff0ae023be24eddccc38f4f453caa97802ca105', 'HCU 374', '{"bodyHealth":1000.0,"engineHealth":1000.0,"model":-896847338,"plate":"HCU 374"}', 'car', 'admin', 0, 'فورد فكتوريا', '', '', '2', '', 0, 0),
	('c582bc94d756bdf8a64d8c385e68a0bade3a9b5f', 'NNS 886', '{"bodyHealth":1000.0,"plate":"NNS 886","model":-48075744,"engineHealth":1000.0}', 'car', 'admin', 1, 'تاهو', '', '', '2', '', 0, 0),
	('28fadca751c8eac586c3946c4216f128982ccf5e', 'VKV 193', '{"bodyHealth":1000.0,"plate":"VKV 193","model":-48075744,"engineHealth":1000.0}', 'car', 'admin', 1, 'تاهو', '', '', '2', '', 0, 0),
	('28fadca751c8eac586c3946c4216f128982ccf5e', 'VLU 815', '{"plate":"VLU 815","model":-963969298,"engineHealth":998.75,"bodyHealth":999.75}', 'car', 'admin', 1, 'كابرس', '', '', '2', '', 0, 0),
	('7ff0ae023be24eddccc38f4f453caa97802ca105', 'VXE 684', '{"bodyHealth":1000.0,"engineHealth":1000.0,"model":-48075744,"plate":"VXE 684"}', 'car', 'admin', 0, 'تاهو', '', '', '2', '', 0, 0),
	('2d13c1e7cd62700344f30edd12333c479332d836', 'YKG 776', '{"bodyHealth":1000.0,"model":-1751040367,"plate":"YKG 776","engineHealth":1000.0}', 'car', 'admin', 0, 'فورد فكتوريا الدعم الفني', '', '', '1', '', 0, 0);
/*!40000 ALTER TABLE `owned_vehicles` ENABLE KEYS */;

-- Dumping structure for table es_extended.phone_app_chat
CREATE TABLE IF NOT EXISTS `phone_app_chat` (
  `id` int(11) NOT NULL AUTO_INCREMENT,
  `channel` varchar(20) NOT NULL,
  `message` varchar(255) NOT NULL,
  `time` timestamp NOT NULL DEFAULT current_timestamp(),
  PRIMARY KEY (`id`)
) ENGINE=InnoDB AUTO_INCREMENT=28 DEFAULT CHARSET=utf8;

-- Dumping data for table es_extended.phone_app_chat: ~0 rows (approximately)
/*!40000 ALTER TABLE `phone_app_chat` DISABLE KEYS */;
/*!40000 ALTER TABLE `phone_app_chat` ENABLE KEYS */;

-- Dumping structure for table es_extended.phone_calls
CREATE TABLE IF NOT EXISTS `phone_calls` (
  `id` int(11) NOT NULL AUTO_INCREMENT,
  `owner` varchar(10) NOT NULL COMMENT 'Num tel proprio',
  `num` varchar(10) NOT NULL COMMENT 'Num reférence du contact',
  `incoming` int(11) NOT NULL COMMENT 'Défini si on est à l''origine de l''appels',
  `time` timestamp NOT NULL DEFAULT current_timestamp(),
  `accepts` int(11) NOT NULL COMMENT 'Appels accepter ou pas',
  PRIMARY KEY (`id`)
) ENGINE=InnoDB AUTO_INCREMENT=185 DEFAULT CHARSET=utf8;

-- Dumping data for table es_extended.phone_calls: ~1 rows (approximately)
/*!40000 ALTER TABLE `phone_calls` DISABLE KEYS */;
INSERT INTO `phone_calls` (`id`, `owner`, `num`, `incoming`, `time`, `accepts`) VALUES
	(184, '694-1948', 'police', 1, '2022-03-17 21:11:57', 0);
/*!40000 ALTER TABLE `phone_calls` ENABLE KEYS */;

-- Dumping structure for table es_extended.phone_ch_reddit
CREATE TABLE IF NOT EXISTS `phone_ch_reddit` (
  `id` int(11) NOT NULL AUTO_INCREMENT,
  `redgkit` varchar(20) NOT NULL,
  `time` timestamp NOT NULL DEFAULT current_timestamp(),
  PRIMARY KEY (`id`)
) ENGINE=InnoDB DEFAULT CHARSET=utf8;

-- Dumping data for table es_extended.phone_ch_reddit: ~0 rows (approximately)
/*!40000 ALTER TABLE `phone_ch_reddit` DISABLE KEYS */;
/*!40000 ALTER TABLE `phone_ch_reddit` ENABLE KEYS */;

-- Dumping structure for table es_extended.phone_messages
CREATE TABLE IF NOT EXISTS `phone_messages` (
  `id` int(11) NOT NULL AUTO_INCREMENT,
  `transmitter` varchar(10) NOT NULL,
  `receiver` varchar(10) NOT NULL,
  `message` varchar(255) NOT NULL DEFAULT '0',
  `time` timestamp NOT NULL DEFAULT current_timestamp(),
  `isRead` int(11) NOT NULL DEFAULT 0,
  `owner` int(11) NOT NULL DEFAULT 0,
  PRIMARY KEY (`id`)
) ENGINE=MyISAM AUTO_INCREMENT=1095 DEFAULT CHARSET=utf8;

-- Dumping data for table es_extended.phone_messages: 0 rows
/*!40000 ALTER TABLE `phone_messages` DISABLE KEYS */;
/*!40000 ALTER TABLE `phone_messages` ENABLE KEYS */;

-- Dumping structure for table es_extended.phone_reddit
CREATE TABLE IF NOT EXISTS `phone_reddit` (
  `id` int(11) NOT NULL AUTO_INCREMENT,
  `redgkit` varchar(20) DEFAULT NULL,
  `reditsage` varchar(255) DEFAULT NULL,
  `time` timestamp NOT NULL DEFAULT current_timestamp(),
  PRIMARY KEY (`id`)
) ENGINE=InnoDB DEFAULT CHARSET=utf8;

-- Dumping data for table es_extended.phone_reddit: ~0 rows (approximately)
/*!40000 ALTER TABLE `phone_reddit` DISABLE KEYS */;
/*!40000 ALTER TABLE `phone_reddit` ENABLE KEYS */;

-- Dumping structure for table es_extended.phone_shops
CREATE TABLE IF NOT EXISTS `phone_shops` (
  `id` int(11) NOT NULL AUTO_INCREMENT,
  `store` varchar(255) NOT NULL,
  `item` varchar(100) NOT NULL,
  `price` int(11) NOT NULL,
  `label` varchar(100) NOT NULL,
  PRIMARY KEY (`id`)
) ENGINE=InnoDB AUTO_INCREMENT=19 DEFAULT CHARSET=utf8;

-- Dumping data for table es_extended.phone_shops: ~0 rows (approximately)
/*!40000 ALTER TABLE `phone_shops` DISABLE KEYS */;
/*!40000 ALTER TABLE `phone_shops` ENABLE KEYS */;

-- Dumping structure for table es_extended.phone_users_contacts
CREATE TABLE IF NOT EXISTS `phone_users_contacts` (
  `id` int(11) NOT NULL AUTO_INCREMENT,
  `identifier` varchar(60) DEFAULT NULL,
  `number` varchar(10) DEFAULT NULL,
  `display` varchar(64) NOT NULL DEFAULT '-1',
  PRIMARY KEY (`id`)
) ENGINE=MyISAM AUTO_INCREMENT=7 DEFAULT CHARSET=utf8;

-- Dumping data for table es_extended.phone_users_contacts: 0 rows
/*!40000 ALTER TABLE `phone_users_contacts` DISABLE KEYS */;
/*!40000 ALTER TABLE `phone_users_contacts` ENABLE KEYS */;

-- Dumping structure for table es_extended.playerhousing
CREATE TABLE IF NOT EXISTS `playerhousing` (
  `id` int(32) NOT NULL,
  `owner` varchar(50) DEFAULT NULL,
  `rented` tinyint(1) DEFAULT NULL,
  `price` int(32) DEFAULT NULL,
  `wardrobe` longtext DEFAULT NULL,
  PRIMARY KEY (`id`)
) ENGINE=InnoDB DEFAULT CHARSET=utf8mb4;

-- Dumping data for table es_extended.playerhousing: ~0 rows (approximately)
/*!40000 ALTER TABLE `playerhousing` DISABLE KEYS */;
/*!40000 ALTER TABLE `playerhousing` ENABLE KEYS */;

-- Dumping structure for table es_extended.players
CREATE TABLE IF NOT EXISTS `players` (
  `ID` int(255) NOT NULL,
  `name` varchar(255) NOT NULL,
  `license` varchar(255) NOT NULL,
  `steam` varchar(255) NOT NULL,
  `discord` varchar(255) DEFAULT NULL,
  `playtime` int(255) NOT NULL DEFAULT 1,
  `firstjoined` varchar(255) NOT NULL,
  `lastplayed` varchar(255) NOT NULL,
  `community` varchar(255) NOT NULL
) ENGINE=InnoDB DEFAULT CHARSET=latin1;

-- Dumping data for table es_extended.players: ~0 rows (approximately)
/*!40000 ALTER TABLE `players` DISABLE KEYS */;
/*!40000 ALTER TABLE `players` ENABLE KEYS */;

-- Dumping structure for table es_extended.properties
CREATE TABLE IF NOT EXISTS `properties` (
  `id` int(11) NOT NULL AUTO_INCREMENT,
  `name` varchar(255) DEFAULT NULL,
  `label` varchar(255) DEFAULT NULL,
  `entering` varchar(255) DEFAULT NULL,
  `exit` varchar(255) DEFAULT NULL,
  `inside` varchar(255) DEFAULT NULL,
  `outside` varchar(255) DEFAULT NULL,
  `ipls` varchar(255) DEFAULT '[]',
  `gateway` varchar(255) DEFAULT NULL,
  `is_single` int(11) DEFAULT NULL,
  `is_room` int(11) DEFAULT NULL,
  `is_gateway` int(11) DEFAULT NULL,
  `room_menu` varchar(255) DEFAULT NULL,
  `price` int(11) NOT NULL,
  PRIMARY KEY (`id`)
) ENGINE=InnoDB AUTO_INCREMENT=73 DEFAULT CHARSET=utf8;

-- Dumping data for table es_extended.properties: ~0 rows (approximately)
/*!40000 ALTER TABLE `properties` DISABLE KEYS */;
/*!40000 ALTER TABLE `properties` ENABLE KEYS */;

-- Dumping structure for table es_extended.qalleagent_brottsregister
CREATE TABLE IF NOT EXISTS `qalleagent_brottsregister` (
  `id` int(255) NOT NULL AUTO_INCREMENT,
  `identifier` varchar(50) NOT NULL,
  `firstname` varchar(255) NOT NULL,
  `lastname` varchar(255) NOT NULL,
  `dateofcrime` varchar(255) NOT NULL,
  `crime` varchar(255) NOT NULL,
  PRIMARY KEY (`id`)
) ENGINE=InnoDB AUTO_INCREMENT=23 DEFAULT CHARSET=utf8;

-- Dumping data for table es_extended.qalleagent_brottsregister: ~0 rows (approximately)
/*!40000 ALTER TABLE `qalleagent_brottsregister` DISABLE KEYS */;
/*!40000 ALTER TABLE `qalleagent_brottsregister` ENABLE KEYS */;

-- Dumping structure for table es_extended.qaller9abh_brottsregister
CREATE TABLE IF NOT EXISTS `qaller9abh_brottsregister` (
  `id` int(255) NOT NULL AUTO_INCREMENT,
  `identifier` varchar(50) NOT NULL,
  `firstname` varchar(255) NOT NULL,
  `lastname` varchar(255) NOT NULL,
  `dateofcrime` varchar(255) NOT NULL,
  `crime` varchar(255) NOT NULL,
  PRIMARY KEY (`id`)
) ENGINE=InnoDB AUTO_INCREMENT=43 DEFAULT CHARSET=utf8;

-- Dumping data for table es_extended.qaller9abh_brottsregister: ~0 rows (approximately)
/*!40000 ALTER TABLE `qaller9abh_brottsregister` DISABLE KEYS */;
/*!40000 ALTER TABLE `qaller9abh_brottsregister` ENABLE KEYS */;

-- Dumping structure for table es_extended.qalletebexstore_brottsregister
CREATE TABLE IF NOT EXISTS `qalletebexstore_brottsregister` (
  `id` int(255) NOT NULL AUTO_INCREMENT,
  `identifier` varchar(50) NOT NULL,
  `firstname` varchar(255) NOT NULL,
  `lastname` varchar(255) NOT NULL,
  `dateofcrime` varchar(255) NOT NULL,
  `crime` varchar(255) NOT NULL,
  PRIMARY KEY (`id`)
) ENGINE=InnoDB AUTO_INCREMENT=55 DEFAULT CHARSET=utf8;

-- Dumping data for table es_extended.qalletebexstore_brottsregister: ~0 rows (approximately)
/*!40000 ALTER TABLE `qalletebexstore_brottsregister` DISABLE KEYS */;
/*!40000 ALTER TABLE `qalletebexstore_brottsregister` ENABLE KEYS */;

-- Dumping structure for table es_extended.qalle_brottsregister
CREATE TABLE IF NOT EXISTS `qalle_brottsregister` (
  `id` int(255) NOT NULL AUTO_INCREMENT,
  `identifier` varchar(50) NOT NULL,
  `firstname` varchar(255) NOT NULL,
  `lastname` varchar(255) NOT NULL,
  `dateofcrime` varchar(255) NOT NULL,
  `crime` varchar(255) NOT NULL,
  PRIMARY KEY (`id`)
) ENGINE=InnoDB AUTO_INCREMENT=32 DEFAULT CHARSET=utf8;

-- Dumping data for table es_extended.qalle_brottsregister: ~0 rows (approximately)
/*!40000 ALTER TABLE `qalle_brottsregister` DISABLE KEYS */;
/*!40000 ALTER TABLE `qalle_brottsregister` ENABLE KEYS */;

-- Dumping structure for table es_extended.rented_vehicles
CREATE TABLE IF NOT EXISTS `rented_vehicles` (
  `vehicle` varchar(60) NOT NULL,
  `plate` varchar(12) NOT NULL,
  `player_name` varchar(255) NOT NULL,
  `base_price` int(11) NOT NULL,
  `rent_price` int(11) NOT NULL,
  `owner` varchar(22) NOT NULL,
  PRIMARY KEY (`plate`)
) ENGINE=InnoDB DEFAULT CHARSET=utf8;

-- Dumping data for table es_extended.rented_vehicles: ~0 rows (approximately)
/*!40000 ALTER TABLE `rented_vehicles` DISABLE KEYS */;
/*!40000 ALTER TABLE `rented_vehicles` ENABLE KEYS */;

-- Dumping structure for table es_extended.selling_cars
CREATE TABLE IF NOT EXISTS `selling_cars` (
  `id` int(11) NOT NULL AUTO_INCREMENT,
  `seller` varchar(50) NOT NULL,
  `vehicleProps` longtext NOT NULL,
  `price` int(11) NOT NULL DEFAULT 0,
  `name` longtext NOT NULL,
  `priceold` int(11) NOT NULL DEFAULT 0,
  `level` int(11) NOT NULL DEFAULT 0,
  `category` longtext NOT NULL,
  `modelname` longtext NOT NULL,
  PRIMARY KEY (`id`) USING BTREE
) ENGINE=InnoDB AUTO_INCREMENT=50 DEFAULT CHARSET=utf8 ROW_FORMAT=DYNAMIC;

-- Dumping data for table es_extended.selling_cars: ~0 rows (approximately)
/*!40000 ALTER TABLE `selling_cars` DISABLE KEYS */;
/*!40000 ALTER TABLE `selling_cars` ENABLE KEYS */;

-- Dumping structure for table es_extended.servers
CREATE TABLE IF NOT EXISTS `servers` (
  `ID` int(255) NOT NULL,
  `name` varchar(255) NOT NULL,
  `connection` varchar(255) NOT NULL,
  `rcon` varchar(255) NOT NULL,
  `community` varchar(255) NOT NULL
) ENGINE=InnoDB DEFAULT CHARSET=latin1;

-- Dumping data for table es_extended.servers: ~0 rows (approximately)
/*!40000 ALTER TABLE `servers` DISABLE KEYS */;
/*!40000 ALTER TABLE `servers` ENABLE KEYS */;

-- Dumping structure for table es_extended.shipments
CREATE TABLE IF NOT EXISTS `shipments` (
  `idd` int(11) NOT NULL AUTO_INCREMENT,
  `id` int(11) DEFAULT NULL,
  `label` varchar(50) CHARACTER SET utf8 DEFAULT NULL,
  `item` varchar(50) DEFAULT NULL,
  `price` varchar(50) DEFAULT NULL,
  `count` varchar(50) DEFAULT NULL,
  `time` int(20) DEFAULT NULL,
  PRIMARY KEY (`idd`)
) ENGINE=InnoDB AUTO_INCREMENT=24 DEFAULT CHARSET=latin1;

-- Dumping data for table es_extended.shipments: ~0 rows (approximately)
/*!40000 ALTER TABLE `shipments` DISABLE KEYS */;
/*!40000 ALTER TABLE `shipments` ENABLE KEYS */;

-- Dumping structure for table es_extended.shops
CREATE TABLE IF NOT EXISTS `shops` (
  `ShopNumber` int(11) NOT NULL DEFAULT 0,
  `src` varchar(50) NOT NULL,
  `count` int(11) NOT NULL,
  `item` varchar(255) CHARACTER SET utf8mb4 COLLATE utf8mb4_bin NOT NULL,
  `price` int(11) NOT NULL,
  `label` varchar(255) DEFAULT NULL,
  `level` int(11) DEFAULT NULL
) ENGINE=InnoDB DEFAULT CHARSET=utf8;

-- Dumping data for table es_extended.shops: ~243 rows (approximately)
/*!40000 ALTER TABLE `shops` DISABLE KEYS */;
INSERT INTO `shops` (`ShopNumber`, `src`, `count`, `item`, `price`, `label`, `level`) VALUES
	(24, 'img/s_tool.png', 99811, 's_tool', 210, 'عدة عمل الدواجن', 0),
	(24, 'img/l_tool.png', 99999, 'l_tool', 290, 'عدة عمل الأخشاب', 0),
	(24, 'img/m_tool.png', 99999, 'm_tool', 310, 'عدة عمل معادن', 0),
	(24, 'img/f_tool.png', 99999, 'f_tool', 200, 'عدة عمل النفط والغاز', 0),
	(24, 'img/v_tool.png', 99999, 'v_tool', 225, 'عدة عمل خضروات', 0),
	(24, 'img/t_tool.png', 99999, 't_tool', 190, 'عدة عمل أقمشة', 0),
	(24, 'img/fishingrod.png', 99999, 'fishingrod', 180, 'سنارة صيد', 0),
	(24, 'img/turtlebait.png', 99999, 'turtlebait', 165, 'طعم سلحفاة', 0),
	(24, 'img/fishbait.png', 99999, 'fishbait', 160, 'طعم سمك', 0),
	(24, 'img/laptop_h.png', 99999, 'laptop_h', 15000, 'لاب توب', 0),
	(24, 'img/speedcamera_detector.png', 99998, 'speedcamera_detector', 50000, 'كاشف رادار', 0),
	(24, 'img/drill.png', 99999, 'drill', 20000, 'دريل', 0),
	(24, 'img/cupcake.png', 99989, 'cupcake', 99, 'فطيرة', 0),
	(24, 'img/croquettes.png', 99999, 'croquettes', 950, 'طعم حيوانات', 0),
	(24, 'img/lighter.png', 99999, 'lighter', 220, 'ولاعة', 0),
	(24, 'img/cocacola.png', 99994, 'cocacola', 50, 'كوكاكولا', 0),
	(24, 'img/chocolate.png', 99994, 'chocolate', 30, 'شوكلاته', 0),
	(24, 'img/water.png', 99994, 'water', 145, 'مياه معدنية', 0),
	(24, 'img/oxygen_mask.png', 99999, 'oxygen_mask', 1200, 'قناع أكسجين', 0),
	(24, 'img/headbag.png', 99999, 'headbag', 350, 'خشيه', 0),
	(24, 'img/radio.png', 99999, 'radio', 75000, 'راديو', 0),
	(24, 'img/cheps.png', 99999, 'cheps', 60, 'كيس شيبس', 0),
	(24, 'img/cigarette.png', 99999, 'cigarette', 100, 'سجائر', 0),
	(24, 'img/fixkit.png', 99999, 'fixkit', 999, 'عدة تصليح', 0),
	(25, 'img/s_tool.png', 99999, 's_tool', 220, 'عدة عمل الدواجن', 0),
	(25, 'img/l_tool.png', 99999, 'l_tool', 300, 'عدة عمل الأخشاب', 0),
	(25, 'img/m_tool.png', 99999, 'm_tool', 330, 'عدة عمل معادن', 0),
	(25, 'img/f_tool.png', 99999, 'f_tool', 230, 'عدة عمل النفط والغاز', 0),
	(25, 'img/v_tool.png', 99999, 'v_tool', 240, 'عدة عمل خضروات', 0),
	(25, 'img/t_tool.png', 99999, 't_tool', 200, 'عدة عمل أقمشة', 0),
	(25, 'img/fishingrod.png', 99999, 'fishingrod', 200, 'سنارة صيد', 0),
	(25, 'img/turtlebait.png', 99999, 'turtlebait', 180, 'طعم سلحفاة', 0),
	(25, 'img/fishbait.png', 99999, 'fishbait', 190, 'طعم سمك', 0),
	(25, 'img/laptop_h.png', 99999, 'laptop_h', 18000, 'لاب توب', 0),
	(25, 'img/speedcamera_detector.png', 99999, 'speedcamera_detector', 30000, 'كاشف رادار', 0),
	(25, 'img/drill.png', 99999, 'drill', 20000, 'دريل', 0),
	(25, 'img/cupcake.png', 99989, 'cupcake', 80, 'فطيرة', 0),
	(25, 'img/croquettes.png', 99999, 'croquettes', 900, 'طعم حيوانات', 0),
	(25, 'img/lighter.png', 99999, 'lighter', 220, 'ولاعة', 0),
	(25, 'img/cocacola.png', 99992, 'cocacola', 40, 'كوكاكولا', 0),
	(25, 'img/chocolate.png', 99996, 'chocolate', 30, 'شوكلاته', 0),
	(25, 'img/water.png', 99994, 'water', 130, 'مياه معدنية', 0),
	(25, 'img/oxygen_mask.png', 99999, 'oxygen_mask', 1400, 'قناع أكسجين', 0),
	(25, 'img/headbag.png', 99999, 'headbag', 350, 'خشيه', 0),
	(25, 'img/radio.png', 99999, 'radio', 50000, 'راديو', 0),
	(25, 'img/cheps.png', 99996, 'cheps', 50, 'كيس شيبس', 0),
	(25, 'img/cigarette.png', 99999, 'cigarette', 100, 'سجائر', 0),
	(25, 'img/fixkit.png', 99992, 'fixkit', 999, 'عدة تصليح', 0),
	(26, 'img/s_tool.png', 99999, 's_tool', 240, 'عدة عمل الدواجن', 0),
	(28, 'img/l_tool.png', 99999, 'l_tool', 320, 'عدة عمل الأخشاب', 0),
	(26, 'img/m_tool.png', 99999, 'm_tool', 310, 'عدة عمل معادن', 0),
	(26, 'img/f_tool.png', 99999, 'f_tool', 200, 'عدة عمل النفط والغاز', 0),
	(26, 'img/v_tool.png', 99999, 'v_tool', 215, 'عدة عمل خضروات', 0),
	(28, 'img/t_tool.png', 99999, 't_tool', 190, 'عدة عمل أقمشة', 0),
	(26, 'img/fishingrod.png', 99999, 'fishingrod', 170, 'سنارة صيد', 0),
	(26, 'img/turtlebait.png', 99999, 'turtlebait', 150, 'طعم سلحفاة', 0),
	(28, 'img/fishbait.png', 99999, 'fishbait', 170, 'طعم سمك', 0),
	(26, 'img/laptop_h.png', 99999, 'laptop_h', 14999, 'لاب توب', 0),
	(26, 'img/speedcamera_detector.png', 99999, 'speedcamera_detector', 70000, 'كاشف رادار', 0),
	(26, 'img/drill.png', 99999, 'drill', 19000, 'دريل', 0),
	(26, 'img/cupcake.png', 99989, 'cupcake', 80, 'فطيرة', 0),
	(26, 'img/croquettes.png', 99999, 'croquettes', 950, 'طعم حيوانات', 0),
	(26, 'img/lighter.png', 99999, 'lighter', 199, 'ولاعة', 0),
	(28, 'img/cocacola.png', 99998, 'cocacola', 50, 'كوكاكولا', 0),
	(28, 'img/chocolate.png', 99999, 'chocolate', 30, 'شوكلاته', 0),
	(26, 'img/water.png', 99994, 'water', 145, 'مياه معدنية', 0),
	(26, 'img/oxygen_mask.png', 99999, 'oxygen_mask', 1200, 'قناع أكسجين', 0),
	(26, 'img/headbag.png', 99999, 'headbag', 400, 'خشيه', 0),
	(26, 'img/radio.png', 99999, 'radio', 55000, 'راديو', 0),
	(26, 'img/cheps.png', 99999, 'cheps', 70, 'كيس شيبس', 0),
	(26, 'img/cigarette.png', 99999, 'cigarette', 100, 'سجائر', 0),
	(26, 'img/fixkit.png', 99999, 'fixkit', 670, 'عدة تصليح', 0),
	(26, 'img/s_tool.png', 99999, 's_tool', 260, 'عدة عمل الدواجن', 0),
	(26, 'img/l_tool.png', 99999, 'l_tool', 320, 'عدة عمل الأخشاب', 0),
	(28, 'img/m_tool.png', 99999, 'm_tool', 325, 'عدة عمل معادن', 0),
	(28, 'img/f_tool.png', 99999, 'f_tool', 199, 'عدة عمل النفط والغاز', 0),
	(28, 'img/v_tool.png', 99999, 'v_tool', 230, 'عدة عمل خضروات', 0),
	(26, 'img/t_tool.png', 99999, 't_tool', 190, 'عدة عمل أقمشة', 0),
	(28, 'img/fishingrod.png', 99999, 'fishingrod', 180, 'سنارة صيد', 0),
	(28, 'img/turtlebait.png', 99999, 'turtlebait', 165, 'طعم سلحفاة', 0),
	(26, 'img/fishbait.png', 99999, 'fishbait', 170, 'طعم سمك', 0),
	(28, 'img/laptop_h.png', 99999, 'laptop_h', 15000, 'لاب توب', 0),
	(28, 'img/speedcamera_detector.png', 99999, 'speedcamera_detector', 50000, 'كاشف رادار', 0),
	(28, 'img/drill.png', 99999, 'drill', 25000, 'دريل', 0),
	(28, 'img/cupcake.png', 99988, 'cupcake', 99, 'فطيرة', 0),
	(28, 'img/croquettes.png', 99999, 'croquettes', 900, 'طعم حيوانات', 0),
	(28, 'img/lighter.png', 99999, 'lighter', 220, 'ولاعة', 0),
	(26, 'img/cocacola.png', 99999, 'cocacola', 50, 'كوكاكولا', 0),
	(26, 'img/chocolate.png', 99999, 'chocolate', 30, 'شوكلاته', 0),
	(28, 'img/water.png', 99994, 'water', 130, 'مياه معدنية', 0),
	(28, 'img/fixkit.png', 99994, 'fixkit', 999, 'عدة تصليح', 0),
	(24, 'img/s_tool.png', 99811, 's_tool', 200, 'عدة عمل الدواجن', 0),
	(24, 'img/l_tool.png', 99999, 'l_tool', 300, 'عدة عمل الأخشاب', 0),
	(24, 'img/v_tool.png', 99999, 'v_tool', 225, 'عدة عمل خضروات', 0),
	(24, 'img/t_tool.png', 99999, 't_tool', 190, 'عدة عمل أقمشة', 0),
	(24, 'img/fishingrod.png', 99999, 'fishingrod', 140, 'سنارة صيد', 0),
	(24, 'img/turtlebait.png', 99999, 'turtlebait', 180, 'طعم سلحفاة', 0),
	(24, 'img/fishbait.png', 99999, 'fishbait', 160, 'طعم سمك', 0),
	(24, 'img/cupcake.png', 99989, 'cupcake', 99, 'فطيرة', 0),
	(24, 'img/croquettes.png', 99999, 'croquettes', 950, 'طعم حيوانات', 0),
	(24, 'img/water.png', 99994, 'water', 145, 'مياه معدنية', 0),
	(28, 'img/oxygen_mask.png', 99999, 'oxygen_mask', 1200, 'قناع أكسجين', 0),
	(24, 'img/cheps.png', 99999, 'cheps', 60, 'كيس شيبس', 0),
	(1, 'img/water.png', 99999, 'water', 135, 'مياه معدنية', 0),
	(1, 'img/cigarette.png', 99999, 'cigarette', 124, 'سجائر', 0),
	(1, 'img/beer.png', 99999, 'beer', 450, 'خمر', 0),
	(1, 'img/grand_cru.png', 99999, 'grand_cru', 1600, 'خمر فاخر', 0),
	(2, 'img/water.png', 99999, 'water', 120, 'مياه معدنية', 0),
	(2, 'img/cigarette.png', 99999, 'cigarette', 130, 'سجائر', 0),
	(2, 'img/beer.png', 99999, 'beer', 500, 'خمر', 0),
	(2, 'img/grand_cru.png', 99999, 'grand_cru', 1450, 'خمر فاخر', 0),
	(3, 'img/water.png', 99998, 'water', 120, 'مياه معدنية', 0),
	(3, 'img/cigarette.png', 99996, 'cigarette', 130, 'سجائر', 0),
	(3, 'img/beer.png', 99998, 'beer', 600, 'خمر', 0),
	(4, 'img/bulletproof.png', 99998, 'bulletproof', 5000, 'سترة مضادة للرصاص', 0),
	(4, 'img/boxbig.png', 99998, 'boxbig', 2600, 'تعبئة طلقات', 0),
	(4, 'img/binoculars.png', 99999, 'binoculars', 8000, 'منظار يدوي', 0),
	(4, 'img/WEAPON_PISTOL.png', 99997, 'WEAPON_PISTOL', 25000, 'مسدس', 10),
	(4, 'img/WEAPON_FLASHLIGHT.png', 99998, 'WEAPON_FLASHLIGHT', 5000, 'كشاف يدوي', 10),
	(4, 'img/WEAPON_MACHETE.png', 99997, 'WEAPON_MACHETE', 3000, 'ساطور', 5),
	(4, 'img/WEAPON_PUMPSHOTGUN.png', 99998, 'WEAPON_PUMPSHOTGUN', 100000, 'شوزن', 25),
	(5, 'img/WEAPON_SWITCHBLADE.png', 99999, 'WEAPON_SWITCHBLADE', 7000, 'سكين', 3),
	(4, 'img/WEAPON_BATTLEAXE.png', 99998, 'WEAPON_BATTLEAXE', 10000, 'فأس', 3),
	(4, 'img/WEAPON_MICROSMG.png', 99999, 'WEAPON_MICROSMG', 200000, 'مايكرو', 50),
	(5, 'img/bulletproof.png', 99999, 'bulletproof', 5000, 'سترة مضادة للرصاص', 0),
	(5, 'img/boxbig.png', 99999, 'boxbig', 2600, 'تعبئة طلقات', 0),
	(5, 'img/binoculars.png', 99999, 'binoculars', 8000, 'منظار يدوي', 0),
	(5, 'img/WEAPON_PISTOL.png', 99997, 'WEAPON_PISTOL', 25000, 'مسدس', 10),
	(5, 'img/WEAPON_FLASHLIGHT.png', 99999, 'WEAPON_FLASHLIGHT', 5000, 'كشاف يدوي', 10),
	(5, 'img/WEAPON_MACHETE.png', 99999, 'WEAPON_MACHETE', 3000, 'ساطور', 5),
	(5, 'img/WEAPON_PUMPSHOTGUN.png', 99999, 'WEAPON_PUMPSHOTGUN', 100000, 'شوزن', 25),
	(5, 'img/WEAPON_BATTLEAXE.png', 99999, 'WEAPON_BATTLEAXE', 10000, 'فأس', 3),
	(5, 'img/WEAPON_MICROSMG.png', 99999, 'WEAPON_MICROSMG', 200000, 'مايكرو', 50),
	(6, 'img/bulletproof.png', 99999, 'bulletproof', 5000, 'سترة مضادة للرصاص', 0),
	(6, 'img/boxbig.png', 99999, 'boxbig', 2600, 'تعبئة طلقات', 0),
	(6, 'img/binoculars.png', 99999, 'binoculars', 8000, 'منظار يدوي', 0),
	(6, 'img/WEAPON_PISTOL.png', 99997, 'WEAPON_PISTOL', 25000, 'مسدس', 10),
	(6, 'img/WEAPON_FLASHLIGHT.png', 99999, 'WEAPON_FLASHLIGHT', 5000, 'كشاف يدوي', 10),
	(6, 'img/WEAPON_MACHETE.png', 99998, 'WEAPON_MACHETE', 3000, 'ساطور', 5),
	(6, 'img/WEAPON_PUMPSHOTGUN.png', 99999, 'WEAPON_PUMPSHOTGUN', 100000, 'شوزن', 25),
	(6, 'img/WEAPON_SWITCHBLADE.png', 99999, 'WEAPON_SWITCHBLADE', 7000, 'سكين', 3),
	(6, 'img/WEAPON_BATTLEAXE.png', 99999, 'WEAPON_BATTLEAXE', 10000, 'فأس', 3),
	(6, 'img/WEAPON_MICROSMG.png', 99999, 'WEAPON_MICROSMG', 200000, 'مايكرو', 50),
	(7, 'img/xanax.png', 99999, 'xanax', 950, 'زانكس', 0),
	(7, 'img/medikit.png', 99999, 'bandage', 700, 'ضماد جروح', 0),
	(7, 'img/medikit.png', 99999, 'medikit', 1900, 'إسعافات أولية', 0),
	(8, 'img/xanax.png', 99999, 'xanax', 950, 'زانكس', 0),
	(8, 'img/medikit.png', 99999, 'bandage', 700, 'ضماد جروح', 0),
	(8, 'img/medikit.png', 99999, 'medikit', 1900, 'إسعافات أولية', 0),
	(9, 'img/water.png', 99999, 'water', 150, 'مياه معدنية', 0),
	(9, 'img/chocolate.png', 99999, 'chocolate', 30, 'شوكولاتة', 0),
	(9, 'img/cocacola.png', 99999, 'cocacola', 50, 'كوكاكولا', 0),
	(9, 'img/cupcake.png', 99999, 'cupcake', 100, 'فطيره', 0),
	(9, 'img/cheps.png', 99999, 'cheps', 70, 'شيبس', 0),
	(10, 'img/water.png', 99999, 'water', 150, 'مياه معدنية', 0),
	(10, 'img/chocolate.png', 99999, 'chocolate', 30, 'شوكولاتة', 0),
	(10, 'img/cocacola.png', 99999, 'cocacola', 50, 'كوكاكولا', 0),
	(10, 'img/cupcake.png', 99999, 'cupcake', 100, 'فطيره', 0),
	(10, 'img/cheps.png', 99999, 'cheps', 70, 'شيبس', 0),
	(11, 'img/water.png', 99999, 'water', 150, 'مياه معدنية', 0),
	(11, 'img/chocolate.png', 99999, 'chocolate', 30, 'شوكولاتة', 0),
	(11, 'img/cocacola.png', 99999, 'cocacola', 50, 'كوكاكولا', 0),
	(11, 'img/cupcake.png', 99999, 'cupcake', 100, 'فطيره', 0),
	(11, 'img/cheps.png', 99999, 'cheps', 70, 'شيبس', 0),
	(12, 'img/water.png', 99999, 'water', 150, 'مياه معدنية', 0),
	(12, 'img/chocolate.png', 99999, 'chocolate', 30, 'شوكولاتة', 0),
	(12, 'img/cocacola.png', 99999, 'cocacola', 50, 'كوكاكولا', 0),
	(12, 'img/cupcake.png', 99999, 'cupcake', 100, 'فطيره', 0),
	(12, 'img/cheps.png', 99999, 'cheps', 70, 'شيبس', 0),
	(13, 'img/chocolate.png', 99999, 'chocolate', 30, 'شوكولاتة', 0),
	(13, 'img/cocacola.png', 99999, 'cocacola', 50, 'كوكاكولا', 0),
	(13, 'img/cupcake.png', 99999, 'cupcake', 100, 'فطيره', 0),
	(13, 'img/cheps.png', 99999, 'cheps', 70, 'شيبس', 0),
	(14, 'img/water.png', 99999, 'water', 150, 'مياه معدنية', 0),
	(14, 'img/chocolate.png', 99999, 'chocolate', 30, 'شوكولاتة', 0),
	(14, 'img/cocacola.png', 99999, 'cocacola', 50, 'كوكاكولا', 0),
	(14, 'img/cupcake.png', 99999, 'cupcake', 100, 'فطيره', 0),
	(14, 'img/cheps.png', 99999, 'cheps', 70, 'شيبس', 0),
	(15, 'img/water.png', 99999, 'water', 150, 'مياه معدنية', 0),
	(17, 'img/chocolate.png', 99999, 'chocolate', 30, 'شوكولاتة', 0),
	(15, 'img/cocacola.png', 99999, 'cocacola', 50, 'كوكاكولا', 0),
	(15, 'img/cupcake.png', 99999, 'cupcake', 100, 'فطيره', 0),
	(15, 'img/cheps.png', 99999, 'cheps', 70, 'شيبس', 0),
	(15, 'img/water.png', 99999, 'water', 150, 'مياه معدنية', 0),
	(15, 'img/chocolate.png', 99999, 'chocolate', 30, 'شوكولاتة', 0),
	(16, 'img/cocacola.png', 99999, 'cocacola', 50, 'كوكاكولا', 0),
	(16, 'img/cupcake.png', 99999, 'cupcake', 100, 'فطيره', 0),
	(16, 'img/cheps.png', 99999, 'cheps', 70, 'شيبس', 0),
	(16, 'img/water.png', 99999, 'water', 150, 'مياه معدنية', 0),
	(16, 'img/chocolate.png', 99999, 'chocolate', 30, 'شوكولاتة', 0),
	(17, 'img/cocacola.png', 99999, 'cocacola', 50, 'كوكاكولا', 0),
	(17, 'img/cupcake.png', 99999, 'cupcake', 100, 'فطيره', 0),
	(17, 'img/cheps.png', 99999, 'cheps', 70, 'شيبس', 0),
	(18, 'img/water.png', 99999, 'water', 150, 'مياه معدنية', 0),
	(18, 'img/chocolate.png', 99999, 'chocolate', 30, 'شوكولاتة', 0),
	(18, 'img/cocacola.png', 99999, 'cocacola', 50, 'كوكاكولا', 0),
	(18, 'img/cupcake.png', 99999, 'cupcake', 100, 'فطيره', 0),
	(18, 'img/cheps.png', 99999, 'cheps', 70, 'شيبس', 0),
	(19, 'img/water.png', 99999, 'water', 150, 'مياه معدنية', 0),
	(19, 'img/chocolate.png', 99999, 'chocolate', 30, 'شوكولاتة', 0),
	(19, 'img/cocacola.png', 99999, 'cocacola', 50, 'كوكاكولا', 0),
	(19, 'img/cupcake.png', 99999, 'cupcake', 100, 'فطيره', 0),
	(19, 'img/cheps.png', 99999, 'cheps', 70, 'شيبس', 0),
	(20, 'img/water.png', 99999, 'water', 150, 'مياه معدنية', 0),
	(20, 'img/chocolate.png', 99999, 'chocolate', 30, 'شوكولاتة', 0),
	(20, 'img/cocacola.png', 99999, 'cocacola', 50, 'كوكاكولا', 0),
	(20, 'img/cupcake.png', 99999, 'cupcake', 100, 'فطيره', 0),
	(20, 'img/cheps.png', 99999, 'cheps', 70, 'شيبس', 0),
	(30, 'img/bergrul.png', 99999, 'bergrul', 250, 'وجبة برجر وسط', 0),
	(30, 'img/coshe.png', 99999, 'coshe', 230, 'سوشي', 0),
	(30, 'img/pepsi.png', 99995, 'pepsi', 80, 'بيبسي', 0),
	(30, 'img/batato.png', 99999, 'batato', 70, 'بطاطس', 0),
	(30, 'img/cupcake.png', 99999, 'cupcake', 70, 'فطيرة', 0),
	(30, 'img/cocacola.png', 99999, 'cocacola', 0, 'كوكاكولا', 0),
	(30, 'img/bread.png', 99999, 'bread', 100, 'برجر', 0),
	(30, 'img/water.png', 99994, 'water', 99, 'مياه معدنية', 0),
	(31, 'img/bergrkb.png', 99981, 'bergrkb', 350, 'وجبة برجر كبير', 0),
	(31, 'img/bergrul.png', 99997, 'bergrul', 250, 'وجبة برجر وسط', 0),
	(31, 'img/coshe.png', 99998, 'coshe', 230, 'سوشي', 0),
	(31, 'img/pepsi.png', 99992, 'pepsi', 80, 'بيبسي', 0),
	(31, 'img/batato.png', 99982, 'batato', 70, 'بطاطس', 0),
	(31, 'img/cupcake.png', 99998, 'cupcake', 70, 'فطيرة', 0),
	(31, 'img/cocacola.png', 99952, 'cocacola', 0, 'كوكاكولا', 0),
	(31, 'img/bread.png', 99992, 'bread', 100, 'برجر', 0),
	(31, 'img/water.png', 99992, 'water', 99, 'مياه معدنية', 0),
	(30, 'img/bergrkb.png', 99982, 'bergrkb', 350, 'وجبة برجر كبير', 0),
	(29, 'img/bergrkb.png', 99999, 'bergrkb', 350, 'وجبة برجر كبير', 0),
	(29, 'img/bergrul.png', 99999, 'bergrul', 250, 'وجبة برجر وسط', 0),
	(29, 'img/coshe.png', 99999, 'coshe', 230, 'سوشي', 0),
	(29, 'img/pepsi.png', 99999, 'pepsi', 80, 'بيبسي', 0),
	(32, 'img/batato.png', 99997, 'batato', 70, 'بطاطس', 0),
	(29, 'img/cupcake.png', 99999, 'cupcake', 70, 'فطيرة', 0),
	(29, 'img/cocacola.png', 99999, 'cocacola', 0, 'كوكاكولا', 0),
	(29, 'img/bread.png', 99999, 'bread', 100, 'برجر', 0),
	(29, 'img/water.png', 99999, 'water', 99, 'مياه معدنية', 0),
	(32, 'img/bergrkb.png', 99998, 'bergrkb', 350, 'وجبة برجر كبير', 0),
	(32, 'img/bergrul.png', 99997, 'bergrul', 250, 'وجبة برجر وسط', 0),
	(32, 'img/coshe.png', 99993, 'coshe', 230, 'سوشي', 0),
	(32, 'img/pepsi.png', 99997, 'pepsi', 80, 'بيبسي', 0),
	(29, 'img/batato.png', 99999, 'batato', 70, 'بطاطس', 0),
	(32, 'img/cupcake.png', 99997, 'cupcake', 70, 'فطيرة', 0),
	(32, 'img/cocacola.png', 99998, 'cocacola', 0, 'كوكاكولا', 0),
	(32, 'img/bread.png', 99999, 'bread', 100, 'برجر', 0);
/*!40000 ALTER TABLE `shops` ENABLE KEYS */;

-- Dumping structure for table es_extended.society_moneywash
CREATE TABLE IF NOT EXISTS `society_moneywash` (
  `id` int(11) NOT NULL AUTO_INCREMENT,
  `identifier` varchar(60) NOT NULL,
  `society` varchar(60) NOT NULL,
  `amount` int(11) NOT NULL,
  PRIMARY KEY (`id`)
) ENGINE=InnoDB DEFAULT CHARSET=utf8;

-- Dumping data for table es_extended.society_moneywash: ~0 rows (approximately)
/*!40000 ALTER TABLE `society_moneywash` DISABLE KEYS */;
/*!40000 ALTER TABLE `society_moneywash` ENABLE KEYS */;

-- Dumping structure for table es_extended.support_comments
CREATE TABLE IF NOT EXISTS `support_comments` (
  `ID` int(255) NOT NULL,
  `message` varchar(2048) NOT NULL,
  `ticketid` varchar(255) NOT NULL,
  `commentid` varchar(255) NOT NULL,
  `steamid` varchar(255) NOT NULL,
  `time` varchar(255) NOT NULL
) ENGINE=MyISAM DEFAULT CHARSET=latin1;

-- Dumping data for table es_extended.support_comments: 0 rows
/*!40000 ALTER TABLE `support_comments` DISABLE KEYS */;
/*!40000 ALTER TABLE `support_comments` ENABLE KEYS */;

-- Dumping structure for table es_extended.support_tickets
CREATE TABLE IF NOT EXISTS `support_tickets` (
  `ID` int(255) NOT NULL,
  `title` varchar(1024) NOT NULL,
  `message` varchar(2048) NOT NULL,
  `ticketid` varchar(255) NOT NULL,
  `steamid` varchar(255) NOT NULL,
  `status` enum('open','in-progress','pending','closed') NOT NULL DEFAULT 'open',
  `time` varchar(255) NOT NULL
) ENGINE=MyISAM DEFAULT CHARSET=latin1;

-- Dumping data for table es_extended.support_tickets: 0 rows
/*!40000 ALTER TABLE `support_tickets` DISABLE KEYS */;
/*!40000 ALTER TABLE `support_tickets` ENABLE KEYS */;

-- Dumping structure for table es_extended.tgiann_mdt_arananlar
CREATE TABLE IF NOT EXISTS `tgiann_mdt_arananlar` (
  `citizenid` varchar(50) DEFAULT NULL,
  `sebep` longtext DEFAULT NULL,
  `baslangic` varchar(255) DEFAULT NULL,
  `bitis` varchar(255) DEFAULT NULL,
  `isim` varchar(255) DEFAULT NULL,
  `img` longtext DEFAULT NULL
) ENGINE=InnoDB DEFAULT CHARSET=utf8;

-- Dumping data for table es_extended.tgiann_mdt_arananlar: ~0 rows (approximately)
/*!40000 ALTER TABLE `tgiann_mdt_arananlar` DISABLE KEYS */;
/*!40000 ALTER TABLE `tgiann_mdt_arananlar` ENABLE KEYS */;

-- Dumping structure for table es_extended.tgiann_mdt_cezalar
CREATE TABLE IF NOT EXISTS `tgiann_mdt_cezalar` (
  `id` int(11) NOT NULL AUTO_INCREMENT,
  `citizenid` varchar(50) DEFAULT NULL,
  `aciklama` longtext DEFAULT NULL,
  `ceza` varchar(255) DEFAULT NULL,
  `polis` mediumtext DEFAULT NULL,
  `zanli` mediumtext DEFAULT NULL,
  `cezalar` longtext DEFAULT NULL,
  `olayid` int(11) DEFAULT NULL,
  PRIMARY KEY (`id`)
) ENGINE=InnoDB AUTO_INCREMENT=1637 DEFAULT CHARSET=utf8;

-- Dumping data for table es_extended.tgiann_mdt_cezalar: ~0 rows (approximately)
/*!40000 ALTER TABLE `tgiann_mdt_cezalar` DISABLE KEYS */;
/*!40000 ALTER TABLE `tgiann_mdt_cezalar` ENABLE KEYS */;

-- Dumping structure for table es_extended.tgiann_mdt_olaylar
CREATE TABLE IF NOT EXISTS `tgiann_mdt_olaylar` (
  `id` int(11) NOT NULL AUTO_INCREMENT,
  `aciklama` longtext DEFAULT NULL,
  `polis` mediumtext DEFAULT NULL,
  `zanli` mediumtext DEFAULT NULL,
  `zaman` varchar(50) DEFAULT current_timestamp(),
  `esyalar` mediumtext DEFAULT NULL,
  PRIMARY KEY (`id`)
) ENGINE=InnoDB AUTO_INCREMENT=1191 DEFAULT CHARSET=utf8;

-- Dumping data for table es_extended.tgiann_mdt_olaylar: ~0 rows (approximately)
/*!40000 ALTER TABLE `tgiann_mdt_olaylar` DISABLE KEYS */;
/*!40000 ALTER TABLE `tgiann_mdt_olaylar` ENABLE KEYS */;

-- Dumping structure for table es_extended.trucks
CREATE TABLE IF NOT EXISTS `trucks` (
  `name` varchar(60) NOT NULL,
  `model` varchar(60) NOT NULL,
  `price` int(11) NOT NULL,
  `category` varchar(60) DEFAULT NULL,
  `level` int(11) NOT NULL,
  PRIMARY KEY (`model`)
) ENGINE=InnoDB DEFAULT CHARSET=utf8;

-- Dumping data for table es_extended.trucks: ~23 rows (approximately)
/*!40000 ALTER TABLE `trucks` DISABLE KEYS */;
INSERT INTO `trucks` (`name`, `model`, `price`, `category`, `level`) VALUES
	('براد 250 كيلو بينسون', 'benson', 1700000, 'truck250', 45),
	('شاحنة معادن كينورث 350 كيلو', 'biff', 1500000, 'miner350', 50),
	('مقطورة معادن 250 كيلو', 'botdumptr', 350000, 'trailers250', 50),
	('رأس شاحنة - كات 660', 'ct660', 5000000, 'haul', 70),
	('شاحنة معادن كات 660', 'ct660dump', 1800000, 'miner350', 60),
	('مقطورة معادن 350 كيلو', 'dumptr', 750000, 'mtrailers350', 60),
	('براد 250 كيلو مارسيدس', 'mule', 1200000, 'truck250', 45),
	('براد 250 كيلو GMC', 'mule2', 1200000, 'truck250', 40),
	('رأس شاحنة - بكر', 'packer', 2350000, 'haul', 60),
	('رأس شاحنة - فانتوم', 'phantom', 2400000, 'haul', 60),
	('براد 250 كيلو كينورث', 'pounder', 1500000, 'truck250', 50),
	('شاحنة معادن 250 كيلو ريبل', 'rubble', 1300000, 'miner250', 45),
	('رأس شاحنة - سكانيا', 'scaniar730', 2100000, 'haul', 55),
	('شاحنة معادن 350 كيلو 1', 'tiptruck', 1730000, 'miner350', 50),
	('شاحنة معادن 350 كيلو 2', 'tiptruck2', 1760000, 'miner350', 50),
	('باص رحلات سياحية', 'tourbus', 450000, 'trans', 15),
	('مقطورة أخشاب 350 كيلو', 'trailerlogs2', 750000, 'mtrailers350', 50),
	('مقطورة براد 250 كيلو', 'trailerswb', 350000, 'trailers250', 50),
	('مقطورة براد 350 كيلو', 'trailerswb2', 750000, 'mtrailers350', 60),
	(' رأس شاحنة - مارسيدس حمولات ثقيلة', 'trans_mbenzarocs', 5000000, 'haul', 75),
	('شاحنة مارسيدس 250 كيلو', 'unimog', 2000000, 'truck250', 50),
	('رأس شاحنة - فولفو', 'vnl780', 4800200, 'haul', 65),
	('رأس شاحنة - W900 كينورث ', 'W900', 6700000, 'haul', 75);
/*!40000 ALTER TABLE `trucks` ENABLE KEYS */;

-- Dumping structure for table es_extended.trucks_for_sale
CREATE TABLE IF NOT EXISTS `trucks_for_sale` (
  `id` int(11) NOT NULL AUTO_INCREMENT,
  `seller` varchar(50) NOT NULL,
  `vehicleProps` longtext NOT NULL,
  `price` int(11) NOT NULL DEFAULT 0,
  `info` text NOT NULL DEFAULT 'لاشيء',
  `name` longtext NOT NULL,
  `priceold` int(11) NOT NULL DEFAULT 0,
  `levelold` int(11) NOT NULL DEFAULT 0,
  `category` longtext NOT NULL,
  `modelname` longtext NOT NULL,
  PRIMARY KEY (`id`) USING BTREE
) ENGINE=InnoDB AUTO_INCREMENT=62 DEFAULT CHARSET=utf8 ROW_FORMAT=DYNAMIC;

-- Dumping data for table es_extended.trucks_for_sale: ~0 rows (approximately)
/*!40000 ALTER TABLE `trucks_for_sale` DISABLE KEYS */;
/*!40000 ALTER TABLE `trucks_for_sale` ENABLE KEYS */;

-- Dumping structure for table es_extended.truck_categories
CREATE TABLE IF NOT EXISTS `truck_categories` (
  `name` varchar(60) NOT NULL,
  `label` varchar(60) NOT NULL,
  PRIMARY KEY (`name`)
) ENGINE=InnoDB DEFAULT CHARSET=utf8;

-- Dumping data for table es_extended.truck_categories: ~7 rows (approximately)
/*!40000 ALTER TABLE `truck_categories` DISABLE KEYS */;
INSERT INTO `truck_categories` (`name`, `label`) VALUES
	('haul', 'رأس مقطورة'),
	('miner250', 'شاحنات معادن 250 كيلو'),
	('miner350', 'شاحنات معادن 350 كيلو'),
	('mtrailers350', 'مقطورات سحب - 350 كيلو'),
	('trailers250', 'مقطورات سحب - 250 كيلو'),
	('trans', 'باصات'),
	('truck250', '250 كيلو');
/*!40000 ALTER TABLE `truck_categories` ENABLE KEYS */;

-- Dumping structure for table es_extended.trunk
CREATE TABLE IF NOT EXISTS `trunk` (
  `plate` varchar(50) DEFAULT NULL,
  `data` longtext DEFAULT NULL,
  `owner` bit(1) DEFAULT NULL
) ENGINE=InnoDB DEFAULT CHARSET=utf8mb4;

-- Dumping data for table es_extended.trunk: ~1 rows (approximately)
/*!40000 ALTER TABLE `trunk` DISABLE KEYS */;
INSERT INTO `trunk` (`plate`, `data`, `owner`) VALUES
	('MLA 004 ', '{"black_money":0}', b'1'),
	('URQ 923 ', '{"black_money":0}', b'1'),
	('ZSK 213 ', '{"black_money":0}', b'1'),
	('BGU 351 ', '{"black_money":0}', b'1'),
	('QYJ 553 ', '{"black_money":0}', b'1');
/*!40000 ALTER TABLE `trunk` ENABLE KEYS */;

-- Dumping structure for table es_extended.trunk_inventory
CREATE TABLE IF NOT EXISTS `trunk_inventory` (
  `id` int(11) NOT NULL AUTO_INCREMENT,
  `plate` varchar(8) NOT NULL,
  `data` text NOT NULL,
  `owned` int(11) NOT NULL,
  PRIMARY KEY (`id`),
  UNIQUE KEY `plate` (`plate`)
) ENGINE=InnoDB AUTO_INCREMENT=345 DEFAULT CHARSET=utf8;

-- Dumping data for table es_extended.trunk_inventory: ~0 rows (approximately)
/*!40000 ALTER TABLE `trunk_inventory` DISABLE KEYS */;
INSERT INTO `trunk_inventory` (`id`, `plate`, `data`, `owned`) VALUES
	(333, 'BGU 351 ', '{}', 0),
	(334, 'QYJ 553 ', '{}', 0),
	(335, 'CHOCOHAX', '{}', 0),
	(336, 'WRK 7155', '{}', 0),
	(337, 'WRK 3680', '{}', 0),
	(338, 'WRK 6575', '{}', 0),
	(339, 'WRK 8735', '{}', 0),
	(340, 'WRK 2779', '{}', 0),
	(341, 'WRK 2599', '{}', 0),
	(343, 'WRK 4009', '{}', 0),
	(344, 'WRK 8965', '{}', 0);
/*!40000 ALTER TABLE `trunk_inventory` ENABLE KEYS */;

-- Dumping structure for table es_extended.twitter_accounts
CREATE TABLE IF NOT EXISTS `twitter_accounts` (
  `id` int(11) NOT NULL AUTO_INCREMENT,
  `username` varchar(50) NOT NULL DEFAULT '0',
  `password` varchar(64) NOT NULL DEFAULT '0',
  `avatar_url` varchar(255) DEFAULT NULL,
  PRIMARY KEY (`id`),
  UNIQUE KEY `username` (`username`)
) ENGINE=InnoDB AUTO_INCREMENT=40 DEFAULT CHARSET=utf8;

-- Dumping data for table es_extended.twitter_accounts: ~0 rows (approximately)
/*!40000 ALTER TABLE `twitter_accounts` DISABLE KEYS */;
/*!40000 ALTER TABLE `twitter_accounts` ENABLE KEYS */;

-- Dumping structure for table es_extended.twitter_likes
CREATE TABLE IF NOT EXISTS `twitter_likes` (
  `id` int(11) NOT NULL AUTO_INCREMENT,
  `authorId` int(11) DEFAULT NULL,
  `tweetId` int(11) DEFAULT NULL,
  PRIMARY KEY (`id`),
  KEY `FK_twitter_likes_twitter_accounts` (`authorId`),
  KEY `FK_twitter_likes_twitter_tweets` (`tweetId`),
  CONSTRAINT `FK_twitter_likes_twitter_accounts` FOREIGN KEY (`authorId`) REFERENCES `twitter_accounts` (`id`),
  CONSTRAINT `FK_twitter_likes_twitter_tweets` FOREIGN KEY (`tweetId`) REFERENCES `twitter_tweets` (`id`) ON DELETE CASCADE
) ENGINE=InnoDB AUTO_INCREMENT=138 DEFAULT CHARSET=utf8;

-- Dumping data for table es_extended.twitter_likes: ~0 rows (approximately)
/*!40000 ALTER TABLE `twitter_likes` DISABLE KEYS */;
/*!40000 ALTER TABLE `twitter_likes` ENABLE KEYS */;

-- Dumping structure for table es_extended.twitter_tweets
CREATE TABLE IF NOT EXISTS `twitter_tweets` (
  `id` int(11) NOT NULL AUTO_INCREMENT,
  `authorId` int(11) NOT NULL,
  `realUser` varchar(50) DEFAULT NULL,
  `message` varchar(256) NOT NULL,
  `image` varchar(256) DEFAULT NULL,
  `time` timestamp NOT NULL DEFAULT current_timestamp(),
  `likes` int(11) NOT NULL DEFAULT 0,
  PRIMARY KEY (`id`),
  KEY `FK_twitter_tweets_twitter_accounts` (`authorId`),
  CONSTRAINT `FK_twitter_tweets_twitter_accounts` FOREIGN KEY (`authorId`) REFERENCES `twitter_accounts` (`id`)
) ENGINE=InnoDB AUTO_INCREMENT=10705 DEFAULT CHARSET=utf8;

-- Dumping data for table es_extended.twitter_tweets: ~0 rows (approximately)
/*!40000 ALTER TABLE `twitter_tweets` DISABLE KEYS */;
/*!40000 ALTER TABLE `twitter_tweets` ENABLE KEYS */;

-- Dumping structure for table es_extended.users
CREATE TABLE IF NOT EXISTS `users` (
  `identifier` varchar(40) NOT NULL,
  `pet` varchar(40) DEFAULT NULL,
  `accounts` longtext DEFAULT NULL,
  `group` varchar(50) DEFAULT 'user',
  `inventory` longtext DEFAULT NULL,
  `job` varchar(20) DEFAULT 'unemployed',
  `job_grade` int(11) DEFAULT 0,
  `loadout` longtext DEFAULT NULL,
  `position` varchar(255) DEFAULT '{"x":-269.4,"y":-955.3,"z":31.2,"heading":205.8}',
  `firstname` varchar(16) DEFAULT NULL,
  `lastname` varchar(16) DEFAULT NULL,
  `dateofbirth` varchar(10) DEFAULT NULL,
  `sex` varchar(1) DEFAULT NULL,
  `height` int(11) DEFAULT NULL,
  `skin` longtext DEFAULT NULL,
  `status` longtext DEFAULT NULL,
  `is_dead` tinyint(1) DEFAULT 0,
  `jail` int(11) NOT NULL DEFAULT 0,
  `rp_xp` int(11) NOT NULL DEFAULT 0,
  `rp_rank` int(11) NOT NULL DEFAULT 1,
  `last_property` varchar(255) DEFAULT NULL,
  `aranma` mediumtext DEFAULT '[]',
  `photo` mediumtext DEFAULT NULL,
  `shop` int(11) DEFAULT NULL,
  `last_house` int(11) DEFAULT 0,
  `house` longtext NOT NULL DEFAULT '{"owns":false,"furniture":[],"houseId":0}',
  `bought_furniture` longtext NOT NULL DEFAULT '{}',
  `phone_number` varchar(20) DEFAULT NULL,
  `tattoos` longtext DEFAULT NULL,
  PRIMARY KEY (`identifier`)
) ENGINE=InnoDB DEFAULT CHARSET=utf8;

-- Dumping data for table es_extended.users: ~14 rows (approximately)
/*!40000 ALTER TABLE `users` DISABLE KEYS */;
INSERT INTO `users` (`identifier`, `pet`, `accounts`, `group`, `inventory`, `job`, `job_grade`, `loadout`, `position`, `firstname`, `lastname`, `dateofbirth`, `sex`, `height`, `skin`, `status`, `is_dead`, `jail`, `rp_xp`, `rp_rank`, `last_property`, `aranma`, `photo`, `shop`, `last_house`, `house`, `bought_furniture`, `phone_number`, `tattoos`) VALUES
	('00dd84918ae5756dd48f923df648bccfab887fb1', NULL, '{"bank":50000,"black_money":0,"money":-250}', 'user', '[]', 'unemployed', 0, '[]', '{"heading":118.6,"x":-483.0,"y":-265.2,"z":35.7}', 'يوسف', 'سموكي', '03/04/1990', 'm', 200, '{"age_2":0,"glasses_2":0,"skin":0,"eyebrows_2":0,"bags_2":0,"pants_2":0,"makeup_4":0,"ears_2":0,"helmet_2":0,"helmet_1":-1,"lipstick_2":0,"tshirt_2":0,"mask_1":0,"eyebrows_1":0,"chain_1":0,"lipstick_3":0,"hair_color_2":0,"beard_4":0,"face":0,"decals_2":0,"age_1":0,"hair_1":0,"makeup_3":0,"shoes_2":0,"hair_color_1":0,"lipstick_1":0,"torso_2":0,"beard_3":0,"decals_1":0,"eyebrows_3":0,"bproof_1":0,"beard_2":0,"makeup_2":0,"eyebrows_4":0,"arms":0,"mask_2":0,"glasses_1":0,"pants_1":0,"bproof_2":0,"makeup_1":0,"lipstick_4":0,"ears_1":-1,"sex":0,"bags_1":0,"hair_2":0,"torso_1":0,"chain_2":0,"shoes_1":0,"tshirt_1":0,"beard_1":0}', '[{"name":"hunger","val":983200,"percent":98.32},{"name":"thirst","val":987400,"percent":98.74000000000001},{"name":"drunk","val":0,"percent":0.0},{"name":"drug","val":0,"percent":0.0},{"name":"drunk","val":0,"percent":0.0}]', 0, 0, 0, 1, NULL, '[]', NULL, NULL, 0, '{"owns":false,"furniture":[],"houseId":0}', '{}', '9994726', NULL),
	('06b60d51205ab7ac068629c827e700e92bc93dac', NULL, '{"bank":50400,"black_money":0,"money":-300}', 'user', '[]', 'unemployed', 0, '[]', '{"heading":338.9,"x":-220.9,"y":-985.7,"z":29.5}', 'عنتر', 'بن هتلر', '02/02/2002', 'm', 182, '{"age_2":0,"glasses_2":8,"skin":2,"eyebrows_2":10,"bags_2":0,"beard_2":10,"makeup_2":0,"ears_2":0,"helmet_2":0,"helmet_1":-1,"ears_1":0,"tshirt_2":3,"bags_1":0,"sex":0,"chain_1":0,"lipstick_3":0,"hair_2":0,"beard_4":0,"face":24,"torso_2":2,"age_1":0,"hair_1":75,"lipstick_1":0,"shoes_2":0,"hair_color_1":0,"bproof_2":0,"decals_2":0,"beard_3":0,"eyebrows_1":12,"eyebrows_3":0,"chain_2":0,"makeup_4":0,"makeup_3":0,"eyebrows_4":0,"decals_1":0,"mask_2":0,"glasses_1":8,"pants_1":12,"lipstick_2":0,"makeup_1":0,"lipstick_4":0,"bproof_1":0,"arms":4,"hair_color_2":22,"pants_2":7,"torso_1":142,"mask_1":0,"shoes_1":6,"tshirt_1":75,"beard_1":9}', '[{"name":"hunger","val":922700,"percent":92.27},{"name":"thirst","val":942025,"percent":94.2025},{"name":"drunk","val":0,"percent":0.0},{"name":"drug","val":0,"percent":0.0},{"name":"drunk","val":0,"percent":0.0}]', 0, 0, 15, 1, NULL, '[]', NULL, NULL, 0, '{"owns":false,"furniture":[],"houseId":0}', '{}', '1784800', NULL),
	('0904a9e573ae8d49f3a40fe7608426a462611ff3', NULL, '{"bank":50000,"money":0,"black_money":0}', 'mod', '[]', 'admin', 0, '{"WEAPON_PISTOL":{"ammo":37},"WEAPON_FLASHLIGHT":{"ammo":100},"WEAPON_NIGHTSTICK":{"ammo":100},"WEAPON_PUMPSHOTGUN":{"ammo":94},"WEAPON_CARBINERIFLE":{"ammo":88}}', '{"heading":245.7,"z":29.0,"y":-969.8,"x":28.7}', 'علي', 'الشمري', '11/21/1999', 'm', 200, '{"makeup_4":0,"beard_3":0,"glasses_2":0,"decals_1":0,"hair_color_2":0,"chain_1":0,"eyebrows_1":0,"tshirt_2":0,"bproof_1":0,"bags_1":0,"ears_1":-1,"arms":0,"shoes_1":0,"torso_2":0,"beard_2":0,"eyebrows_4":0,"decals_2":0,"eyebrows_2":0,"age_1":0,"shoes_2":0,"makeup_1":0,"hair_color_1":0,"makeup_2":0,"lipstick_1":0,"pants_1":0,"beard_4":0,"sex":0,"pants_2":0,"ears_2":0,"eyebrows_3":0,"beard_1":0,"hair_2":0,"bags_2":0,"glasses_1":0,"lipstick_4":0,"helmet_1":-1,"bproof_2":0,"makeup_3":0,"tshirt_1":0,"hair_1":0,"age_2":0,"mask_2":0,"helmet_2":0,"face":0,"chain_2":0,"torso_1":0,"skin":0,"lipstick_3":0,"mask_1":0,"lipstick_2":0}', '[{"percent":35.2995,"val":352995,"name":"hunger"},{"percent":95.665,"val":956650,"name":"thirst"},{"percent":0.0,"val":0,"name":"drug"},{"percent":0.0,"val":0,"name":"drunk"},{"percent":0.0,"val":0,"name":"drunk"}]', 0, 0, 0, 1, NULL, '[]', NULL, NULL, 0, '{"owns":false,"furniture":[],"houseId":0}', '{}', '7228311', NULL),
	('0a7302c53c5ceb6ee22dfc8d66194c4efa4fea53', NULL, '{"bank":50000}', 'user', NULL, 'unemployed', 0, NULL, '{"x":-269.4,"y":-955.3,"z":31.2,"heading":205.8}', NULL, NULL, NULL, NULL, NULL, NULL, NULL, 0, 0, 0, 1, NULL, '[]', NULL, NULL, 0, '{"owns":false,"furniture":[],"houseId":0}', '{}', '7479730', NULL),
	('0b9dab33214a986e16dc294e95f5dbc0bad9638e', NULL, '{"bank":48600,"money":1700,"black_money":0}', 'user', '[]', 'unemployed', 0, '[]', '{"x":-1080.5,"heading":279.3,"z":37.8,"y":-247.7}', 'مشعل', 'المحترم', '09/29/2999', 'm', 140, '{"age_2":0,"glasses_2":0,"skin":2,"eyebrows_2":0,"bags_2":0,"pants_2":0,"makeup_4":0,"ears_2":0,"helmet_2":0,"helmet_1":-1,"mask_1":0,"tshirt_2":4,"ears_1":-1,"eyebrows_1":0,"bags_1":0,"lipstick_3":0,"pants_1":0,"mask_2":0,"face":0,"decals_1":0,"age_1":0,"hair_1":2,"makeup_3":0,"decals_2":0,"hair_color_1":2,"beard_4":0,"bproof_2":0,"beard_3":0,"makeup_2":0,"eyebrows_3":0,"beard_1":0,"shoes_2":0,"hair_2":0,"eyebrows_4":0,"arms":0,"hair_color_2":0,"glasses_1":0,"lipstick_1":0,"torso_2":0,"makeup_1":0,"lipstick_4":0,"bproof_1":0,"beard_2":0,"sex":0,"lipstick_2":0,"torso_1":15,"chain_1":0,"shoes_1":0,"tshirt_1":0,"chain_2":0}', '[{"name":"hunger","percent":85.61999999999999,"val":856200},{"name":"thirst","percent":89.215,"val":892150},{"name":"drunk","percent":0.0,"val":0},{"name":"drug","percent":0.0,"val":0},{"name":"drunk","percent":0.0,"val":0}]', 0, 0, 45, 1, NULL, '[]', NULL, NULL, 0, '{"owns":false,"furniture":[],"houseId":0}', '{}', '6474875', NULL),
	('0e9199b284192a1afd456555501da6ecd0dce12a', NULL, '{"bank":50850,"money":-1300,"black_money":0}', 'user', '[]', 'police', 0, '[]', '{"x":178.9,"heading":63.1,"z":29.2,"y":-1401.2}', 'شرلوك', 'هولمز', '04/06/1994', 'm', 190, '{"age_2":0,"glasses_2":0,"skin":0,"eyebrows_2":0,"bags_2":0,"pants_2":4,"makeup_4":0,"ears_2":0,"helmet_2":1,"helmet_1":55,"tshirt_2":0,"ears_1":-1,"beard_4":0,"bags_1":0,"lipstick_3":0,"makeup_2":0,"sex":0,"face":0,"mask_2":-1,"age_1":0,"hair_1":10,"makeup_3":0,"shoes_2":0,"hair_color_1":29,"lipstick_2":0,"beard_2":10,"beard_3":0,"chain_2":0,"eyebrows_3":0,"hair_2":4,"arms":22,"pants_1":0,"eyebrows_4":0,"decals_1":1,"hair_color_2":21,"glasses_1":7,"eyebrows_1":0,"bproof_2":0,"makeup_1":0,"lipstick_4":0,"bproof_1":0,"lipstick_1":0,"decals_2":0,"beard_1":11,"torso_1":111,"chain_1":0,"torso_2":3,"tshirt_1":130,"mask_1":0}', '[{"name":"hunger","percent":87.16000000000001,"val":871600},{"name":"thirst","percent":90.36999999999999,"val":903700},{"name":"drunk","percent":0.0,"val":0},{"name":"drug","percent":0.0,"val":0},{"name":"drunk","percent":0.0,"val":0}]', 0, 0, 85, 1, NULL, '[]', NULL, NULL, 0, '{"owns":false,"furniture":[],"houseId":0}', '{}', '3345343', NULL),
	('13b09e49f0a916885ae61556e94f722af4d9b4a5', NULL, '{"bank":50600,"money":-1000,"black_money":0}', 'user', '[]', 'unemployed', 0, '[]', '{"x":239.6,"heading":317.3,"z":33.7,"y":-1380.3}', 'داود  ', 'المصري', '07/06/2000', 'm', 170, '{"age_2":0,"glasses_2":5,"skin":5,"eyebrows_2":0,"bags_2":0,"pants_2":4,"makeup_4":0,"ears_2":0,"helmet_2":0,"helmet_1":-1,"chain_2":0,"hair_2":0,"eyebrows_1":0,"beard_4":0,"chain_1":0,"lipstick_3":0,"lipstick_1":0,"beard_2":0,"face":0,"tshirt_2":0,"age_1":0,"hair_1":11,"makeup_3":0,"shoes_2":4,"hair_color_1":0,"torso_2":3,"lipstick_2":0,"beard_3":0,"beard_1":5,"eyebrows_3":0,"arms":22,"makeup_2":0,"bags_1":0,"eyebrows_4":0,"decals_1":0,"mask_2":0,"glasses_1":10,"bproof_1":0,"bproof_2":0,"makeup_1":0,"lipstick_4":0,"ears_1":0,"decals_2":0,"hair_color_2":0,"pants_1":26,"torso_1":111,"sex":0,"shoes_1":42,"tshirt_1":130,"mask_1":0}', '[{"percent":86.05000000000001,"name":"hunger","val":860500},{"percent":89.53750000000001,"name":"thirst","val":895375},{"percent":0.0,"name":"drunk","val":0},{"percent":0.0,"name":"drug","val":0},{"percent":0.0,"name":"drunk","val":0}]', 0, 0, 45, 1, NULL, '[]', NULL, NULL, 0, '{"owns":false,"furniture":[],"houseId":0}', '{}', '7660811', NULL),
	('17effcc24133040a49e44f368651f2d3f296d7dd', NULL, '{"bank":45400,"black_money":0,"money":3250}', 'user', '{"batato":15,"casinochips":400,"cocacola":134}', 'unemployed', 0, '[]', '{"heading":281.5,"x":965.9,"y":45.7,"z":75.0}', 'ثامر ', 'العتيبي', '01/01/2000', 'm', 172, '{"age_2":0,"glasses_2":0,"skin":0,"eyebrows_2":0,"bags_2":0,"beard_2":0,"makeup_4":0,"ears_2":0,"helmet_2":0,"helmet_1":-1,"pants_2":0,"hair_2":0,"ears_1":-1,"eyebrows_1":0,"bags_1":0,"lipstick_3":0,"tshirt_2":0,"chain_2":0,"face":0,"beard_1":0,"age_1":0,"hair_1":19,"makeup_3":0,"decals_2":0,"hair_color_1":0,"mask_2":0,"lipstick_1":0,"beard_3":0,"chain_1":0,"eyebrows_3":0,"bproof_2":0,"makeup_2":0,"beard_4":0,"eyebrows_4":0,"arms":0,"hair_color_2":0,"glasses_1":0,"pants_1":0,"torso_2":0,"makeup_1":0,"lipstick_4":0,"bproof_1":0,"shoes_2":0,"decals_1":0,"lipstick_2":0,"torso_1":0,"sex":0,"shoes_1":0,"tshirt_1":0,"mask_1":0}', '[{"name":"hunger","val":915300,"percent":91.53},{"name":"thirst","val":970825,"percent":97.08250000000001},{"name":"drunk","val":0,"percent":0.0},{"name":"drug","val":0,"percent":0.0},{"name":"drunk","val":0,"percent":0.0}]', 0, 0, 30, 1, NULL, '[]', NULL, NULL, 0, '{"owns":false,"furniture":[],"houseId":0}', '{}', '4020706', NULL),
	('187aeea1d29bdddd842faed0935f8df8430ed379', NULL, '{"bank":50200,"black_money":0,"money":-750}', 'user', '[]', 'unemployed', 0, '[]', '{"heading":264.0,"x":53.4,"y":-1372.8,"z":29.0}', 'محمد', 'خاندرو', '12/12/1222', 'm', 185, '{"age_2":0,"glasses_2":0,"skin":0,"eyebrows_2":0,"bags_2":0,"beard_2":0,"makeup_4":0,"ears_2":0,"helmet_2":0,"helmet_1":-1,"decals_2":0,"hair_2":0,"decals_1":0,"eyebrows_1":0,"bags_1":0,"lipstick_3":0,"sex":0,"ears_1":-1,"face":0,"beard_1":0,"age_1":0,"hair_1":0,"lipstick_1":0,"pants_1":0,"hair_color_1":0,"beard_4":0,"makeup_2":0,"beard_3":0,"hair_color_2":0,"eyebrows_3":0,"makeup_3":0,"torso_2":0,"lipstick_2":0,"eyebrows_4":0,"arms":0,"mask_2":0,"glasses_1":0,"shoes_2":0,"bproof_2":0,"makeup_1":0,"lipstick_4":0,"bproof_1":0,"tshirt_2":0,"chain_1":0,"pants_2":0,"torso_1":0,"chain_2":0,"shoes_1":0,"tshirt_1":0,"mask_1":0}', '[{"name":"hunger","val":963900,"percent":96.39},{"name":"thirst","val":972925,"percent":97.2925},{"name":"drunk","val":0,"percent":0.0},{"name":"drug","val":0,"percent":0.0},{"name":"drunk","val":0,"percent":0.0}]', 0, 0, 0, 1, NULL, '[]', NULL, NULL, 0, '{"owns":false,"furniture":[],"houseId":0}', '{}', '8542980', NULL),
	('19f79eddb069fa5d09c6440beab8712182945622', NULL, '{"bank":50200,"money":0,"black_money":0}', 'user', '[]', 'mechanic', 10, '[]', '{"x":-1082.2,"heading":164.9,"z":37.8,"y":-250.9}', 'يريد', 'بن عبدالرحمن', '02/01/22', 'm', 140, '{"mask_2":0,"bproof_2":0,"eyebrows_2":0,"shoes_1":0,"beard_3":0,"beard_1":0,"torso_1":22,"pants_1":0,"sex":0,"helmet_1":-1,"lipstick_3":0,"tshirt_1":57,"pants_2":0,"glasses_1":0,"eyebrows_4":0,"bags_1":0,"hair_color_1":23,"tshirt_2":0,"makeup_2":0,"hair_color_2":7,"mask_1":0,"ears_1":-1,"decals_1":0,"hair_1":9,"glasses_2":0,"makeup_1":0,"helmet_2":0,"bags_2":0,"shoes_2":0,"lipstick_2":0,"makeup_4":0,"beard_4":0,"hair_2":2,"skin":9,"beard_2":0,"decals_2":0,"torso_2":1,"arms":0,"lipstick_4":0,"chain_1":0,"eyebrows_1":0,"ears_2":0,"lipstick_1":0,"bproof_1":0,"makeup_3":0,"age_2":0,"chain_2":0,"eyebrows_3":0,"face":21,"age_1":0}', '[{"percent":60.91999999999999,"name":"hunger","val":609200},{"percent":70.69,"name":"thirst","val":706900},{"percent":0.0,"name":"drunk","val":0},{"percent":0.0,"name":"drug","val":0},{"percent":0.0,"name":"drunk","val":0}]', 0, 0, 15, 1, NULL, '[]', NULL, NULL, 0, '{"owns":false,"furniture":[],"houseId":0}', '{}', '8262769', NULL),
	('1d5e4d9da2f7ef35eb00b74444961050a788efb7', NULL, '{"bank":50200,"money":0,"black_money":0}', 'user', '[]', 'unemployed', 0, '[]', '{"x":-329.7,"heading":143.2,"z":31.1,"y":-964.5}', 'كريم', 'المصري', '02/24/2000', 'm', 174, '{"chain_2":1,"age_1":0,"age_2":0,"sex":0,"eyebrows_1":0,"mask_1":0,"helmet_2":0,"beard_1":0,"hair_1":19,"pants_2":0,"eyebrows_4":0,"shoes_2":1,"pants_1":4,"eyebrows_3":0,"helmet_1":1,"bags_2":0,"beard_4":0,"torso_1":4,"beard_2":0,"beard_3":0,"chain_1":3,"glasses_1":0,"torso_2":0,"glasses_2":1,"bags_1":0,"makeup_2":0,"makeup_4":0,"arms":1,"lipstick_3":0,"eyebrows_2":0,"lipstick_1":0,"ears_2":0,"mask_2":0,"makeup_1":0,"bproof_2":2,"tshirt_1":0,"hair_color_2":0,"bproof_1":4,"lipstick_2":0,"makeup_3":0,"skin":0,"face":0,"lipstick_4":0,"tshirt_2":2,"hair_color_1":1,"decals_1":3,"ears_1":-1,"hair_2":2,"shoes_1":1,"decals_2":0}', '[{"name":"hunger","percent":94.3,"val":943000},{"name":"thirst","percent":95.72500000000001,"val":957250},{"name":"drunk","percent":0.0,"val":0},{"name":"drug","percent":0.0,"val":0},{"name":"drunk","percent":0.0,"val":0}]', 0, 0, 15, 1, NULL, '[]', NULL, NULL, 0, '{"owns":false,"furniture":[],"houseId":0}', '{}', '4019318', NULL),
	('28fadca751c8eac586c3946c4216f128982ccf5e', NULL, '{"money":40648,"bank":5400,"black_money":0}', 'superadmin', '[]', 'farmer', 0, '[]', '{"x":1555.0,"y":2208.1,"z":78.8,"heading":321.8}', 'ابـــو ', 'مــحــمـــد', '01/22/2002', 'm', 200, '{"helmet_1":114,"chain_1":1,"eyebrows_2":0,"makeup_1":0,"beard_2":10,"ears_2":0,"lipstick_4":0,"glasses_2":0,"tshirt_1":15,"makeup_4":0,"eyebrows_1":0,"shoes_1":25,"pants_2":0,"beard_3":0,"makeup_3":0,"tshirt_2":0,"shoes_2":0,"lipstick_2":0,"bproof_1":0,"pants_1":31,"face":0,"age_2":0,"bags_1":0,"hair_color_2":0,"makeup_2":0,"hair_1":43,"eyebrows_3":0,"mask_2":0,"helmet_2":7,"arms":26,"torso_2":3,"sex":0,"hair_color_1":0,"eyebrows_4":0,"decals_2":0,"mask_1":0,"chain_2":0,"age_1":0,"torso_1":61,"skin":0,"bags_2":0,"decals_1":0,"lipstick_3":0,"beard_1":10,"glasses_1":5,"lipstick_1":0,"beard_4":0,"bproof_2":0,"ears_1":-1,"hair_2":0}', '[{"percent":0.0,"name":"drunk","val":0},{"percent":0.0,"name":"drug","val":0},{"percent":10.11,"name":"hunger","val":101100},{"percent":20.0825,"name":"thirst","val":200825},{"percent":0.0,"name":"drunk","val":0}]', 0, 0, 165, 1, NULL, '[]', NULL, NULL, 0, '{"owns":false,"furniture":[],"houseId":0}', '{}', '5343856', '[{"texture":20,"collection":"mpgunrunning_overlays"},{"texture":52,"collection":"mpbiker_overlays"},{"texture":17,"collection":"mplowrider_overlays"}]'),
	('2d13c1e7cd62700344f30edd12333c479332d836', NULL, '{"bank":45600,"money":4999,"black_money":0}', 'mod', '[]', 'admin', 0, '[]', '{"x":1466.7,"heading":144.9,"z":76.7,"y":797.8}', 'زياد', 'جونيور', '08/10/1997', 'm', 140, '{"hair_color_2":0,"decals_2":0,"eyebrows_2":0,"shoes_1":0,"beard_3":0,"lipstick_4":0,"torso_1":0,"pants_1":0,"torso_2":0,"helmet_1":-1,"lipstick_3":0,"tshirt_1":0,"pants_2":0,"lipstick_1":0,"makeup_4":0,"bags_1":0,"hair_color_1":0,"hair_2":0,"makeup_2":0,"eyebrows_4":0,"hair_1":0,"lipstick_2":0,"beard_1":0,"age_2":0,"glasses_2":0,"makeup_1":0,"ears_2":0,"bags_2":0,"ears_1":-1,"sex":0,"glasses_1":0,"beard_4":0,"decals_1":0,"skin":0,"beard_2":0,"tshirt_2":0,"mask_2":0,"arms":0,"mask_1":0,"chain_1":0,"eyebrows_1":0,"eyebrows_3":0,"bproof_2":0,"bproof_1":0,"makeup_3":0,"shoes_2":0,"chain_2":0,"helmet_2":0,"face":1,"age_1":0}', '[{"percent":53.47,"name":"hunger","val":534700},{"percent":68.9275,"name":"thirst","val":689275},{"percent":0.0,"name":"drunk","val":0},{"percent":0.0,"name":"drug","val":0},{"percent":0.0,"name":"drunk","val":0}]', 0, 0, 70, 1, NULL, '[]', NULL, NULL, 0, '{"owns":false,"furniture":[],"houseId":0}', '{}', '2419912', NULL),
	('2f0c8ce1d372a5bdd6b3dce156b27dada353a157', NULL, '{"bank":50850,"money":-250,"black_money":0}', 'user', '[]', 'police', 8, '[]', '{"x":238.6,"heading":323.1,"z":33.7,"y":-1381.8}', '=ابو عزوز', 'بن ياكوزا', '12/11/1999', 'm', 173, '{"age_2":0,"glasses_2":0,"skin":0,"eyebrows_2":0,"bags_2":0,"beard_2":10,"makeup_2":0,"ears_2":0,"helmet_2":0,"helmet_1":-1,"tshirt_2":0,"hair_2":2,"pants_1":26,"sex":0,"chain_1":0,"lipstick_3":0,"makeup_4":0,"bproof_1":0,"face":0,"hair_color_2":0,"age_1":0,"hair_1":18,"makeup_3":0,"decals_2":0,"hair_color_1":0,"arms":1,"beard_4":0,"beard_3":0,"shoes_2":0,"eyebrows_3":0,"bproof_2":0,"torso_2":0,"lipstick_1":0,"eyebrows_4":0,"decals_1":0,"mask_2":0,"glasses_1":0,"eyebrows_1":0,"lipstick_2":0,"makeup_1":0,"lipstick_4":0,"ears_1":-1,"pants_2":0,"bags_1":0,"beard_1":7,"torso_1":27,"mask_1":0,"shoes_1":0,"tshirt_1":22,"chain_2":0}', '[{"percent":86.33999999999999,"name":"hunger","val":863400},{"percent":91.915,"name":"thirst","val":919150},{"percent":0.0,"name":"drunk","val":0},{"percent":0.0,"name":"drug","val":0},{"percent":0.0,"name":"drunk","val":0}]', 0, 0, 70, 1, NULL, '[]', NULL, NULL, 0, '{"owns":false,"furniture":[],"houseId":0}', '{}', '9019245', NULL),
	('437f738fe8eae3ecafc37a04f13fd8e2fe8e7730', NULL, '{"bank":50000,"money":0,"black_money":0}', 'admin', '[]', 'admin', 3, '{"WEAPON_PISTOL":{"ammo":80}}', '{"heading":89.9,"z":106.3,"y":217.1,"x":255.2}', 'عمر ', 'الحزين', '02/19/2002', 'm', 188, '{"hair_color_2":0,"bproof_2":0,"eyebrows_2":10,"shoes_1":5,"beard_3":39,"lipstick_4":0,"torso_1":236,"pants_1":16,"torso_2":5,"helmet_1":14,"lipstick_3":0,"ears_2":0,"pants_2":4,"lipstick_1":0,"makeup_4":0,"bags_1":0,"hair_color_1":0,"tshirt_2":0,"makeup_2":0,"helmet_2":4,"mask_1":0,"eyebrows_4":0,"hair_1":0,"chain_2":0,"glasses_2":0,"makeup_1":0,"glasses_1":0,"bags_2":0,"shoes_2":15,"ears_1":-1,"decals_2":0,"beard_4":0,"age_2":0,"skin":0,"beard_2":10,"lipstick_2":0,"hair_2":0,"arms":0,"sex":0,"chain_1":0,"eyebrows_1":1,"beard_1":10,"mask_2":0,"bproof_1":0,"makeup_3":-1,"tshirt_1":15,"decals_1":0,"eyebrows_3":35,"face":0,"age_1":0}', '[{"percent":48.13,"val":481300,"name":"hunger"},{"percent":48.5975,"val":485975,"name":"thirst"},{"percent":0.0,"val":0,"name":"drug"},{"percent":0.0,"val":0,"name":"drunk"},{"percent":0.0,"val":0,"name":"drunk"}]', 0, 0, 0, 1, NULL, '[]', NULL, NULL, 0, '{"owns":false,"furniture":[],"houseId":0}', '{}', '7571302', NULL),
	('4919f92f6113d18b5222053cec77c9211a56b73b', NULL, '{"bank":50000,"money":0,"black_money":0}', 'mod', '[]', 'admin', 0, '[]', '{"heading":135.0,"z":38.9,"y":-1621.3,"x":-479.9}', 'أبـو عـمـاد', 'شـخـصـيـاً', '08/31/1998', 'm', 153, '{"mask_2":0,"bproof_2":0,"eyebrows_2":10,"shoes_1":25,"beard_3":0,"beard_1":9,"age_2":6,"pants_1":15,"torso_2":2,"helmet_1":55,"lipstick_3":0,"tshirt_1":15,"pants_2":10,"lipstick_1":0,"eyebrows_4":0,"bags_1":0,"hair_color_1":14,"tshirt_2":0,"makeup_2":0,"hair_1":19,"eyebrows_3":0,"decals_1":0,"torso_1":5,"glasses_2":3,"makeup_1":0,"lipstick_2":0,"bags_2":0,"ears_1":17,"sex":0,"decals_2":0,"beard_4":0,"hair_color_2":14,"skin":5,"beard_2":10,"makeup_4":0,"ears_2":1,"arms":5,"lipstick_4":0,"chain_1":49,"eyebrows_1":1,"mask_1":0,"chain_2":0,"bproof_1":0,"makeup_3":0,"shoes_2":0,"glasses_1":7,"helmet_2":25,"face":4,"hair_2":4}', '[{"percent":45.04,"val":450400,"name":"hunger"},{"percent":58.78,"val":587800,"name":"thirst"},{"percent":0.0,"val":0,"name":"drug"},{"percent":0.0,"val":0,"name":"drunk"},{"percent":0.0,"val":0,"name":"drunk"}]', 0, 0, 0, 1, NULL, '[]', NULL, NULL, 0, '{"owns":false,"furniture":[],"houseId":0}', '{}', '4013496', NULL),
	('4abeb87e82e0868ab8100165459459f687e19a92', NULL, '{"bank":45600,"money":4150,"black_money":0}', 'user', '[]', 'police', 0, '[]', '{"x":-721.6,"heading":277.8,"z":29.9,"y":-662.2}', 'عبدالعزيز', 'الدوسري', '05/19/1999', 'm', 183, '{"age_2":0,"glasses_2":0,"skin":0,"eyebrows_2":0,"bags_2":0,"beard_2":0,"makeup_4":0,"ears_2":0,"helmet_2":0,"helmet_1":-1,"chain_2":0,"tshirt_2":0,"bproof_1":0,"beard_4":0,"chain_1":0,"lipstick_3":0,"bproof_2":0,"lipstick_2":0,"face":0,"pants_1":10,"age_1":0,"hair_1":0,"lipstick_1":0,"shoes_2":2,"hair_color_1":0,"decals_1":0,"eyebrows_1":0,"beard_3":0,"hair_2":0,"eyebrows_3":0,"makeup_3":0,"mask_1":0,"sex":0,"eyebrows_4":0,"arms":4,"mask_2":0,"glasses_1":0,"decals_2":0,"torso_2":0,"makeup_1":0,"lipstick_4":0,"ears_1":-1,"makeup_2":0,"bags_1":0,"pants_2":0,"torso_1":4,"hair_color_2":0,"shoes_1":7,"tshirt_1":21,"beard_1":0}', '[{"name":"hunger","percent":88.2,"val":882000},{"name":"thirst","percent":91.78,"val":917800},{"name":"drunk","percent":0.0,"val":0},{"name":"drug","percent":0.0,"val":0},{"name":"drunk","percent":0.0,"val":0}]', 0, 0, 50, 1, NULL, '[]', NULL, NULL, 0, '{"owns":false,"furniture":[],"houseId":0}', '{}', '2960044', NULL),
	('4c84414c4afa7238176110f5fa92fbc5a1e8c77c', NULL, '{"bank":40500,"money":8500,"black_money":0}', 'user', '[]', 'lumberjack', 0, '[]', '{"x":967.8,"heading":85.4,"z":31.0,"y":-1758.7}', 'بن', 'جمعة', '12/26/1995', 'm', 185, '{"age_2":0,"glasses_2":1,"skin":0,"eyebrows_2":8,"bags_2":0,"pants_2":0,"makeup_2":0,"ears_2":0,"helmet_2":0,"helmet_1":-1,"mask_2":0,"tshirt_2":0,"eyebrows_1":0,"beard_4":0,"chain_1":25,"lipstick_3":0,"sex":0,"makeup_4":0,"face":0,"makeup_3":0,"age_1":0,"hair_1":19,"lipstick_1":0,"pants_1":24,"hair_color_1":0,"lipstick_2":0,"bproof_1":0,"beard_3":26,"decals_2":0,"eyebrows_3":0,"hair_2":0,"bproof_2":0,"shoes_2":0,"eyebrows_4":0,"arms":27,"hair_color_2":28,"glasses_1":5,"beard_2":10,"torso_2":0,"makeup_1":0,"lipstick_4":0,"ears_1":0,"decals_1":0,"beard_1":10,"bags_1":0,"torso_1":115,"mask_1":0,"shoes_1":18,"tshirt_1":4,"chain_2":2}', '[{"name":"hunger","percent":86.00999999999999,"val":860100},{"name":"thirst","percent":89.5075,"val":895075},{"name":"drunk","percent":0.0,"val":0},{"name":"drug","percent":0.0,"val":0},{"name":"drunk","percent":0.0,"val":0}]', 0, 0, 45, 1, NULL, '[]', NULL, NULL, 0, '{"owns":false,"furniture":[],"houseId":0}', '{}', '8842548', NULL),
	('54d95dd0c169b7099d5ea6436b2c89bec577a3a1', NULL, '{"bank":50000,"money":0,"black_money":0}', 'superadmin', '[]', 'admin', 3, '[]', '{"heading":282.2,"z":29.2,"y":-1155.4,"x":236.8}', 'عبدو', 'طماطم', '02/05/1999', 'm', 183, '{"hair_color_2":0,"bproof_2":0,"eyebrows_2":0,"shoes_1":5,"beard_3":0,"lipstick_4":0,"age_2":0,"pants_1":12,"torso_2":0,"helmet_1":-1,"lipstick_3":0,"tshirt_1":15,"pants_2":0,"glasses_1":5,"decals_1":0,"bags_1":0,"hair_color_1":1,"tshirt_2":0,"makeup_2":0,"decals_2":0,"hair_1":10,"makeup_4":0,"ears_1":-1,"torso_1":135,"glasses_2":0,"makeup_1":0,"ears_2":0,"bags_2":0,"shoes_2":2,"helmet_2":0,"lipstick_2":0,"beard_4":0,"lipstick_1":0,"skin":0,"beard_2":10,"chain_2":0,"eyebrows_4":0,"arms":0,"mask_2":0,"chain_1":0,"eyebrows_1":0,"mask_1":0,"sex":0,"bproof_1":0,"makeup_3":0,"beard_1":1,"hair_2":0,"eyebrows_3":0,"face":4,"age_1":0}', '[{"percent":33.4,"val":334000,"name":"hunger"},{"percent":50.05,"val":500500,"name":"thirst"},{"percent":0.0,"val":0,"name":"drug"},{"percent":0.0,"val":0,"name":"drunk"},{"percent":0.0,"val":0,"name":"drunk"}]', 0, 0, 0, 1, NULL, '[]', NULL, NULL, 0, '{"owns":false,"furniture":[],"houseId":0}', '{}', '7959044', NULL),
	('576674673cea884a27b64ad96b8edcff0080063f', NULL, '{"bank":50200,"money":0,"black_money":0}', 'user', '[]', 'unemployed', 0, '[]', '{"x":-269.4,"heading":0.9,"z":31.2,"y":-954.2}', 'مـــار', 'سكيـــنه', '01/01/2000', 'f', 150, '{"makeup_3":-1,"torso_2":0,"age_2":0,"sex":1,"eyebrows_1":0,"shoes_1":1,"tshirt_2":1,"beard_1":0,"hair_2":0,"pants_2":6,"eyebrows_4":0,"shoes_2":1,"bags_1":0,"glasses_2":0,"helmet_1":-1,"bags_2":0,"beard_4":0,"torso_1":0,"beard_2":0,"beard_3":0,"tshirt_1":33,"glasses_1":0,"hair_1":15,"bproof_1":0,"chain_1":0,"eyebrows_3":0,"makeup_4":0,"face":21,"pants_1":25,"eyebrows_2":0,"age_1":0,"ears_2":0,"makeup_2":0,"makeup_1":0,"bproof_2":0,"lipstick_2":0,"hair_color_2":1,"lipstick_1":0,"chain_2":0,"arms":0,"skin":0,"mask_1":0,"lipstick_4":0,"lipstick_3":0,"hair_color_1":30,"decals_1":0,"ears_1":0,"helmet_2":0,"mask_2":0,"decals_2":0}', '[{"percent":96.54,"name":"hunger","val":965400},{"percent":97.405,"name":"thirst","val":974050},{"percent":0.0,"name":"drunk","val":0},{"percent":0.0,"name":"drug","val":0},{"percent":0.0,"name":"drunk","val":0}]', 0, 0, 15, 1, NULL, '[]', NULL, NULL, 0, '{"owns":false,"furniture":[],"houseId":0}', '{}', '9133222', NULL),
	('59d64d4db44b8bc2935cb1c8bfb9e62337c0777d', NULL, '{"bank":50700,"money":-500,"black_money":0}', 'user', '[]', 'lumberjack', 0, '[]', '{"x":-703.8,"heading":0.0,"z":37.4,"y":-152.8}', 'ابراهيم', 'جونيور', '03/03/2000', 'm', 169, '{"age_2":0,"glasses_2":0,"skin":0,"eyebrows_2":0,"bags_2":0,"beard_2":0,"makeup_4":0,"ears_2":0,"helmet_2":0,"helmet_1":-1,"lipstick_2":0,"hair_2":0,"makeup_3":0,"sex":0,"chain_1":0,"lipstick_3":0,"eyebrows_1":0,"mask_2":0,"face":0,"beard_4":0,"age_1":0,"hair_1":0,"lipstick_1":0,"pants_1":0,"hair_color_1":0,"bproof_1":0,"bproof_2":0,"beard_3":0,"makeup_2":0,"eyebrows_3":0,"tshirt_2":0,"decals_1":0,"decals_2":0,"eyebrows_4":0,"arms":0,"hair_color_2":0,"glasses_1":0,"mask_1":0,"torso_2":0,"makeup_1":0,"lipstick_4":0,"ears_1":-1,"bags_1":0,"pants_2":0,"shoes_2":0,"torso_1":0,"beard_1":0,"shoes_1":0,"tshirt_1":0,"chain_2":0}', '[{"name":"hunger","percent":91.33,"val":913300},{"name":"thirst","percent":94.015,"val":940150},{"name":"drunk","percent":0.0,"val":0},{"name":"drug","percent":0.0,"val":0},{"name":"drunk","percent":0.0,"val":0}]', 0, 0, 15, 1, NULL, '[]', NULL, NULL, 0, '{"owns":false,"furniture":[],"houseId":0}', '{}', '8781962', NULL),
	('5e72ab7638d4dd7185d6828bb2ace51f3a9b1e50', NULL, '{"bank":0,"black_money":0,"money":49900}', 'user', '[]', 'unemployed', 0, '[]', '{"heading":176.6,"x":425.5,"y":-986.8,"z":30.7}', 'بو لولو', 'جونيور', '07/12/1993', 'm', 200, NULL, '[{"name":"hunger","val":940500,"percent":94.05},{"name":"thirst","val":955375,"percent":95.5375},{"name":"drunk","val":0,"percent":0.0},{"name":"drug","val":0,"percent":0.0},{"name":"drunk","val":0,"percent":0.0}]', 0, 0, 15, 1, NULL, '[]', NULL, NULL, 0, '{"owns":false,"furniture":[],"houseId":0}', '{}', '6776479', NULL),
	('5f872c60bcd57aec54d544b38d8588b5a6f1a33f', NULL, '{"bank":50000,"money":0,"black_money":0}', 'user', '[]', 'unemployed', 0, '[]', '{"x":-269.4,"heading":205.8,"z":31.2,"y":-955.3}', 'هادي', 'الحداد', '12/10/1999', 'm', 158, '{"chain_2":0,"tshirt_1":0,"age_2":0,"sex":0,"eyebrows_1":0,"shoes_1":0,"tshirt_2":0,"beard_1":0,"hair_2":0,"pants_2":0,"eyebrows_4":0,"shoes_2":0,"pants_1":0,"glasses_2":0,"helmet_1":-1,"bags_2":0,"beard_4":0,"lipstick_1":0,"beard_2":0,"beard_3":0,"lipstick_3":0,"glasses_1":0,"torso_1":0,"decals_2":0,"mask_1":0,"bags_1":0,"makeup_4":0,"arms":0,"torso_2":0,"eyebrows_2":0,"age_1":0,"ears_2":0,"mask_2":0,"makeup_1":0,"bproof_2":0,"makeup_3":0,"hair_color_2":0,"lipstick_2":0,"makeup_2":0,"face":0,"skin":0,"eyebrows_3":0,"lipstick_4":0,"helmet_2":0,"hair_color_1":0,"decals_1":0,"ears_1":-1,"hair_1":0,"bproof_1":0,"chain_1":0}', '[{"name":"hunger","percent":98.25,"val":982500},{"name":"thirst","percent":98.6875,"val":986875},{"name":"drunk","percent":0.0,"val":0},{"name":"drug","percent":0.0,"val":0},{"name":"drunk","percent":0.0,"val":0}]', 0, 0, 0, 1, NULL, '[]', NULL, NULL, 0, '{"owns":false,"furniture":[],"houseId":0}', '{}', '2201364', NULL),
	('604a22e06d5a6c2d4b269c94007a6df2ec3fdd06', NULL, '{"bank":50000}', 'user', NULL, 'unemployed', 0, NULL, '{"x":-269.4,"y":-955.3,"z":31.2,"heading":205.8}', NULL, NULL, NULL, NULL, NULL, NULL, NULL, 0, 0, 0, 1, NULL, '[]', NULL, NULL, 0, '{"owns":false,"furniture":[],"houseId":0}', '{}', NULL, NULL),
	('7ae83c596ed7ec19b585fa898d51819832768397', NULL, '{"bank":53300,"money":2999700,"black_money":0}', 'user', '[]', 'police', 24, '{"WEAPON_PISTOL":{"ammo":99},"WEAPON_FLARE":{"ammo":100},"WEAPON_PUMPSHOTGUN":{"ammo":95},"WEAPON_NIGHTSTICK":{"ammo":100},"WEAPON_FIREEXTINGUISHER":{"ammo":100},"WEAPON_FLASHLIGHT":{"ammo":100},"WEAPON_STUNGUN":{"ammo":100},"WEAPON_PETROLCAN":{"ammo":100}}', '{"x":316.6,"heading":162.1,"z":29.0,"y":-755.4}', 'ابو', 'ريم', '02/22/1994', 'm', 140, '{"helmet_1":-1,"chain_1":0,"eyebrows_2":0,"makeup_1":0,"beard_2":0,"ears_2":0,"ears_1":-1,"glasses_2":0,"tshirt_1":122,"makeup_4":0,"eyebrows_1":0,"shoes_1":1,"pants_2":0,"age_2":0,"makeup_3":0,"tshirt_2":0,"shoes_2":0,"bags_1":0,"bproof_1":0,"pants_1":4,"lipstick_3":0,"lipstick_2":0,"bproof_2":0,"face":0,"makeup_2":0,"hair_1":0,"eyebrows_3":0,"mask_2":0,"helmet_2":0,"arms":11,"torso_2":0,"sex":0,"hair_color_1":0,"mask_1":0,"eyebrows_4":0,"decals_1":0,"glasses_1":0,"age_1":0,"torso_1":43,"skin":0,"bags_2":0,"hair_color_2":0,"decals_2":0,"beard_1":0,"lipstick_4":0,"lipstick_1":0,"beard_4":0,"chain_2":0,"beard_3":0,"hair_2":0}', '[{"percent":49.05,"name":"hunger","val":490500},{"percent":61.78749999999999,"name":"thirst","val":617875},{"percent":0.0,"name":"drunk","val":0},{"percent":0.0,"name":"drug","val":0},{"percent":0.0,"name":"drunk","val":0}]', 0, 0, 70, 1, NULL, '[]', NULL, NULL, 0, '{"owns":false,"furniture":[],"houseId":0}', '{}', '5223538', NULL),
	('7ce8bdc43bcb8cfe008c13caec10fae6d2106d54', NULL, '{"bank":44238,"money":5762,"black_money":0}', 'user', '[]', 'police', 0, '[]', '{"x":-167.6,"heading":140.9,"z":39.7,"y":-299.0}', 'حسار', 'القحطاني', '12/02/1996', 'm', 170, '{"chain_2":0,"torso_2":9,"age_2":0,"sex":0,"eyebrows_1":0,"shoes_1":9,"tshirt_2":0,"beard_1":10,"hair_1":3,"pants_2":0,"eyebrows_4":0,"shoes_2":0,"pants_1":33,"glasses_2":0,"helmet_1":-1,"bags_2":0,"beard_4":0,"torso_1":143,"beard_2":4,"beard_3":28,"lipstick_2":0,"glasses_1":0,"mask_1":0,"arms":0,"makeup_2":0,"lipstick_1":0,"makeup_4":0,"face":0,"makeup_3":0,"eyebrows_2":0,"age_1":0,"ears_2":0,"mask_2":0,"makeup_1":0,"bproof_2":0,"hair_2":0,"hair_color_2":0,"chain_1":0,"decals_2":0,"lipstick_3":0,"skin":5,"tshirt_1":15,"lipstick_4":0,"helmet_2":0,"hair_color_1":27,"decals_1":0,"ears_1":-1,"eyebrows_3":0,"bags_1":0,"bproof_1":0}', '[{"percent":89.7,"name":"hunger","val":897000},{"percent":92.27499999999999,"name":"thirst","val":922750},{"percent":0.0,"name":"drunk","val":0},{"percent":0.0,"name":"drug","val":0},{"percent":0.0,"name":"drunk","val":0}]', 0, 0, 50, 1, NULL, '[]', NULL, NULL, 0, '{"owns":false,"furniture":[],"houseId":0}', '{}', '5415091', NULL),
	('7ff0ae023be24eddccc38f4f453caa97802ca105', 'husky', '{"bank":90247,"black_money":0,"money":2900}', 'superadmin', '[]', 'vegetables', 0, '[]', '{"z":78.8,"y":2193.1,"x":1549.7,"heading":93.5}', 'أبو', 'عزيز', '04/28/2003', 'm', 200, '{"shoes_1":10,"age_2":0,"bproof_1":0,"glasses_2":0,"makeup_2":0,"bags_2":0,"shoes_2":0,"decals_1":0,"torso_2":2,"beard_4":0,"lipstick_3":0,"arms":1,"chain_1":0,"eyebrows_2":10,"glasses_1":0,"lipstick_1":0,"helmet_2":1,"hair_color_1":2,"skin":0,"bproof_2":0,"pants_1":20,"lipstick_2":0,"hair_color_2":0,"tshirt_1":31,"decals_2":0,"bags_1":0,"makeup_3":0,"eyebrows_4":0,"ears_2":0,"tshirt_2":2,"eyebrows_3":0,"beard_3":0,"age_1":0,"mask_1":0,"chain_2":0,"ears_1":-1,"hair_2":0,"lipstick_4":0,"sex":0,"makeup_1":0,"face":0,"eyebrows_1":2,"beard_2":10,"helmet_1":21,"mask_2":0,"beard_1":9,"makeup_4":0,"torso_1":29,"hair_1":17,"pants_2":3}', '[{"val":0,"percent":0.0,"name":"drunk"},{"val":0,"percent":0.0,"name":"drug"},{"val":315300,"percent":31.53,"name":"hunger"},{"val":361475,"percent":36.1475,"name":"thirst"},{"val":0,"percent":0.0,"name":"drunk"}]', 0, 0, 1325, 2, NULL, '[]', NULL, NULL, 0, '{"owns":false,"furniture":[],"houseId":0}', '[]', '7777777', NULL),
	('7ff62c8a8826eebf58ebca29988b095224bc546e', NULL, '{"bank":50000,"money":0,"black_money":0}', 'mod', '[]', 'admin', 0, '{"WEAPON_PISTOL":{"ammo":240}}', '{"heading":270.6,"z":106.3,"y":217.9,"x":253.7}', 'محمد', 'ابراهيم ', '02/23/1999', 'm', 170, '{"mask_2":0,"decals_2":0,"eyebrows_2":0,"shoes_1":28,"beard_3":0,"lipstick_4":0,"torso_1":31,"pants_1":105,"sex":0,"helmet_1":-1,"lipstick_3":0,"ears_2":0,"pants_2":0,"chain_2":0,"decals_1":0,"bags_1":0,"hair_color_1":0,"tshirt_2":2,"makeup_2":0,"tshirt_1":33,"lipstick_2":0,"hair_2":0,"glasses_1":0,"hair_1":38,"glasses_2":0,"makeup_1":0,"torso_2":5,"bags_2":0,"shoes_2":0,"bproof_2":0,"hair_color_2":0,"beard_4":0,"mask_1":0,"skin":0,"beard_2":0,"ears_1":-1,"lipstick_1":0,"arms":4,"age_2":0,"chain_1":0,"eyebrows_1":0,"beard_1":0,"makeup_4":0,"bproof_1":0,"makeup_3":0,"helmet_2":0,"eyebrows_4":0,"eyebrows_3":0,"face":20,"age_1":0}', '[{"percent":49.57,"val":495700,"name":"hunger"},{"percent":49.6775,"val":496775,"name":"thirst"},{"percent":0.0,"val":0,"name":"drug"},{"percent":0.0,"val":0,"name":"drunk"},{"percent":0.0,"val":0,"name":"drunk"}]', 0, 0, 0, 1, NULL, '[]', NULL, NULL, 0, '{"owns":false,"furniture":[],"houseId":0}', '{}', '5811893', NULL),
	('9347564f07320e49b1b4d68218267865ca50928c', NULL, '{"bank":53400,"money":-1050,"black_money":0}', 'user', '[]', 'police', 23, '[]', '{"x":-903.7,"heading":28.5,"z":27.8,"y":-1978.6}', 'محمد', 'العنزي', '11/11/1990', 'm', 175, '{"age_2":0,"glasses_2":1,"skin":0,"eyebrows_2":0,"bags_2":0,"pants_2":0,"makeup_2":0,"ears_2":0,"helmet_2":20,"helmet_1":105,"lipstick_1":0,"hair_2":0,"tshirt_2":0,"eyebrows_1":0,"chain_1":17,"lipstick_3":0,"pants_1":4,"bproof_2":0,"face":0,"chain_2":0,"age_1":0,"hair_1":3,"makeup_3":0,"shoes_2":0,"hair_color_1":1,"torso_2":3,"beard_4":0,"beard_3":0,"bags_1":0,"eyebrows_3":0,"ears_1":-1,"sex":0,"decals_2":0,"eyebrows_4":0,"arms":17,"hair_color_2":0,"glasses_1":5,"makeup_4":0,"lipstick_2":0,"makeup_1":0,"lipstick_4":0,"bproof_1":0,"mask_2":0,"beard_2":0,"decals_1":0,"torso_1":111,"beard_1":0,"shoes_1":6,"tshirt_1":15,"mask_1":17}', '[{"percent":88.99000000000001,"name":"hunger","val":889900},{"percent":91.7425,"name":"thirst","val":917425},{"percent":0.0,"name":"drunk","val":0},{"percent":0.0,"name":"drug","val":0},{"percent":0.0,"name":"drunk","val":0}]', 0, 0, 105, 1, NULL, '[]', NULL, NULL, 0, '{"owns":false,"furniture":[],"houseId":0}', '{}', '5724117', NULL),
	('93bec9901019adf04de1a9c6c47ab7b8c73d20a1', NULL, '{"bank":50000,"money":0,"black_money":0}', 'user', '[]', 'unemployed', 0, '[]', '{"x":-269.4,"z":31.2,"heading":205.8,"y":-955.3}', 'شراااررره ', 'سكينه', '12/12/1999', 'm', 169, '{"makeup_3":0,"torso_2":0,"age_2":0,"sex":0,"eyebrows_1":0,"mask_1":0,"tshirt_2":0,"beard_1":0,"hair_2":0,"pants_2":0,"eyebrows_4":0,"shoes_2":0,"pants_1":0,"eyebrows_3":0,"helmet_1":-1,"bags_2":0,"beard_4":0,"lipstick_1":0,"beard_2":0,"lipstick_3":0,"chain_2":0,"glasses_1":0,"mask_2":0,"torso_1":0,"decals_2":0,"helmet_2":0,"makeup_4":0,"lipstick_2":0,"tshirt_1":0,"eyebrows_2":0,"glasses_2":0,"ears_2":0,"makeup_2":0,"makeup_1":0,"bproof_2":0,"face":0,"hair_color_2":0,"age_1":0,"beard_3":0,"hair_1":0,"skin":0,"arms":0,"lipstick_4":0,"shoes_1":0,"hair_color_1":0,"decals_1":0,"ears_1":-1,"bags_1":0,"bproof_1":0,"chain_1":0}', '[{"name":"hunger","percent":98.61,"val":986100},{"name":"thirst","percent":98.9575,"val":989575},{"name":"drunk","percent":0.0,"val":0},{"name":"drug","percent":0.0,"val":0},{"name":"drunk","percent":0.0,"val":0}]', 0, 0, 0, 1, NULL, '[]', NULL, NULL, 0, '{"owns":false,"furniture":[],"houseId":0}', '{}', '5605926', NULL),
	('9648dce884c3533ea6ec67628bd1a35b099ccffe', NULL, '{"bank":50000,"money":-300,"black_money":0}', 'user', '[]', 'unemployed', 0, '[]', '{"x":-245.4,"heading":20.6,"z":30.5,"y":-977.3}', 'ماروو ', 'الحزين', '02/12/2006', 'm', 175, '{"chain_2":0,"torso_2":0,"age_2":0,"sex":0,"eyebrows_1":0,"mask_1":0,"tshirt_2":0,"beard_1":0,"hair_2":0,"pants_2":0,"eyebrows_4":0,"shoes_2":0,"pants_1":0,"glasses_2":0,"helmet_1":-1,"bags_2":0,"beard_4":0,"torso_1":0,"beard_2":0,"beard_3":0,"face":0,"glasses_1":0,"decals_2":0,"eyebrows_3":0,"lipstick_2":0,"chain_1":0,"makeup_4":0,"arms":0,"mask_2":0,"eyebrows_2":0,"shoes_1":0,"ears_2":0,"makeup_2":0,"makeup_1":0,"bproof_2":0,"bags_1":0,"hair_color_2":0,"tshirt_1":0,"makeup_3":0,"hair_1":0,"skin":0,"age_1":0,"lipstick_4":0,"lipstick_1":0,"hair_color_1":0,"decals_1":0,"ears_1":-1,"helmet_2":0,"lipstick_3":0,"bproof_1":0}', '[{"percent":97.39999999999999,"name":"hunger","val":974000},{"percent":98.05,"name":"thirst","val":980500},{"percent":0.0,"name":"drunk","val":0},{"percent":0.0,"name":"drug","val":0},{"percent":0.0,"name":"drunk","val":0}]', 0, 0, 15, 1, NULL, '[]', NULL, NULL, 0, '{"owns":false,"furniture":[],"houseId":0}', '{}', '5950947', NULL),
	('a7826063b0c7c907ad6eaf9fc5aa85e9cab111aa', NULL, '{"bank":50200,"money":0,"black_money":0}', 'user', '[]', 'unemployed', 0, '[]', '{"x":0.0,"heading":0.0,"z":1.3,"y":0.0}', 'ريكو', 'الحزين', '08/08/2000', 'm', 140, '{"chain_2":0,"tshirt_1":15,"age_2":0,"sex":0,"eyebrows_1":0,"mask_1":0,"tshirt_2":0,"beard_1":9,"hair_1":14,"pants_2":9,"eyebrows_4":0,"shoes_2":0,"bags_1":0,"glasses_2":0,"helmet_1":-1,"bags_2":0,"beard_4":0,"lipstick_1":0,"beard_2":10,"beard_3":28,"shoes_1":25,"glasses_1":0,"pants_1":59,"age_1":0,"lipstick_3":0,"eyebrows_3":0,"makeup_4":0,"arms":17,"hair_2":4,"eyebrows_2":0,"face":0,"ears_2":0,"makeup_2":0,"makeup_1":0,"bproof_2":0,"helmet_2":0,"hair_color_2":26,"makeup_3":0,"mask_2":0,"torso_2":3,"skin":0,"lipstick_2":0,"lipstick_4":0,"torso_1":139,"hair_color_1":29,"decals_1":0,"ears_1":0,"bproof_1":0,"chain_1":0,"decals_2":0}', '[]', 0, 0, 0, 1, NULL, '[]', NULL, NULL, 0, '{"owns":false,"furniture":[],"houseId":0}', '{}', '7218825', NULL),
	('a7c48b7ea9bc3a69cde74d3d51e109045d1b8288', NULL, '{"bank":50400,"money":-300,"black_money":0}', 'user', '[]', 'unemployed', 0, '[]', '{"x":-135.6,"heading":325.0,"z":32.3,"y":-792.7}', 'حسن', 'جيزاني', '12/10/1996', 'm', 200, '{"age_2":0,"glasses_2":0,"skin":0,"eyebrows_2":0,"bags_2":0,"beard_2":10,"makeup_2":0,"ears_2":0,"helmet_2":0,"helmet_1":-1,"chain_2":0,"tshirt_2":0,"bproof_1":0,"sex":0,"chain_1":0,"lipstick_3":0,"pants_1":17,"bags_1":0,"face":34,"lipstick_2":0,"age_1":0,"hair_1":11,"makeup_3":-1,"decals_2":0,"hair_color_1":0,"lipstick_1":0,"makeup_4":0,"beard_3":0,"beard_1":22,"eyebrows_3":0,"hair_color_2":27,"eyebrows_1":0,"arms":0,"eyebrows_4":0,"decals_1":0,"mask_2":0,"glasses_1":0,"bproof_2":0,"torso_2":0,"makeup_1":0,"lipstick_4":0,"ears_1":0,"pants_2":0,"beard_4":0,"shoes_2":0,"torso_1":346,"hair_2":0,"shoes_1":12,"tshirt_1":0,"mask_1":0}', '[{"percent":88.3,"name":"hunger","val":883000},{"percent":91.225,"name":"thirst","val":912250},{"percent":0.0,"name":"drunk","val":0},{"percent":0.0,"name":"drug","val":0},{"percent":0.0,"name":"drunk","val":0}]', 0, 0, 45, 1, NULL, '[]', NULL, NULL, 0, '{"owns":false,"furniture":[],"houseId":0}', '{}', '2683155', NULL),
	('ba426fddb01f60992a655c417ddd8268e828b6f5', NULL, '{"bank":50000,"money":0,"black_money":0}', 'mod', '[]', 'police', 23, '[]', '{"heading":278.4,"z":106.3,"y":218.1,"x":255.8}', 'عبدالله ', 'المصري', '11/01/2000', 'm', 200, '{"helmet_1":-1,"helmet_2":0,"glasses_2":0,"decals_1":0,"hair_color_2":0,"chain_1":0,"pants_2":0,"tshirt_2":0,"bproof_1":0,"bags_1":0,"ears_1":-1,"lipstick_3":0,"shoes_1":7,"torso_2":0,"beard_2":0,"eyebrows_4":0,"decals_2":0,"mask_1":0,"age_1":0,"shoes_2":0,"makeup_1":0,"hair_color_1":0,"makeup_2":0,"lipstick_1":0,"makeup_4":0,"beard_4":0,"eyebrows_1":0,"arms":0,"ears_2":0,"hair_1":73,"bags_2":0,"hair_2":0,"beard_3":0,"glasses_1":0,"eyebrows_3":0,"lipstick_4":0,"beard_1":0,"makeup_3":0,"tshirt_1":3,"sex":0,"age_2":0,"mask_2":0,"pants_1":24,"face":19,"chain_2":0,"torso_1":4,"eyebrows_2":0,"skin":2,"bproof_2":0,"lipstick_2":0}', '[{"percent":31.75,"val":317500,"name":"hunger"},{"percent":63.81250000000001,"val":638125,"name":"thirst"},{"percent":0.0,"val":0,"name":"drug"},{"percent":0.0,"val":0,"name":"drunk"},{"percent":0.0,"val":0,"name":"drunk"}]', 0, 0, 0, 1, NULL, '[]', NULL, NULL, 0, '{"owns":false,"furniture":[],"houseId":0}', '{}', '6066789', NULL),
	('c314232aad95cf1f573d5b953dad063d064c61e2', NULL, '{"bank":50000,"black_money":0,"money":0}', 'user', '[]', 'unemployed', 0, '[]', '{"heading":129.3,"x":-237.7,"y":-988.1,"z":29.3}', 'بردقوش', 'اينشتاين', '12/09/9999', 'm', 200, '{"age_2":0,"glasses_2":1,"skin":19,"eyebrows_2":0,"bags_2":0,"beard_2":0,"makeup_4":0,"ears_2":0,"helmet_2":5,"helmet_1":40,"pants_1":56,"tshirt_2":0,"eyebrows_1":0,"beard_4":0,"bags_1":0,"lipstick_3":0,"decals_2":0,"pants_2":4,"face":0,"sex":0,"age_1":0,"hair_1":10,"lipstick_1":0,"shoes_2":0,"hair_color_1":29,"makeup_3":0,"chain_1":0,"beard_3":0,"arms":0,"eyebrows_3":0,"chain_2":0,"ears_1":-1,"hair_2":5,"eyebrows_4":0,"decals_1":0,"mask_2":0,"glasses_1":7,"makeup_2":0,"lipstick_2":0,"makeup_1":0,"lipstick_4":0,"bproof_1":0,"torso_2":0,"hair_color_2":28,"bproof_2":0,"torso_1":0,"mask_1":0,"shoes_1":6,"tshirt_1":131,"beard_1":0}', '[{"name":"hunger","val":967600,"percent":96.76},{"name":"thirst","val":975700,"percent":97.57000000000001},{"name":"drunk","val":0,"percent":0.0},{"name":"drug","val":0,"percent":0.0},{"name":"drunk","val":0,"percent":0.0}]', 0, 0, 0, 1, NULL, '[]', NULL, NULL, 0, '{"owns":false,"furniture":[],"houseId":0}', '{}', '9385644', NULL),
	('c582bc94d756bdf8a64d8c385e68a0bade3a9b5f', NULL, '{"bank":48900,"black_money":0,"money":1999}', 'admin', '[]', 'admin', 2, '[]', '{"heading":181.4,"x":2189.8,"y":2885.4,"z":46.3}', 'موها', 'ابراهيم', '12/22/1989', 'm', 165, '{"hair_color_2":0,"decals_2":0,"eyebrows_2":10,"shoes_1":4,"beard_3":0,"beard_1":10,"age_2":10,"pants_1":6,"torso_2":0,"helmet_1":-1,"lipstick_3":0,"tshirt_1":15,"pants_2":0,"chain_2":0,"eyebrows_4":0,"bags_1":0,"hair_color_1":29,"hair_2":0,"makeup_2":0,"hair_1":45,"mask_1":0,"mask_2":0,"lipstick_2":0,"shoes_2":1,"glasses_2":7,"makeup_1":0,"tshirt_2":0,"bags_2":0,"ears_1":-1,"bproof_2":0,"lipstick_1":0,"beard_4":0,"eyebrows_3":0,"skin":1,"beard_2":10,"ears_2":0,"lipstick_4":0,"arms":0,"torso_1":34,"chain_1":0,"eyebrows_1":1,"sex":0,"makeup_4":0,"bproof_1":0,"makeup_3":0,"glasses_1":17,"decals_1":0,"helmet_2":0,"face":0,"age_1":12}', '[{"name":"hunger","val":290800,"percent":29.08},{"name":"thirst","val":530600,"percent":53.05999999999999},{"name":"drunk","val":0,"percent":0.0},{"name":"drug","val":0,"percent":0.0},{"name":"drunk","val":0,"percent":0.0}]', 0, 0, 105, 1, NULL, '[]', NULL, NULL, 0, '{"owns":false,"furniture":[],"houseId":0}', '{}', '9732614', NULL),
	('ce054c1e3d7ff65030f7dcf20a8996372da5238c', NULL, '{"bank":35400,"money":13600,"black_money":0}', 'user', '[]', 'unemployed', 0, '[]', '{"x":-153.7,"heading":118.5,"z":29.8,"y":-1387.4}', 'عبدالله', 'القحطانـي', '04/05/1995', 'm', 181, '{"age_2":0,"glasses_2":1,"skin":38,"eyebrows_2":10,"bags_2":0,"beard_2":10,"makeup_4":0,"ears_2":0,"helmet_2":1,"helmet_1":6,"decals_2":0,"tshirt_2":0,"chain_2":0,"eyebrows_1":1,"bags_1":0,"lipstick_3":0,"torso_2":2,"decals_1":0,"face":0,"mask_2":0,"age_1":0,"hair_1":19,"makeup_3":0,"shoes_2":0,"hair_color_1":0,"bproof_1":0,"sex":0,"beard_3":0,"hair_2":0,"eyebrows_3":0,"lipstick_2":0,"lipstick_1":0,"pants_2":0,"eyebrows_4":0,"arms":0,"hair_color_2":0,"glasses_1":5,"makeup_2":0,"bproof_2":0,"makeup_1":0,"lipstick_4":0,"ears_1":-1,"pants_1":4,"chain_1":0,"beard_4":0,"torso_1":26,"beard_1":10,"shoes_1":6,"tshirt_1":15,"mask_1":141}', '[{"name":"hunger","percent":91.3,"val":913000},{"name":"thirst","percent":93.475,"val":934750},{"name":"drunk","percent":0.0,"val":0},{"name":"drug","percent":0.0,"val":0},{"name":"drunk","percent":0.0,"val":0}]', 0, 0, 30, 1, NULL, '[]', NULL, NULL, 0, '{"owns":false,"furniture":[],"houseId":0}', '{}', '5358353', NULL),
	('d00de408834e034ba3b4dbc4745143223f752678', NULL, '{"bank":200,"money":48800,"black_money":0}', 'user', '[]', 'unemployed', 0, '[]', '{"x":-454.5,"heading":180.4,"z":29.3,"y":-1452.1}', 'ريان', 'أبو عبيدى', '05/02/1995', 'm', 185, '{"age_2":0,"glasses_2":0,"skin":0,"eyebrows_2":0,"bags_2":0,"beard_2":0,"makeup_2":0,"ears_2":0,"helmet_2":0,"helmet_1":-1,"ears_1":-1,"hair_2":0,"sex":0,"beard_4":0,"bags_1":0,"lipstick_3":0,"pants_2":2,"eyebrows_1":0,"face":45,"chain_1":0,"age_1":0,"hair_1":10,"lipstick_1":0,"decals_2":0,"hair_color_1":0,"tshirt_2":0,"mask_1":0,"beard_3":0,"makeup_3":0,"eyebrows_3":0,"makeup_4":0,"pants_1":10,"lipstick_2":0,"eyebrows_4":0,"decals_1":0,"hair_color_2":0,"glasses_1":0,"torso_2":9,"bproof_2":0,"makeup_1":0,"lipstick_4":0,"bproof_1":0,"mask_2":0,"arms":4,"chain_2":0,"torso_1":24,"shoes_2":0,"shoes_1":7,"tshirt_1":10,"beard_1":0}', '[{"percent":92.28,"name":"hunger","val":922800},{"percent":94.21000000000001,"name":"thirst","val":942100},{"percent":0.0,"name":"drunk","val":0},{"percent":0.0,"name":"drug","val":0},{"percent":0.0,"name":"drunk","val":0}]', 0, 0, 15, 1, NULL, '[]', NULL, NULL, 0, '{"owns":false,"furniture":[],"houseId":0}', '{}', '8842090', NULL),
	('d17d32740a3a51a75c16592672ba6f69bcdca200', NULL, '{"bank":50400,"black_money":0,"money":-550}', 'user', '[]', 'ambulance', 0, '[]', '{"heading":141.4,"x":301.4,"y":-598.8,"z":43.3}', 'محمد', 'بن خليفة', '08/08/1995', 'm', 182, '{"age_2":0,"glasses_2":1,"skin":10,"eyebrows_2":0,"bags_2":-1,"pants_2":2,"makeup_2":0,"ears_2":0,"helmet_2":0,"helmet_1":0,"shoes_2":0,"tshirt_2":0,"beard_4":0,"sex":0,"bags_1":0,"lipstick_3":0,"makeup_4":0,"chain_1":0,"face":0,"mask_2":0,"age_1":0,"hair_1":75,"makeup_3":0,"pants_1":83,"hair_color_1":0,"hair_2":0,"beard_2":10,"beard_3":0,"lipstick_2":0,"eyebrows_3":0,"ears_1":-1,"arms":5,"decals_2":0,"eyebrows_4":0,"decals_1":0,"hair_color_2":0,"glasses_1":7,"lipstick_1":0,"torso_2":5,"makeup_1":0,"lipstick_4":0,"bproof_1":0,"chain_2":0,"bproof_2":0,"eyebrows_1":0,"torso_1":36,"beard_1":5,"shoes_1":0,"tshirt_1":15,"mask_1":0}', '[{"name":"hunger","val":918300,"percent":91.83},{"name":"thirst","val":938725,"percent":93.8725},{"name":"drunk","val":0,"percent":0.0},{"name":"drug","val":0,"percent":0.0},{"name":"drunk","val":0,"percent":0.0}]', 0, 0, 50, 1, NULL, '[]', NULL, NULL, 0, '{"owns":false,"furniture":[],"houseId":0}', '{}', '1984716', NULL),
	('d44e113cb9ac9a66faaf69fdf92132df9681df4b', NULL, '{"bank":50200,"black_money":0,"money":0}', 'user', '[]', 'unemployed', 0, '[]', '{"heading":182.8,"x":-256.5,"y":-987.3,"z":31.2}', 'ابو الكرم', 'القريشي', '09/09/2001', 'm', 180, '{"age_2":0,"skin":0,"eyebrows_2":0,"bags_2":0,"beard_2":10,"makeup_2":0,"ears_2":0,"helmet_2":0,"helmet_1":-1,"tshirt_2":0,"pants_2":0,"beard_4":0,"bags_1":0,"lipstick_3":0,"bproof_1":0,"beard_1":18,"face":4,"chain_1":0,"age_1":0,"hair_1":38,"lipstick_1":0,"pants_1":128,"hair_color_1":0,"chain_2":0,"makeup_3":0,"beard_3":0,"lipstick_2":0,"eyebrows_3":0,"decals_2":0,"eyebrows_1":-1,"bproof_2":0,"eyebrows_4":0,"decals_1":0,"hair_color_2":0,"glasses_1":0,"mask_2":-1,"torso_2":0,"makeup_1":0,"lipstick_4":0,"ears_1":0,"shoes_2":0,"sex":0,"hair_2":0,"torso_1":223,"arms":2,"makeup_4":0,"tshirt_1":15,"mask_1":0}', '[{"name":"hunger","val":946300,"percent":94.63000000000001},{"name":"thirst","val":959725,"percent":95.97250000000001},{"name":"drunk","val":0,"percent":0.0},{"name":"drug","val":0,"percent":0.0},{"name":"drunk","val":0,"percent":0.0}]', 0, 0, 15, 1, NULL, '[]', NULL, NULL, 0, '{"owns":false,"furniture":[],"houseId":0}', '{}', '2566594', NULL),
	('d9de52bb7daa02095af111c5a1d7ef6f98529ab9', NULL, '{"bank":53600,"money":-300,"black_money":0}', 'admin', '[]', 'admin', 3, '[]', '{"x":458.2,"heading":37.4,"z":30.7,"y":-997.5}', 'الـعـمده', 'مـحـمـد', '01/01/1994', 'm', 179, '{"age_2":0,"glasses_2":4,"skin":19,"eyebrows_2":0,"bags_2":0,"pants_2":0,"makeup_4":-1,"ears_2":0,"helmet_2":0,"helmet_1":4,"eyebrows_1":0,"hair_2":0,"lipstick_1":0,"beard_4":0,"chain_1":1,"lipstick_3":0,"ears_1":0,"bags_1":0,"face":0,"beard_2":10,"age_1":0,"hair_1":14,"makeup_3":0,"pants_1":69,"hair_color_1":0,"makeup_2":0,"torso_2":0,"beard_3":0,"tshirt_2":0,"eyebrows_3":0,"bproof_2":0,"chain_2":0,"beard_1":18,"eyebrows_4":0,"arms":61,"hair_color_2":0,"glasses_1":5,"decals_2":0,"lipstick_2":0,"makeup_1":0,"lipstick_4":0,"bproof_1":0,"shoes_2":0,"decals_1":0,"mask_2":0,"torso_1":62,"sex":0,"shoes_1":6,"tshirt_1":15,"mask_1":0}', '[{"percent":84.03,"name":"hunger","val":840300},{"percent":88.02250000000001,"name":"thirst","val":880225},{"percent":0.0,"name":"drunk","val":0},{"percent":0.0,"name":"drug","val":0},{"percent":0.0,"name":"drunk","val":0}]', 0, 0, 105, 1, NULL, '[]', NULL, NULL, 0, '{"owns":false,"furniture":[],"houseId":0}', '{}', '5827081', NULL),
	('df992107859e130f5dc0dc8a62d50a8e587b19bc', NULL, '{"bank":52799,"black_money":0,"money":0}', 'superadmin', '[]', 'admin', 4, '[]', '{"z":37.8,"y":-253.6,"x":-1084.4,"heading":143.6}', 'أبـــو ', 'مؤيـــــد', '09/17/1992', 'm', 200, '{"hair_color_2":29,"bproof_2":0,"eyebrows_2":0,"shoes_1":10,"beard_3":29,"lipstick_4":0,"age_2":10,"pants_1":10,"sex":0,"helmet_1":-1,"lipstick_3":0,"tshirt_1":15,"pants_2":0,"chain_2":0,"eyebrows_4":0,"bags_1":0,"hair_color_1":29,"hair_2":2,"makeup_2":0,"makeup_4":0,"lipstick_2":0,"hair_1":2,"beard_1":10,"glasses_1":0,"glasses_2":0,"makeup_1":0,"torso_1":42,"bags_2":0,"ears_1":-1,"lipstick_1":0,"eyebrows_3":0,"beard_4":29,"mask_2":0,"skin":5,"beard_2":10,"torso_2":0,"shoes_2":0,"arms":11,"mask_1":0,"chain_1":0,"eyebrows_1":0,"decals_2":0,"decals_1":0,"bproof_1":0,"makeup_3":0,"tshirt_2":0,"ears_2":0,"helmet_2":0,"face":0,"age_1":14}', '[{"val":0,"percent":0.0,"name":"drunk"},{"val":0,"percent":0.0,"name":"drug"},{"val":863600,"percent":86.36,"name":"hunger"},{"val":897700,"percent":89.77000000000001,"name":"thirst"},{"val":0,"percent":0.0,"name":"drunk"}]', 0, 0, 140, 1, NULL, '[]', NULL, NULL, 0, '{"owns":false,"furniture":[],"houseId":0}', '{}', NULL, NULL),
	('e5586b1ebc6df3477de5446eb97fdd8b874a9eed', NULL, '{"bank":50200,"black_money":0,"money":0}', 'user', '[]', 'unemployed', 0, '[]', '{"heading":219.5,"x":-258.1,"y":-977.0,"z":31.2}', 'يحيى', 'براهم', '11/11/1999', 'm', 140, '{"age_2":0,"glasses_2":0,"skin":0,"eyebrows_2":0,"bags_2":0,"pants_2":0,"makeup_2":0,"ears_2":0,"helmet_2":0,"helmet_1":-1,"chain_2":0,"hair_2":0,"decals_1":0,"eyebrows_1":0,"chain_1":0,"lipstick_3":0,"torso_2":0,"beard_4":0,"face":0,"pants_1":0,"age_1":0,"hair_1":0,"makeup_3":0,"shoes_2":0,"hair_color_1":0,"beard_2":0,"mask_2":0,"beard_3":0,"decals_2":0,"eyebrows_3":0,"lipstick_2":0,"tshirt_2":0,"beard_1":0,"eyebrows_4":0,"arms":0,"hair_color_2":0,"glasses_1":0,"lipstick_1":0,"bproof_2":0,"makeup_1":0,"lipstick_4":0,"bproof_1":0,"sex":0,"ears_1":-1,"makeup_4":0,"torso_1":0,"bags_1":0,"shoes_1":0,"tshirt_1":0,"mask_1":0}', '[{"name":"hunger","val":985200,"percent":98.52},{"name":"thirst","val":988900,"percent":98.89},{"name":"drunk","val":0,"percent":0.0},{"name":"drug","val":0,"percent":0.0},{"name":"drunk","val":0,"percent":0.0}]', 0, 0, 0, 1, NULL, '[]', NULL, NULL, 0, '{"owns":false,"furniture":[],"houseId":0}', '{}', '1841456', NULL),
	('e56fffa074d793c3cf89a3b46e2e0d93b213bd1f', NULL, '{"bank":50500,"money":0,"black_money":0}', 'admin', '[]', 'slaughterer', 0, '[]', '{"x":-85.8,"z":31.3,"heading":50.8,"y":6292.2}', 'أبـو', 'مـشـاري', '04/21/1997', 'm', 195, '{"makeup_4":0,"sex":0,"glasses_2":4,"decals_1":0,"hair_color_2":0,"chain_1":0,"eyebrows_1":0,"tshirt_2":1,"bproof_1":0,"skin":5,"pants_1":26,"lipstick_3":0,"shoes_1":12,"torso_2":1,"beard_2":10,"eyebrows_4":0,"decals_2":0,"mask_1":0,"age_1":0,"shoes_2":0,"makeup_1":0,"hair_color_1":29,"makeup_2":0,"lipstick_1":0,"lipstick_4":0,"beard_4":0,"helmet_2":0,"hair_1":10,"ears_2":0,"ears_1":0,"eyebrows_3":0,"hair_2":0,"helmet_1":-1,"beard_1":10,"bags_1":0,"bproof_2":0,"glasses_1":5,"makeup_3":0,"tshirt_1":6,"eyebrows_2":0,"age_2":0,"bags_2":0,"beard_3":29,"face":44,"chain_2":0,"torso_1":11,"pants_2":4,"mask_2":0,"arms":26,"lipstick_2":0}', '[{"name":"hunger","percent":23.41,"val":234100},{"name":"thirst","percent":42.5575,"val":425575},{"name":"drunk","percent":0.0,"val":0},{"name":"drug","percent":0.0,"val":0},{"name":"drunk","percent":0.0,"val":0}]', 0, 0, 15, 1, NULL, '[]', NULL, NULL, 0, '{"owns":false,"furniture":[],"houseId":0}', '{}', '5861437', NULL),
	('e9dd8335969fc6f64ba1f9881d8c564aa32b4f51', NULL, '{"bank":50400,"money":-300,"black_money":0}', 'user', '[]', 'unemployed', 0, '[]', '{"x":94.8,"heading":40.0,"z":29.2,"y":-1398.8}', 'سلفكس', 'جونيور', '06/03/2000', 'm', 175, NULL, '[{"name":"hunger","percent":89.31,"val":893100},{"name":"thirst","percent":91.9825,"val":919825},{"name":"drunk","percent":0.0,"val":0},{"name":"drug","percent":0.0,"val":0},{"name":"drunk","percent":0.0,"val":0}]', 0, 0, 30, 1, NULL, '[]', NULL, NULL, 0, '{"owns":false,"furniture":[],"houseId":0}', '{}', '9559179', NULL),
	('f335ad727aa3f12fc9e0bb4709689edc01af0b01', NULL, '{"bank":50000,"money":0,"black_money":0}', 'admin', '[]', 'admin', 3, '[]', '{"heading":274.3,"z":106.3,"y":218.3,"x":255.0}', 'اراس ', 'كوشوفالي', '01/01/1999', 'm', 180, '{"hair_color_2":3,"decals_2":0,"eyebrows_2":0,"shoes_1":1,"beard_3":0,"beard_1":10,"torso_1":330,"pants_1":4,"torso_2":0,"helmet_1":143,"lipstick_3":0,"ears_2":0,"pants_2":0,"chain_2":0,"makeup_4":0,"bags_1":0,"hair_color_1":0,"hair_2":2,"makeup_2":0,"lipstick_2":0,"mask_2":0,"tshirt_2":0,"bproof_2":0,"glasses_2":1,"makeup_1":0,"age_2":0,"bags_2":0,"shoes_2":0,"eyebrows_3":19,"lipstick_4":0,"beard_4":11,"lipstick_1":0,"skin":0,"beard_2":10,"tshirt_1":15,"hair_1":11,"arms":19,"eyebrows_4":0,"chain_1":1,"eyebrows_1":0,"decals_1":0,"mask_1":0,"bproof_1":0,"makeup_3":0,"glasses_1":5,"sex":0,"helmet_2":0,"face":0,"age_1":0}', '[{"percent":28.54999999999999,"val":285500,"name":"hunger"},{"percent":46.4125,"val":464125,"name":"thirst"},{"percent":0.0,"val":0,"name":"drug"},{"percent":0.0,"val":0,"name":"drunk"},{"percent":0.0,"val":0,"name":"drunk"}]', 0, 0, 0, 1, NULL, '[]', NULL, NULL, 0, '{"owns":false,"furniture":[],"houseId":0}', '{}', '1723053', '[{"texture":1,"collection":"mpbiker_overlays"},{"texture":12,"collection":"mphipster_overlays"}]');
/*!40000 ALTER TABLE `users` ENABLE KEYS */;

-- Dumping structure for table es_extended.user_licenses
CREATE TABLE IF NOT EXISTS `user_licenses` (
  `id` int(11) NOT NULL AUTO_INCREMENT,
  `type` varchar(60) NOT NULL,
  `owner` varchar(40) NOT NULL,
  PRIMARY KEY (`id`)
) ENGINE=InnoDB AUTO_INCREMENT=242 DEFAULT CHARSET=utf8;

-- Dumping data for table es_extended.user_licenses: ~27 rows (approximately)
/*!40000 ALTER TABLE `user_licenses` DISABLE KEYS */;
INSERT INTO `user_licenses` (`id`, `type`, `owner`) VALUES
	(183, 'dmv', 'e56fffa074d793c3cf89a3b46e2e0d93b213bd1f'),
	(184, 'dmv', 'c582bc94d756bdf8a64d8c385e68a0bade3a9b5f'),
	(185, 'drive', 'c582bc94d756bdf8a64d8c385e68a0bade3a9b5f'),
	(186, 'dmv', '437f738fe8eae3ecafc37a04f13fd8e2fe8e7730'),
	(187, 'drive', 'e56fffa074d793c3cf89a3b46e2e0d93b213bd1f'),
	(188, 'dmv', '28fadca751c8eac586c3946c4216f128982ccf5e'),
	(189, 'drive', '437f738fe8eae3ecafc37a04f13fd8e2fe8e7730'),
	(190, 'drive', '28fadca751c8eac586c3946c4216f128982ccf5e'),
	(191, 'drive_bike', '437f738fe8eae3ecafc37a04f13fd8e2fe8e7730'),
	(192, 'drive_truck', 'e56fffa074d793c3cf89a3b46e2e0d93b213bd1f'),
	(193, 'drive_truck', '437f738fe8eae3ecafc37a04f13fd8e2fe8e7730'),
	(194, 'drive_bike', 'e56fffa074d793c3cf89a3b46e2e0d93b213bd1f'),
	(195, 'dmv', '0904a9e573ae8d49f3a40fe7608426a462611ff3'),
	(196, 'dmv', '7ff62c8a8826eebf58ebca29988b095224bc546e'),
	(197, 'dmv', '2d13c1e7cd62700344f30edd12333c479332d836'),
	(198, 'drive', '0904a9e573ae8d49f3a40fe7608426a462611ff3'),
	(199, 'weapon', 'ba426fddb01f60992a655c417ddd8268e828b6f5'),
	(200, 'drive_boat', 'ba426fddb01f60992a655c417ddd8268e828b6f5'),
	(201, 'dmv', 'ba426fddb01f60992a655c417ddd8268e828b6f5'),
	(202, 'drive', '2d13c1e7cd62700344f30edd12333c479332d836'),
	(203, 'drive', '7ff62c8a8826eebf58ebca29988b095224bc546e'),
	(204, 'dmv', 'f335ad727aa3f12fc9e0bb4709689edc01af0b01'),
	(205, 'drive', 'f335ad727aa3f12fc9e0bb4709689edc01af0b01'),
	(206, 'drive', 'ba426fddb01f60992a655c417ddd8268e828b6f5'),
	(207, 'drive_bike', 'f335ad727aa3f12fc9e0bb4709689edc01af0b01'),
	(208, 'drive_truck', 'f335ad727aa3f12fc9e0bb4709689edc01af0b01'),
	(209, 'dmv', '4919f92f6113d18b5222053cec77c9211a56b73b'),
	(210, 'dmv', '7ff0ae023be24eddccc38f4f453caa97802ca105'),
	(211, 'drive', '7ff0ae023be24eddccc38f4f453caa97802ca105'),
	(212, 'drive_bike', '7ff0ae023be24eddccc38f4f453caa97802ca105'),
	(214, 'weapon', '7ff0ae023be24eddccc38f4f453caa97802ca105'),
	(217, 'drive_aircraft', '7ff0ae023be24eddccc38f4f453caa97802ca105'),
	(219, 'drive_boat', '7ff0ae023be24eddccc38f4f453caa97802ca105'),
	(220, 'drive_truck', '7ff0ae023be24eddccc38f4f453caa97802ca105'),
	(221, 'drive_truck', 'c582bc94d756bdf8a64d8c385e68a0bade3a9b5f'),
	(222, 'drive_aircraft', 'c582bc94d756bdf8a64d8c385e68a0bade3a9b5f'),
	(223, 'drive_boat', 'c582bc94d756bdf8a64d8c385e68a0bade3a9b5f'),
	(224, 'weapon', 'c582bc94d756bdf8a64d8c385e68a0bade3a9b5f'),
	(225, 'dmv', 'df992107859e130f5dc0dc8a62d50a8e587b19bc'),
	(226, 'drive', 'df992107859e130f5dc0dc8a62d50a8e587b19bc'),
	(227, 'dmv', '7ae83c596ed7ec19b585fa898d51819832768397'),
	(228, 'drive', '7ae83c596ed7ec19b585fa898d51819832768397'),
	(229, 'dmv', '9347564f07320e49b1b4d68218267865ca50928c'),
	(230, 'dmv', '4c84414c4afa7238176110f5fa92fbc5a1e8c77c'),
	(231, 'dmv', '4c84414c4afa7238176110f5fa92fbc5a1e8c77c'),
	(232, 'dmv', '0e9199b284192a1afd456555501da6ecd0dce12a'),
	(233, 'dmv', 'd00de408834e034ba3b4dbc4745143223f752678'),
	(234, 'dmv', 'ce054c1e3d7ff65030f7dcf20a8996372da5238c'),
	(235, 'dmv', '2f0c8ce1d372a5bdd6b3dce156b27dada353a157'),
	(236, 'dmv', '13b09e49f0a916885ae61556e94f722af4d9b4a5'),
	(237, 'drive', '4c84414c4afa7238176110f5fa92fbc5a1e8c77c'),
	(238, 'dmv', '13b09e49f0a916885ae61556e94f722af4d9b4a5'),
	(239, 'drive', '0e9199b284192a1afd456555501da6ecd0dce12a'),
	(240, 'drive', 'ce054c1e3d7ff65030f7dcf20a8996372da5238c'),
	(241, 'drive', 'd00de408834e034ba3b4dbc4745143223f752678');
/*!40000 ALTER TABLE `user_licenses` ENABLE KEYS */;

-- Dumping structure for table es_extended.user_races
CREATE TABLE IF NOT EXISTS `user_races` (
  `username` varchar(50) NOT NULL,
  `racetime` varchar(50) NOT NULL,
  `race` varchar(50) NOT NULL
) ENGINE=InnoDB DEFAULT CHARSET=utf8;

-- Dumping data for table es_extended.user_races: ~0 rows (approximately)
/*!40000 ALTER TABLE `user_races` DISABLE KEYS */;
/*!40000 ALTER TABLE `user_races` ENABLE KEYS */;

-- Dumping structure for table es_extended.vehicles
CREATE TABLE IF NOT EXISTS `vehicles` (
  `name` varchar(60) NOT NULL,
  `model` varchar(60) NOT NULL,
  `price` int(11) NOT NULL,
  `category` varchar(60) DEFAULT NULL,
  `level` int(11) DEFAULT 1,
  PRIMARY KEY (`model`)
) ENGINE=InnoDB DEFAULT CHARSET=utf8;

-- Dumping data for table es_extended.vehicles: ~0 rows (approximately)
/*!40000 ALTER TABLE `vehicles` DISABLE KEYS */;
/*!40000 ALTER TABLE `vehicles` ENABLE KEYS */;

-- Dumping structure for table es_extended.vehicles_for_sale
CREATE TABLE IF NOT EXISTS `vehicles_for_sale` (
  `id` int(11) NOT NULL AUTO_INCREMENT,
  `seller` varchar(50) NOT NULL,
  `vehicleProps` longtext NOT NULL,
  `price` int(11) NOT NULL DEFAULT 0,
  `info` text NOT NULL DEFAULT 'لاشيء',
  `name` longtext NOT NULL,
  `priceold` int(11) NOT NULL DEFAULT 0,
  `levelold` int(11) NOT NULL DEFAULT 0,
  `category` longtext NOT NULL,
  `modelname` longtext NOT NULL,
  PRIMARY KEY (`id`)
) ENGINE=InnoDB AUTO_INCREMENT=138 DEFAULT CHARSET=utf8;

-- Dumping data for table es_extended.vehicles_for_sale: ~0 rows (approximately)
/*!40000 ALTER TABLE `vehicles_for_sale` DISABLE KEYS */;
/*!40000 ALTER TABLE `vehicles_for_sale` ENABLE KEYS */;

-- Dumping structure for table es_extended.vehicle_categories
CREATE TABLE IF NOT EXISTS `vehicle_categories` (
  `name` varchar(60) NOT NULL,
  `label` varchar(60) NOT NULL,
  PRIMARY KEY (`name`)
) ENGINE=InnoDB DEFAULT CHARSET=utf8;

-- Dumping data for table es_extended.vehicle_categories: ~11 rows (approximately)
/*!40000 ALTER TABLE `vehicle_categories` DISABLE KEYS */;
INSERT INTO `vehicle_categories` (`name`, `label`) VALUES
	('a', 'حمولة 40 كجم'),
	('b', 'حمولة 60 كجم'),
	('c', 'حمولة 80 كجم'),
	('d', 'حمولة 120 كجم'),
	('f5mh', 'فخمة'),
	('sedans', 'سيدان'),
	('sports', 'سبورت'),
	('sportsclassics', 'كلاسيك'),
	('super', 'سوبر'),
	('suvs', 'كبير'),
	('zmotorcycles', 'دراجة نارية');
/*!40000 ALTER TABLE `vehicle_categories` ENABLE KEYS */;

-- Dumping structure for table es_extended.vehicle_sold
CREATE TABLE IF NOT EXISTS `vehicle_sold` (
  `client` varchar(50) NOT NULL,
  `model` varchar(50) NOT NULL,
  `plate` varchar(50) NOT NULL,
  `soldby` varchar(50) NOT NULL,
  `date` varchar(50) NOT NULL,
  PRIMARY KEY (`plate`)
) ENGINE=InnoDB DEFAULT CHARSET=utf8;

-- Dumping data for table es_extended.vehicle_sold: ~0 rows (approximately)
/*!40000 ALTER TABLE `vehicle_sold` DISABLE KEYS */;
/*!40000 ALTER TABLE `vehicle_sold` ENABLE KEYS */;

-- Dumping structure for table es_extended.veh_km
CREATE TABLE IF NOT EXISTS `veh_km` (
  `carplate` varchar(10) NOT NULL,
  `km` varchar(255) NOT NULL DEFAULT '0',
  `state` int(1) NOT NULL DEFAULT 0,
  `reset` int(1) NOT NULL DEFAULT 0,
  PRIMARY KEY (`carplate`),
  UNIQUE KEY `carplate` (`carplate`),
  KEY `carplate_2` (`carplate`)
) ENGINE=InnoDB DEFAULT CHARSET=utf8;

-- Dumping data for table es_extended.veh_km: ~2,512 rows (approximately)
/*!40000 ALTER TABLE `veh_km` DISABLE KEYS */;
INSERT INTO `veh_km` (`carplate`, `km`, `state`, `reset`) VALUES
	('00BED347', '0', 0, 0),
	('00BVZ317', '0', 0, 0),
	('00FJL484', '0', 0, 0),
	('00GPL239', '0', 0, 0),
	('00HBT495', '0', 0, 0),
	('00JCU204', '0', 0, 0),
	('00LYZ429', '0', 0, 0),
	('00MTC680', '0', 0, 0),
	('00NNF200', '0', 0, 0),
	('00PTN042', '0', 0, 0),
	('00QNT166', '0', 0, 0),
	('00QTQ418', '0', 0, 0),
	('00TXV144', '0', 0, 0),
	('01AJG844', '0', 0, 0),
	('01BHX074', '0', 0, 0),
	('01DFC140', '0', 0, 0),
	('01ESW047', '0', 0, 0),
	('01FDS766', '0', 0, 0),
	('01GBL623', '0', 0, 0),
	('01HUZ547', '0', 0, 0),
	('01MJV498', '0', 0, 0),
	('01NHR130', '0', 0, 0),
	('01ODY246', '0', 0, 0),
	('01PSY514', '0', 0, 0),
	('01PTK647', '0', 0, 0),
	('01SJZ890', '107.78768415539525', 0, 0),
	('01XGQ294', '0', 0, 0),
	('01YHM891', '0', 0, 0),
	('01YUR917', '0', 0, 0),
	('02ADV132', '0', 0, 0),
	('02ANO553', '0', 0, 0),
	('02JWH335', '0', 0, 0),
	('02PFO807', '0', 0, 0),
	('02SIE311', '0', 0, 0),
	('02WEH156', '3190.3049724234734', 0, 0),
	('03BOQ723', '0', 0, 0),
	('03BVK268', '0', 0, 0),
	('03FLI610', '0', 0, 0),
	('03LJW319', '1.5703621888533235', 0, 0),
	('03QJN282', '0', 0, 0),
	('03SOD205', '0', 0, 0),
	('03XQF811', '0', 0, 0),
	('04ACH304', '0', 0, 0),
	('04BQZ998', '0', 0, 0),
	('04DKZ143', '0', 0, 0),
	('04DRP526', '0', 0, 0),
	('04GNP894', '0', 0, 0),
	('04HON156', '0', 0, 0),
	('04IHQ544', '0', 0, 0),
	('04LKO129', '4216.596770135511', 0, 0),
	('04OON035', '0', 0, 0),
	('04SAF366', '0', 0, 0),
	('04UYG248', '0', 0, 0),
	('04YTE645', '0', 0, 0),
	('05AAN709', '0', 0, 0),
	('05AOI518', '0', 0, 0),
	('05BSG031', '0', 0, 0),
	('05CVG557', '0', 0, 0),
	('05KWO915', '0', 0, 0),
	('05OBK875', '0', 0, 0),
	('05OIJ036', '0', 0, 0),
	('05OVG686', '0', 0, 0),
	('05TGK463', '302.68531931587495', 0, 0),
	('05TLE998', '0', 0, 0),
	('06DOR678', '0', 0, 0),
	('06HCA794', '0', 0, 0),
	('06IEP983', '0', 0, 0),
	('06JQB406', '262.173964003101', 0, 0),
	('06KJJ609', '0', 0, 0),
	('06KMN732', '0', 0, 0),
	('06MBX726', '0', 0, 0),
	('06NMT246', '244.92209243774414', 0, 0),
	('06NMZ905', '0', 0, 0),
	('06PYK855', '0', 0, 0),
	('06SUI113', '0', 0, 0),
	('06UTL267', '0', 0, 0),
	('06VHJ277', '0', 0, 0),
	('07VBD769', '4287.6448320013005', 0, 0),
	('07WKO359', '0', 0, 0),
	('07ZLF656', '1370.8631171659508', 0, 0),
	('08EKT980', '2568.3577647572965', 0, 0),
	('08GOY459', '0', 0, 0),
	('08HAS264', '0', 0, 0),
	('08IVP724', '0', 0, 0),
	('08MPI164', '0', 0, 0),
	('08TAJ126', '1580.557900155778', 0, 0),
	('08TSX009', '0', 0, 0),
	('08WHK671', '0', 0, 0),
	('09DSG390', '0', 0, 0),
	('09DYJ492', '0', 0, 0),
	('09EER360', '4151.9872482794235', 0, 0),
	('09GCO330', '0', 0, 0),
	('09GYU164', '0', 0, 0),
	('09JCU933', '0', 0, 0),
	('09JHK112', '0', 0, 0),
	('09KXO837', '45.217765145003796', 0, 0),
	('09OPU757', '0', 0, 0),
	('09RPZ486', '0', 0, 0),
	('09STW919', '0', 0, 0),
	('09VPU156', '0', 0, 0),
	('09WQO667', '0', 0, 0),
	('20AIT251', '0', 0, 0),
	('20BTV041', '0', 0, 0),
	('20DBL627', '0', 0, 0),
	('20DDU663', '0', 0, 0),
	('20GEW274', '0', 0, 0),
	('20LFK014', '0', 0, 0),
	('20NEB774', '0', 0, 0),
	('20PAT131', '0', 0, 0),
	('20RCI716', '0', 0, 0),
	('21AIU960', '0', 0, 0),
	('21CGX646', '0', 0, 0),
	('21CXN769', '0', 0, 0),
	('21KNC363', '0', 0, 0),
	('21RSI790', '0', 0, 0),
	('21SRS243', '2949.7610323148547', 0, 0),
	('21UDY748', '0', 0, 0),
	('21VRB761', '0', 0, 0),
	('21XVE753', '0', 0, 0),
	('21YHU002', '0', 0, 0),
	('21YSC560', '0', 0, 0),
	('22CDN528', '0', 0, 0),
	('22CEE350', '0', 0, 0),
	('22ESF065', '0', 0, 0),
	('22MHY343', '0', 0, 0),
	('22OMO815', '0', 0, 0),
	('22PPY295', '0', 0, 0),
	('22SRZ565', '0', 0, 0),
	('22UPP719', '0', 0, 0),
	('22VEF720', '0', 0, 0),
	('22WUD630', '0', 0, 0),
	('22XBJ908', '0', 0, 0),
	('22XVG696', '0', 0, 0),
	('22YJT834', '383.07907235622406', 0, 0),
	('22YOP166', '0', 0, 0),
	('22ZBP961', '0', 0, 0),
	('23AUS818', '0', 0, 0),
	('23HOS192', '0', 0, 0),
	('23JJH581', '0', 0, 0),
	('23JTH215', '0', 0, 0),
	('23JZP277', '0', 0, 0),
	('23OTM674', '0', 0, 0),
	('23PJS797', '0', 0, 0),
	('23SWY497', '0', 0, 0),
	('23XWZ959', '0', 0, 0),
	('24KFS841', '0', 0, 0),
	('24MNS979', '0', 0, 0),
	('24MXR311', '0', 0, 0),
	('24NIP139', '0', 0, 0),
	('24OWL214', '0', 0, 0),
	('24QHF363', '0', 0, 0),
	('24RDO803', '0', 0, 0),
	('24URR255', '0', 0, 0),
	('25CLN507', '0', 0, 0),
	('25GXJ076', '0', 0, 0),
	('25KWI844', '0', 0, 0),
	('25MQT822', '2999.009737096727', 0, 0),
	('25NEU726', '0', 0, 0),
	('25PSQ133', '0', 0, 0),
	('25QYV928', '0', 0, 0),
	('25RQM954', '4280.686105995905', 0, 0),
	('25RTL328', '0', 0, 0),
	('25TWW554', '0', 0, 0),
	('25XOW384', '0', 0, 0),
	('25ZOL921', '0', 0, 0),
	('26CCA892', '0', 0, 0),
	('26CLQ840', '0', 0, 0),
	('26ECW721', '0', 0, 0),
	('26FVX838', '0', 0, 0),
	('26GNL052', '73.54600477218628', 0, 0),
	('26KMS138', '0', 0, 0),
	('26KWP465', '0', 0, 0),
	('26PRT934', '0', 0, 0),
	('26PXT769', '0', 0, 0),
	('26PZH761', '0', 0, 0),
	('26RXM913', '0', 0, 0),
	('26UGA952', '0', 0, 0),
	('26UWA437', '0', 0, 0),
	('26UXU357', '453.39731896691956', 0, 0),
	('26YQM293', '0', 0, 0),
	('26YZV727', '0', 0, 0),
	('26ZYK885', '0', 0, 0),
	('27BGA090', '0', 0, 0),
	('27FXT590', '0', 0, 0),
	('27KTL886', '0', 0, 0),
	('27MNF820', '0', 0, 0),
	('27NTX501', '0', 0, 0),
	('27NYD617', '0', 0, 0),
	('27SGO480', '0', 0, 0),
	('27WTC200', '0', 0, 0),
	('27XZI759', '0', 0, 0),
	('27XZU731', '0', 0, 0),
	('27YTL657', '0', 0, 0),
	('27ZSU533', '0', 0, 0),
	('28BGZ738', '0', 0, 0),
	('28JKQ441', '0', 0, 0),
	('28LBB271', '0', 0, 0),
	('28MCK257', '0', 0, 0),
	('28OTS547', '0', 0, 0),
	('28QOS173', '0', 0, 0),
	('28YHV999', '0', 0, 0),
	('28ZIY956', '0', 0, 0),
	('29EXA220', '0', 0, 0),
	('29IPC196', '0', 0, 0),
	('29LKX498', '0', 0, 0),
	('29MEG939', '0', 0, 0),
	('29NDJ061', '0.007119521964341402', 0, 0),
	('29OCU234', '0', 0, 0),
	('29OZM492', '0', 0, 0),
	('29QGE933', '0', 0, 0),
	('29RXD753', '0', 0, 0),
	('29VAS864', '0', 0, 0),
	('29XII540', '0', 0, 0),
	('40AUO905', '0', 0, 0),
	('40CCA318', '0', 0, 0),
	('40EDH298', '0', 0, 0),
	('40FJL389', '0', 0, 0),
	('40FWL732', '0', 0, 0),
	('40JBR099', '0', 0, 0),
	('40JKZ908', '0', 0, 0),
	('40LYS607', '0', 0, 0),
	('40NWP788', '0', 0, 0),
	('40PUN509', '0', 0, 0),
	('40TSB564', '0', 0, 0),
	('40VUQ545', '0', 0, 0),
	('40YLS820', '0', 0, 0),
	('41ARM605', '0', 0, 0),
	('41DYN369', '0', 0, 0),
	('41JYH138', '0', 0, 0),
	('41KBJ066', '0', 0, 0),
	('41PYI391', '0', 0, 0),
	('41ROX524', '0', 0, 0),
	('41SAF781', '0', 0, 0),
	('41SNG301', '0', 0, 0),
	('41VQS247', '0', 0, 0),
	('41WTT808', '0', 0, 0),
	('41XZF263', '0', 0, 0),
	('41YTN535', '0', 0, 0),
	('41ZDK565', '0', 0, 0),
	('41ZLY593', '7279.521249737634', 0, 0),
	('42AVR354', '0', 0, 0),
	('42BBB824', '0', 0, 0),
	('42BGQ357', '0', 0, 0),
	('42GYT215', '0', 0, 0),
	('42ICE421', '0', 0, 0),
	('42INO088', '0', 0, 0),
	('42IVL431', '0', 0, 0),
	('42JHU301', '0', 0, 0),
	('42KAR438', '0', 0, 0),
	('42MHY605', '0', 0, 0),
	('42QBK561', '0', 0, 0),
	('42SBR400', '0', 0, 0),
	('42SRT055', '0', 0, 0),
	('42SSN046', '0', 0, 0),
	('42TKH478', '0', 0, 0),
	('42YOR215', '0', 0, 0),
	('43ATY706', '0', 0, 0),
	('43EKO487', '0', 0, 0),
	('43EXX958', '0', 0, 0),
	('43FPK159', '254.9286021683365', 0, 0),
	('43FTJ274', '0', 0, 0),
	('43KNN499', '6473.864516293979', 0, 0),
	('43LZJ570', '312.1857614517212', 0, 0),
	('43NJU914', '66.85612558573484', 0, 0),
	('43SXF534', '0', 0, 0),
	('43ZIT876', '0', 0, 0),
	('44CFY915', '0', 0, 0),
	('44CXL576', '0', 0, 0),
	('44DNP599', '0', 0, 0),
	('44ERM225', '0', 0, 0),
	('44KUK545', '0', 0, 0),
	('44LZA295', '0', 0, 0),
	('44MTY607', '0', 0, 0),
	('44NNE712', '164.2816677421797', 0, 0),
	('44QXO713', '0', 0, 0),
	('44RLF870', '0', 0, 0),
	('44RMT698', '0', 0, 0),
	('44RWR857', '0', 0, 0),
	('44SPI817', '0', 0, 0),
	('44VYX066', '0', 0, 0),
	('44WAR558', '0', 0, 0),
	('44WXD576', '139.85156416893005', 0, 0),
	('45DDP573', '0', 0, 0),
	('45GTB974', '0', 0, 0),
	('45HHZ982', '0', 0, 0),
	('45MGQ587', '766.8643104843795', 0, 0),
	('45PLX071', '0', 0, 0),
	('45VMH398', '0', 0, 0),
	('45WLS762', '0', 0, 0),
	('45XAQ771', '0', 0, 0),
	('45YZW269', '0', 0, 0),
	('45ZHZ287', '0', 0, 0),
	('46BBU398', '671.715931892395', 0, 0),
	('46CDM788', '0', 0, 0),
	('46ELE485', '0', 0, 0),
	('46EMZ471', '0', 0, 0),
	('46ENW237', '0', 0, 0),
	('46IEQ724', '0', 0, 0),
	('46KDJ244', '0', 0, 0),
	('46KVD676', '0', 0, 0),
	('46PIS476', '0', 0, 0),
	('46PJP771', '0', 0, 0),
	('46SIC120', '0', 0, 0),
	('46VYS227', '0', 0, 0),
	('46XAQ221', '0', 0, 0),
	('47BYT622', '0', 0, 0),
	('47CKZ788', '0', 0, 0),
	('47DGR224', '0', 0, 0),
	('47ERI195', '0', 0, 0),
	('47EUO967', '0', 0, 0),
	('47GSF380', '0', 0, 0),
	('47LAS968', '0', 0, 0),
	('47UAX368', '0.21628813445568085', 0, 0),
	('47YFC797', '0', 0, 0),
	('47YYF646', '0', 0, 0),
	('48ATU476', '0', 0, 0),
	('48AWH889', '1452.9391683100257', 0, 0),
	('48FKQ609', '426.3612790107727', 0, 0),
	('48GXQ494', '0', 0, 0),
	('48IRW719', '0', 0, 0),
	('48KAY137', '0', 0, 0),
	('48LUE280', '0', 0, 0),
	('48MXH918', '0', 0, 0),
	('48PKC731', '0', 0, 0),
	('48QOV578', '0', 0, 0),
	('48ZTR330', '0', 0, 0),
	('49EXC379', '1460.1867598607205', 0, 0),
	('49GMG069', '918.6158665340627', 0, 0),
	('49IER967', '0', 0, 0),
	('49LOV588', '0', 0, 0),
	('49MYA241', '0', 0, 0),
	('49PXZ903', '0', 0, 0),
	('49SMX913', '0', 0, 0),
	('49UYA502', '0', 0, 0),
	('60DLM212', '0', 0, 0),
	('60IYK190', '0', 0, 0),
	('60MGL418', '0', 0, 0),
	('60OVN099', '0', 0, 0),
	('60OYJ088', '0', 0, 0),
	('60UCC582', '0', 0, 0),
	('60VIN456', '0', 0, 0),
	('60YAI524', '0', 0, 0),
	('61CLI015', '0', 0, 0),
	('61DAI224', '0', 0, 0),
	('61DOT353', '0', 0, 0),
	('61GHL088', '0', 0, 0),
	('61HJA277', '0', 0, 0),
	('61MKN458', '0', 0, 0),
	('61NPB466', '0', 0, 0),
	('61OOQ777', '3176.9605515805306', 0, 0),
	('61PBQ863', '0', 0, 0),
	('61SBA448', '0', 0, 0),
	('61SLY691', '0', 0, 0),
	('61YML485', '0', 0, 0),
	('61ZFY108', '0', 0, 0),
	('62BMX967', '0', 0, 0),
	('62EGL098', '0', 0, 0),
	('62EOP190', '0', 0, 0),
	('62FFT432', '0', 0, 0),
	('62FZT836', '0', 0, 0),
	('62GUJ446', '0', 0, 0),
	('62PKY601', '0', 0, 0),
	('62RPP622', '224.82465314865112', 0, 0),
	('63ALB647', '0', 0, 0),
	('63CBN117', '0', 0, 0),
	('63CMS702', '0', 0, 0),
	('63DLF151', '0', 0, 0),
	('63EQC836', '0', 0, 0),
	('63GEG563', '0', 0, 0),
	('63JDB628', '0', 0, 0),
	('63LJB315', '0', 0, 0),
	('63LMO061', '1523.8147413432598', 0, 0),
	('63OIE652', '0', 0, 0),
	('63SVQ186', '0', 0, 0),
	('63VNP228', '0', 0, 0),
	('63YUY262', '0', 0, 0),
	('63ZLZ109', '0', 0, 0),
	('64ALA671', '0', 0, 0),
	('64AOW640', '0', 0, 0),
	('64CXG966', '0', 0, 0),
	('64DLL824', '0', 0, 0),
	('64EWE696', '308.36468168813735', 0, 0),
	('64FDF451', '0', 0, 0),
	('64HGN203', '0', 0, 0),
	('64HIW453', '0', 0, 0),
	('64NTV036', '0', 0, 0),
	('64PFV210', '0', 0, 0),
	('64SOB604', '0', 0, 0),
	('64TGJ450', '0', 0, 0),
	('64VFZ512', '0', 0, 0),
	('64VXL935', '10.936365127563477', 0, 0),
	('65AYY127', '0', 0, 0),
	('65CUX071', '0', 0, 0),
	('65ENW778', '0', 0, 0),
	('65KEO370', '0', 0, 0),
	('65LFH262', '0', 0, 0),
	('65MLV547', '0', 0, 0),
	('65MPO698', '0', 0, 0),
	('65MYM315', '0', 0, 0),
	('65QNO994', '0', 0, 0),
	('65TCD065', '0', 0, 0),
	('65ZFP869', '0', 0, 0),
	('66ELF581', '0', 0, 0),
	('66ELN732', '0', 0, 0),
	('66HRY948', '0', 0, 0),
	('66IUR862', '0', 0, 0),
	('66KLG557', '0', 0, 0),
	('66KVG081', '0', 0, 0),
	('66MBC336', '0', 0, 0),
	('66NUU967', '0', 0, 0),
	('66PLB948', '0', 0, 0),
	('66RFK767', '0', 0, 0),
	('66SPA715', '0', 0, 0),
	('66ULB447', '0', 0, 0),
	('66ZVD447', '0', 0, 0),
	('67DYF046', '0', 0, 0),
	('67EUU075', '0', 0, 0),
	('67HYU902', '0', 0, 0),
	('67HZC173', '0', 0, 0),
	('67IBP916', '0', 0, 0),
	('67JRB843', '0', 0, 0),
	('67KXK717', '0', 0, 0),
	('67LJV442', '0', 0, 0),
	('67LVB847', '0', 0, 0),
	('67MIM061', '0', 0, 0),
	('67MWB600', '0', 0, 0),
	('67PXB142', '0', 0, 0),
	('67WUH316', '3174.204017328564', 0, 0),
	('68EUJ165', '0', 0, 0),
	('68FHG845', '0', 0, 0),
	('68HOQ648', '0', 0, 0),
	('68LAP592', '0', 0, 0),
	('68LUP866', '0', 0, 0),
	('68XIZ828', '0', 0, 0),
	('68YYI312', '0', 0, 0),
	('68ZUX443', '289.53144058585167', 0, 0),
	('69ABE710', '11.675000071525574', 0, 0),
	('69ADU929', '0', 0, 0),
	('69AER114', '0', 0, 0),
	('69AHJ313', '0', 0, 0),
	('69ATE413', '0', 0, 0),
	('69AUQ685', '0', 0, 0),
	('69BBQ553', '2959.810099236667', 0, 0),
	('69BDX624', '0', 0, 0),
	('69BOT916', '0', 0, 0),
	('69BPN845', '0', 0, 0),
	('69BVQ246', '0', 0, 0),
	('69BWC985', '0', 0, 0),
	('69BZM354', '52.70433519521612', 0, 0),
	('69CAF519', '0', 0, 0),
	('69CFH214', '0', 0, 0),
	('69COQ648', '0', 0, 0),
	('69COW296', '0', 0, 0),
	('69CSR862', '0', 0, 0),
	('69DAH257', '0', 0, 0),
	('69DDI587', '0', 0, 0),
	('69DDQ858', '745.0295973026659', 0, 0),
	('69DEC377', '843.1513043642044', 0, 0),
	('69DJN909', '0', 0, 0),
	('69DJQ683', '126.28895432385616', 0, 0),
	('69DKC322', '0', 0, 0),
	('69DKF679', '0', 0, 0),
	('69DKX763', '0', 0, 0),
	('69DPQ201', '0', 0, 0),
	('69DWW909', '992.3844395279884', 0, 0),
	('69EWI588', '0', 0, 0),
	('69FIF879', '9.52527725372056', 0, 0),
	('69FOI971', '0', 0, 0),
	('69FUF122', '0', 0, 0),
	('69GCF814', '0', 0, 0),
	('69GDX463', '0', 0, 0),
	('69GKR413', '0', 0, 0),
	('69GNV320', '0', 0, 0),
	('69GUI469', '0', 0, 0),
	('69HCA458', '0', 0, 0),
	('69HER457', '0', 0, 0),
	('69HYS315', '0', 0, 0),
	('69IEU160', '0', 0, 0),
	('69IFI180', '0', 0, 0),
	('69IKA860', '0', 0, 0),
	('69IPI403', '0', 0, 0),
	('69IRP442', '0', 0, 0),
	('69IUD384', '147.84138935804367', 0, 0),
	('69IVQ575', '6404.326155137154', 0, 0),
	('69IYJ850', '6.373004823923111', 0, 0),
	('69JJG378', '0', 0, 0),
	('69JJJ944', '0', 0, 0),
	('69JLA421', '0', 0, 0),
	('69JMM602', '0', 0, 0),
	('69JMS773', '0', 0, 0),
	('69KEB538', '0', 0, 0),
	('69KJO912', '0', 0, 0),
	('69KLX155', '0', 0, 0),
	('69KOJ560', '0', 0, 0),
	('69KVT931', '0', 0, 0),
	('69KWJ721', '6040.611989201076', 0, 0),
	('69LCU677', '409.7212435603142', 0, 0),
	('69LGP650', '3815.1746759065427', 0, 0),
	('69LHE446', '0', 0, 0),
	('69LIT727', '2001.438184067607', 0, 0),
	('69LQO193', '0', 0, 0),
	('69LUN009', '0', 0, 0),
	('69LZP464', '0', 0, 0),
	('69MME935', '0', 0, 0),
	('69MNP712', '0', 0, 0),
	('69MNS415', '0', 0, 0),
	('69MQM578', '0', 0, 0),
	('69MSB286', '0', 0, 0),
	('69MXO660', '0', 0, 0),
	('69NBW073', '0', 0, 0),
	('69NEO748', '0', 0, 0),
	('69NFH341', '0', 0, 0),
	('69NIH546', '0', 0, 0),
	('69NON072', '0', 0, 0),
	('69NVE193', '0', 0, 0),
	('69NWW170', '0', 0, 0),
	('69OAE683', '0', 0, 0),
	('69OBS962', '0', 0, 0),
	('69OGC990', '0', 0, 0),
	('69OHY128', '0', 0, 0),
	('69OIK251', '0', 0, 0),
	('69OLO217', '0', 0, 0),
	('69PAB215', '0', 0, 0),
	('69PJC761', '0.000522613525390625', 0, 0),
	('69PMM579', '0', 0, 0),
	('69PTC985', '0', 0, 0),
	('69PTK156', '0', 0, 0),
	('69PVR174', '0', 0, 0),
	('69PWO379', '0', 0, 0),
	('69PXA245', '0', 0, 0),
	('69QHF908', '0', 0, 0),
	('69QMK187', '0', 0, 0),
	('69QRI362', '161.10179529548623', 0, 0),
	('69QVQ807', '21.389062428846955', 0, 0),
	('69RBF382', '0', 0, 0),
	('69RBH681', '163.66435026167892', 0, 0),
	('69REC248', '0', 0, 0),
	('69RJZ498', '0', 0, 0),
	('69RKL471', '2.3050470612361096', 0, 0),
	('69RQQ072', '0', 0, 0),
	('69RUM290', '0.05142247676849365', 0, 0),
	('69SDT222', '10.150256782770157', 0, 0),
	('69SFJ286', '0', 0, 0),
	('69SGV152', '0', 0, 0),
	('69SJW534', '0', 0, 0),
	('69SNP687', '0', 0, 0),
	('69STS700', '49.142985611455515', 0, 0),
	('69SYL789', '94.16989007953089', 0, 0),
	('69TEL714', '0', 0, 0),
	('69TFY865', '1.4572421312332153', 0, 0),
	('69TIF430', '0', 0, 0),
	('69TPF037', '0', 0, 0),
	('69TSG665', '0', 0, 0),
	('69TVC280', '0', 0, 0),
	('69TWO200', '0', 0, 0),
	('69TYO484', '0', 0, 0),
	('69TZA103', '0', 0, 0),
	('69UDA690', '0', 0, 0),
	('69UJD902', '0', 0, 0),
	('69ULG368', '1.452070050756447', 0, 0),
	('69UQX440', '0', 0, 0),
	('69URJ460', '0', 0, 0),
	('69URR671', '0', 0, 0),
	('69UXU972', '87.36109602451324', 0, 0),
	('69VFU694', '0', 0, 0),
	('69VGG313', '0', 0, 0),
	('69VJC735', '0', 0, 0),
	('69VMM831', '0', 0, 0),
	('69VNA850', '352.3854467422934', 0, 0),
	('69VNY996', '29.24071741104126', 0, 0),
	('69VTD952', '0', 0, 0),
	('69WAJ783', '2999.624831995141', 0, 0),
	('69WDG752', '0', 0, 0),
	('69WFP228', '0', 0, 0),
	('69WIT156', '0', 0, 0),
	('69WOT752', '0', 0, 0),
	('69WXD440', '0', 0, 0),
	('69WYR931', '0', 0, 0),
	('69XAE278', '0', 0, 0),
	('69XHW861', '0', 0, 0),
	('69XJQ912', '0', 0, 0),
	('69XNP849', '0', 0, 0),
	('69XQJ104', '4.433466255664825', 0, 0),
	('69XQM817', '1016.1690212628237', 0, 0),
	('69XTN136', '26.350544571876526', 0, 0),
	('69XUB155', '0', 0, 0),
	('69XUG960', '0', 0, 0),
	('69YJJ944', '0', 0, 0),
	('69YKG249', '255.26865926163737', 0, 0),
	('69YMV359', '338.898429505527', 0, 0),
	('69YNH077', '0', 0, 0),
	('69YON101', '0', 0, 0),
	('69YTJ765', '0', 0, 0),
	('69YUK433', '0', 0, 0),
	('69ZBP596', '0', 0, 0),
	('69ZEJ550', '0', 0, 0),
	('69ZGY257', '11.231430190149695', 0, 0),
	('69ZOH630', '44.25285339355469', 0, 0),
	('69ZOM136', '0', 0, 0),
	('80AAC018', '0', 0, 0),
	('80AKX163', '0', 0, 0),
	('80APL947', '0.8569225650280714', 0, 0),
	('80AQU414', '11.924873241689056', 0, 0),
	('80AQZ229', '0', 0, 0),
	('80AXP614', '0', 0, 0),
	('80AZK462', '0', 0, 0),
	('80BBU400', '0', 0, 0),
	('80BCL934', '0', 0, 0),
	('80BHX523', '0', 0, 0),
	('80BLR674', '0', 0, 0),
	('80BUR945', '1.5449839096982032', 0, 0),
	('80BVX278', '0', 0, 0),
	('80BYP277', '0', 0, 0),
	('80BYU036', '0', 0, 0),
	('80CDD846', '0', 0, 0),
	('80CIO887', '0', 0, 0),
	('80COR989', '258.0210707243532', 0, 0),
	('80CRD394', '0', 0, 0),
	('80CWR760', '0', 0, 0),
	('80CXA546', '0', 0, 0),
	('80DJX826', '0', 0, 0),
	('80DKJ346', '0', 0, 0),
	('80DMY554', '0', 0, 0),
	('80DQG697', '4.785117328166962', 0, 0),
	('80DSV786', '2385.6910312498803', 0, 0),
	('80DWP060', '0', 0, 0),
	('80DYY088', '0', 0, 0),
	('80ECR537', '0', 0, 0),
	('80EGM957', '0', 0, 0),
	('80EJU793', '103.96243810653687', 0, 0),
	('80EKP118', '0', 0, 0),
	('80ELA292', '1146.254880105378', 0, 0),
	('80ELY993', '723.5644331113435', 0, 0),
	('80EMV188', '3503.150750042987', 0, 0),
	('80FAY101', '0', 0, 0),
	('80FDP009', '0', 0, 0),
	('80FHP360', '0', 0, 0),
	('80FIC203', '0', 0, 0),
	('80FNO544', '0', 0, 0),
	('80FNV749', '0', 0, 0),
	('80FXM797', '804.3569204115774', 0, 0),
	('80FXN064', '0', 0, 0),
	('80FXX373', '0', 0, 0),
	('80FYB345', '0', 0, 0),
	('80FYJ092', '456.3890902996063', 0, 0),
	('80GAV835', '1340.52262567883', 0, 0),
	('80GJI088', '18.034250140190125', 0, 0),
	('80GMK706', '776.9411783413962', 0, 0),
	('80GTW585', '1061.347960226005', 0, 0),
	('80HIO596', '0', 0, 0),
	('80HIT437', '0', 0, 0),
	('80HMB991', '1354.7721889317036', 0, 0),
	('80HOW550', '1156.3092352156527', 0, 0),
	('80HSK762', '0', 0, 0),
	('80IDJ758', '0', 0, 0),
	('80IES907', '0', 0, 0),
	('80IGN666', '0', 0, 0),
	('80IHB945', '0', 0, 0),
	('80IHW130', '0', 0, 0),
	('80IKT129', '9.62271523475647', 0, 0),
	('80INB554', '0', 0, 0),
	('80IRX111', '0', 0, 0),
	('80IWL239', '0', 0, 0),
	('80JNK448', '316.25282979011536', 0, 0),
	('80JPP914', '0', 0, 0),
	('80JSD786', '0', 0, 0),
	('80JSZ722', '0', 0, 0),
	('80JTL461', '1.6800099884276278', 0, 0),
	('80JTN760', '2.007649818522623', 0, 0),
	('80JWO244', '0', 0, 0),
	('80JZK791', '18822.539748566924', 0, 0),
	('80KEJ841', '0', 0, 0),
	('80KEM656', '0', 0, 0),
	('80KKJ886', '248.3247058391571', 0, 0),
	('80KOC363', '0', 0, 0),
	('80KPR287', '6038.762666523457', 0, 0),
	('80KQL076', '0', 0, 0),
	('80KVZ383', '0', 0, 0),
	('80LBI896', '0', 0, 0),
	('80LGT289', '3.052645322866738', 0, 0),
	('80LGZ479', '0', 0, 0),
	('80LHI313', '0', 0, 0),
	('80LHL118', '0.002645036409376189', 0, 0),
	('80LJX502', '0', 0, 0),
	('80LOZ797', '0', 0, 0),
	('80LUE398', '0', 0, 0),
	('80LXM030', '0', 0, 0),
	('80MCC700', '0', 0, 0),
	('80MDR834', '0', 0, 0),
	('80MEL724', '1.4872334755491465', 0, 0),
	('80MFC182', '0', 0, 0),
	('80MGO823', '0', 0, 0),
	('80MSH290', '0', 0, 0),
	('80MSK903', '0', 0, 0),
	('80MWF056', '0', 0, 0),
	('80MYH235', '0', 0, 0),
	('80NBL163', '0', 0, 0),
	('80NCZ442', '0.5319026955112349', 0, 0),
	('80NDA272', '0', 0, 0),
	('80NLK685', '0', 0, 0),
	('80NUR837', '0', 0, 0),
	('80NUW340', '0', 0, 0),
	('80NVI851', '0', 0, 0),
	('80NVM831', '0', 0, 0),
	('80OOR228', '0', 0, 0),
	('80OQD623', '0', 0, 0),
	('80ORO176', '0', 0, 0),
	('80OSS100', '0', 0, 0),
	('80OWF768', '0', 0, 0),
	('80PDG212', '33.215191543102264', 0, 0),
	('80PEX647', '0', 0, 0),
	('80PFN355', '0', 0, 0),
	('80PNZ862', '81.52108233893523', 0, 0),
	('80PPL710', '0', 0, 0),
	('80PSX913', '0', 0, 0),
	('80PWJ560', '0', 0, 0),
	('80QDM423', '1.7287917954090517', 0, 0),
	('80QDS633', '0', 0, 0),
	('80QQS281', '0', 0, 0),
	('80QVA854', '0', 0, 0),
	('80QWO664', '0', 0, 0),
	('80RFA365', '12.352889954578131', 0, 0),
	('80RKP388', '0', 0, 0),
	('80RNQ750', '0', 0, 0),
	('80RPC753', '0', 0, 0),
	('80RQM319', '0', 0, 0),
	('80RQV094', '8.100891616883018', 0, 0),
	('80RTN003', '0', 0, 0),
	('80RXM136', '307.8169703409076', 0, 0),
	('80SCI810', '0', 0, 0),
	('80SDS475', '0', 0, 0),
	('80SII654', '0', 0, 0),
	('80SIK955', '172.1605946617201', 0, 0),
	('80SKV059', '0', 0, 0),
	('80SMB120', '506.26197001338005', 0, 0),
	('80SQR313', '3.1371055841445923', 0, 0),
	('80STV657', '0', 0, 0),
	('80SVI202', '0', 0, 0),
	('80TES036', '0', 0, 0),
	('80TEV431', '0', 0, 0),
	('80TFH172', '0', 0, 0),
	('80TKY764', '0', 0, 0),
	('80TLG402', '2.8497190475463867', 0, 0),
	('80TOS817', '0', 0, 0),
	('80UBK583', '0', 0, 0),
	('80UEP760', '0', 0, 0),
	('80UGH733', '0', 0, 0),
	('80UGW708', '0', 0, 0),
	('80UGY007', '0', 0, 0),
	('80UPJ972', '0', 0, 0),
	('80UQG267', '15.827170865610242', 0, 0),
	('80UUW356', '0', 0, 0),
	('80UXP373', '7.502923607826233', 0, 0),
	('80UYV406', '213.80614173412323', 0, 0),
	('80UZQ691', '342.19145583570935', 0, 0),
	('80VIO259', '0.8232252263696864', 0, 0),
	('80VRY894', '0', 0, 0),
	('80VSN999', '0', 0, 0),
	('80VTH828', '910.9634960104013', 0, 0),
	('80VTZ161', '0', 0, 0),
	('80WFN985', '0', 0, 0),
	('80WFQ790', '0', 0, 0),
	('80WIT019', '0', 0, 0),
	('80WKJ916', '0', 0, 0),
	('80WLT892', '0', 0, 0),
	('80WMT054', '0', 0, 0),
	('80WNQ349', '0', 0, 0),
	('80WUE527', '0', 0, 0),
	('80XBC586', '187.30904872296378', 0, 0),
	('80XDR063', '0', 0, 0),
	('80XGQ052', '0', 0, 0),
	('80XGT456', '0', 0, 0),
	('80XHE311', '2048.427338959882', 0, 0),
	('80XHZ506', '36.48356269093347', 0, 0),
	('80XOQ648', '354.9542927876755', 0, 0),
	('80XZW205', '0', 0, 0),
	('80YFH413', '0', 0, 0),
	('80YIX078', '0', 0, 0),
	('80YOR058', '0', 0, 0),
	('80YSC308', '0', 0, 0),
	('80YTT403', '4390.511868925765', 0, 0),
	('80YVC521', '0', 0, 0),
	('80YVI190', '954.4646079987288', 0, 0),
	('80YZQ733', '0', 0, 0),
	('80ZNZ668', '0', 0, 0),
	('80ZPC924', '0', 0, 0),
	('80ZRR619', '0', 0, 0),
	('80ZXU711', '0', 0, 0),
	('80ZZY387', '0', 0, 0),
	('81AAW101', '0', 0, 0),
	('81ADY585', '0', 0, 0),
	('81AEE656', '0', 0, 0),
	('81AMB801', '2646.634052315596', 0, 0),
	('81AXP164', '0', 0, 0),
	('81AZE251', '68.25618189730449', 0, 0),
	('81BLQ087', '0', 0, 0),
	('81BPE742', '1.4403198957443237', 0, 0),
	('81BQS550', '0', 0, 0),
	('81BQY532', '0', 0, 0),
	('81CFK319', '0', 0, 0),
	('81COW758', '0', 0, 0),
	('81COZ825', '0', 0, 0),
	('81CSE303', '0', 0, 0),
	('81CUW155', '0', 0, 0),
	('81CXC153', '0', 0, 0),
	('81DAE716', '0.0006126479711383581', 0, 0),
	('81DAI765', '0', 0, 0),
	('81DGF016', '0', 0, 0),
	('81DHC213', '971.3310026002582', 0, 0),
	('81DQM118', '381.75139205098094', 0, 0),
	('81DWM706', '2.564838346093893', 0, 0),
	('81DWP511', '0', 0, 0),
	('81ECX473', '0', 0, 0),
	('81EIW703', '0', 0, 0),
	('81EMW690', '268.0059621708933', 0, 0),
	('81EPP913', '0', 0, 0),
	('81EPU552', '0', 0, 0),
	('81ETO838', '0', 0, 0),
	('81EUR805', '0', 0, 0),
	('81EVZ155', '0', 0, 0),
	('81EZL068', '0', 0, 0),
	('81FBF081', '0', 0, 0),
	('81FFT937', '0', 0, 0),
	('81FPX357', '0.07495058327913284', 0, 0),
	('81FTW687', '0', 0, 0),
	('81GAO176', '19.277305841445923', 0, 0),
	('81GAX344', '0', 0, 0),
	('81GBI228', '0', 0, 0),
	('81GGZ409', '0', 0, 0),
	('81GJX502', '5122.7780593250645', 0, 0),
	('81GPC923', '4111.69430369194', 0, 0),
	('81GSK565', '0', 0, 0),
	('81GZH895', '0', 0, 0),
	('81HCF176', '0', 0, 0),
	('81HDX905', '0', 0, 0),
	('81HKX163', '0', 0, 0),
	('81HUX319', '0', 0, 0),
	('81ILQ766', '0', 0, 0),
	('81INA704', '0', 0, 0),
	('81INH463', '0', 0, 0),
	('81IRP018', '842.0338325500488', 0, 0),
	('81IRY629', '61.95688669383526', 0, 0),
	('81IUC413', '265.8878886887396', 0, 0),
	('81IXX970', '174.72769686748507', 0, 0),
	('81JFQ721', '0', 0, 0),
	('81JHU297', '1.7199915647506714', 0, 0),
	('81JIV964', '0', 0, 0),
	('81JNX399', '0', 0, 0),
	('81JQD422', '0', 0, 0),
	('81JXA754', '0', 0, 0),
	('81KST183', '1353.57364340387', 0, 0),
	('81KWP630', '0', 0, 0),
	('81LAO675', '0', 0, 0),
	('81LCY714', '509.577046292834', 0, 0),
	('81LEB070', '0', 0, 0),
	('81LTQ378', '0', 0, 0),
	('81LXM798', '0', 0, 0),
	('81LXP401', '0', 0, 0),
	('81LXS607', '0', 0, 0),
	('81LYY779', '434.9836401641369', 0, 0),
	('81MAR133', '0', 0, 0),
	('81MFZ542', '0', 0, 0),
	('81MJV669', '0', 0, 0),
	('81MKK583', '21.806978464126587', 0, 0),
	('81MPB166', '0', 0, 0),
	('81MQS689', '0', 0, 0),
	('81MWY317', '0', 0, 0),
	('81MZY330', '0', 0, 0),
	('81NBO991', '0', 0, 0),
	('81NEQ808', '0', 0, 0),
	('81NJS093', '0', 0, 0),
	('81NRV656', '0', 0, 0),
	('81NSB727', '0', 0, 0),
	('81NSE432', '0', 0, 0),
	('81OAB340', '0', 0, 0),
	('81OGC440', '0', 0, 0),
	('81OQJ532', '0', 0, 0),
	('81PAZ787', '0', 0, 0),
	('81PPP042', '10.596900024684146', 0, 0),
	('81PUZ721', '0', 0, 0),
	('81QCS405', '0', 0, 0),
	('81QLW868', '57.93820735004556', 0, 0),
	('81QOX696', '0', 0, 0),
	('81QVZ382', '0', 0, 0),
	('81RHC974', '0', 0, 0),
	('81RHF440', '0', 0, 0),
	('81RJP097', '0', 0, 0),
	('81RKC378', '0', 0, 0),
	('81RLQ396', '0', 0, 0),
	('81RLW168', '88.75547819957137', 0, 0),
	('81ROC491', '0', 0, 0),
	('81SAI657', '0', 0, 0),
	('81SCX344', '0', 0, 0),
	('81SFZ518', '0', 0, 0),
	('81SHF889', '0', 0, 0),
	('81SLK387', '0', 0, 0),
	('81STU750', '0', 0, 0),
	('81SYH134', '0.393994880374521', 0, 0),
	('81SZT000', '0', 0, 0),
	('81SZZ211', '0', 0, 0),
	('81TEP893', '2572.700343978144', 0, 0),
	('81TNX128', '16.655749037396163', 0, 0),
	('81TSF773', '0', 0, 0),
	('81TVC521', '0', 0, 0),
	('81TVG501', '0.0015634908340871334', 0, 0),
	('81TZW815', '0', 0, 0),
	('81UHX831', '0', 0, 0),
	('81UIL552', '0', 0, 0),
	('81UQX781', '0', 0, 0),
	('81VCM862', '0', 0, 0),
	('81VFK789', '0.0006017586565576494', 0, 0),
	('81VGU865', '777.7109072876119', 0, 0),
	('81VHR060', '242.75596296787262', 0, 0),
	('81VIX193', '0.004702122416347265', 0, 0),
	('81VUU212', '260.0526003030536', 0, 0),
	('81VXT686', '0', 0, 0),
	('81VYQ542', '1.402794562454801', 0, 0),
	('81VZN737', '0', 0, 0),
	('81WBP004', '465.23702176846564', 0, 0),
	('81WEY404', '0', 0, 0),
	('81WHD683', '0', 0, 0),
	('81WLX754', '0', 0, 0),
	('81WUD330', '485.1165337562561', 0, 0),
	('81WVO702', '0', 0, 0),
	('81WWS036', '0', 0, 0),
	('81XHY930', '0', 0, 0),
	('81XND370', '9.621496413252316', 0, 0),
	('81XOX262', '0', 0, 0),
	('81XQJ464', '0', 0, 0),
	('81YBI059', '0', 0, 0),
	('81YCB380', '0', 0, 0),
	('81YID906', '0', 0, 0),
	('81ZEN661', '0', 0, 0),
	('81ZIV135', '0', 0, 0),
	('81ZLB248', '0', 0, 0),
	('81ZLE043', '0', 0, 0),
	('81ZOO114', '0', 0, 0),
	('81ZUO501', '0', 0, 0),
	('81ZUR216', '0', 0, 0),
	('81ZVB783', '53.35418708744692', 0, 0),
	('81ZXW540', '0', 0, 0),
	('81ZYE611', '0', 0, 0),
	('81ZYK369', '0', 0, 0),
	('82ADQ636', '0', 0, 0),
	('82AGF110', '0', 0, 0),
	('82AHJ192', '0', 0, 0),
	('82AHM056', '0', 0, 0),
	('82ALX304', '0', 0, 0),
	('82ATA660', '0', 0, 0),
	('82AXT686', '23.187687531113625', 0, 0),
	('82BAR444', '0', 0, 0),
	('82BCE352', '0', 0, 0),
	('82BGA754', '0', 0, 0),
	('82BJD682', '4.221569247347361', 0, 0),
	('82BNL148', '0', 0, 0),
	('82BQX920', '1099.903831904754', 0, 0),
	('82BTD107', '0', 0, 0),
	('82BTX917', '0', 0, 0),
	('82CBS509', '0', 0, 0),
	('82CBX914', '0', 0, 0),
	('82CCD085', '7.469927430152893', 0, 0),
	('82CFO632', '128.9382854551077', 0, 0),
	('82CLT033', '68.71655541658401', 0, 0),
	('82CRW356', '0', 0, 0),
	('82CVP407', '0', 0, 0),
	('82CYQ881', '0', 0, 0),
	('82CZF162', '19769.72940291204', 0, 0),
	('82DDB547', '0', 0, 0),
	('82DHX664', '2.530823992594378', 0, 0),
	('82DOP890', '0', 0, 0),
	('82DXY225', '0', 0, 0),
	('82DYT128', '0', 0, 0),
	('82EAY751', '0', 0, 0),
	('82EBV956', '0', 0, 0),
	('82EFR098', '0', 0, 0),
	('82EIY332', '0', 0, 0),
	('82EOB434', '0', 0, 0),
	('82EPP451', '310.8773393779993', 0, 0),
	('82EPV562', '154.49342661350965', 0, 0),
	('82ESU459', '0', 0, 0),
	('82ETO388', '0', 0, 0),
	('82FCS243', '0', 0, 0),
	('82FOJ548', '0', 0, 0),
	('82FVV911', '0', 0, 0),
	('82FYZ044', '0', 0, 0),
	('82GCB089', '0', 0, 0),
	('82GGY937', '0', 0, 0),
	('82GXQ779', '0', 0, 0),
	('82HCJ195', '13.094086090102792', 0, 0),
	('82HIM297', '0', 0, 0),
	('82HKK994', '0', 0, 0),
	('82HKQ653', '0', 0, 0),
	('82HMZ692', '0', 0, 0),
	('82HOO985', '0', 0, 0),
	('82HPW660', '0', 0, 0),
	('82IDE189', '18.096233010292053', 0, 0),
	('82IKZ031', '0', 0, 0),
	('82ILH281', '0', 0, 0),
	('82IOP353', '0', 0, 0),
	('82IVP640', '0', 0, 0),
	('82IXZ788', '0', 0, 0),
	('82JAF199', '0', 0, 0),
	('82JDZ513', '7.944557291455567', 0, 0),
	('82JET303', '0', 0, 0),
	('82JNC068', '2.0544142070575617', 0, 0),
	('82JRZ169', '0', 0, 0),
	('82JYQ201', '0', 0, 0),
	('82KIT167', '0', 0, 0),
	('82KIZ207', '0', 0, 0),
	('82KJI449', '0', 0, 0),
	('82KPS497', '0', 0, 0),
	('82KQH779', '3.720888763666153', 0, 0),
	('82KQZ568', '0', 0, 0),
	('82KRC436', '0', 0, 0),
	('82KYR578', '0', 0, 0),
	('82LBY555', '1445.0911074573523', 0, 0),
	('82LEK557', '461.5903756762855', 0, 0),
	('82LFR307', '59.24801885994384', 0, 0),
	('82LJQ362', '0', 0, 0),
	('82LOA062', '1.378704309463501', 0, 0),
	('82LOD767', '0', 0, 0),
	('82LST050', '0', 0, 0),
	('82LUF465', '0', 0, 0),
	('82MAL924', '0', 0, 0),
	('82MDK794', '0', 0, 0),
	('82MDX904', '0', 0, 0),
	('82MFA883', '0', 0, 0),
	('82MWS548', '0', 0, 0),
	('82MWW520', '0', 0, 0),
	('82MXN644', '0', 0, 0),
	('82MZD853', '0', 0, 0),
	('82MZZ881', '108.00301894289441', 0, 0),
	('82NCA619', '0', 0, 0),
	('82NID711', '0.005383100360631943', 0, 0),
	('82NLK386', '0', 0, 0),
	('82NLQ667', '0', 0, 0),
	('82NPV657', '0', 0, 0),
	('82NSD236', '0', 0, 0),
	('82NTU780', '0', 0, 0),
	('82NXQ010', '94.90509668922459', 0, 0),
	('82NYF391', '0', 0, 0),
	('82OBG129', '0', 0, 0),
	('82OND209', '29.38763625617139', 0, 0),
	('82OQB324', '0', 0, 0),
	('82ORQ613', '0', 0, 0),
	('82OSX564', '0', 0, 0),
	('82PDT202', '0', 0, 0),
	('82PEQ507', '0', 0, 0),
	('82PFL056', '0', 0, 0),
	('82PMJ719', '0', 0, 0),
	('82PMN952', '0', 0, 0),
	('82PZO014', '0', 0, 0),
	('82QAY880', '0', 0, 0),
	('82QBD956', '0', 0, 0),
	('82QCP677', '4.130105628632009', 0, 0),
	('82QDE123', '0', 0, 0),
	('82QEB071', '0', 0, 0),
	('82QGX130', '0', 0, 0),
	('82QVY555', '0', 0, 0),
	('82QYQ542', '0', 0, 0),
	('82RHL359', '0', 0, 0),
	('82RKD016', '0', 0, 0),
	('82RXE168', '0', 0, 0),
	('82SFY276', '395.73369273907156', 0, 0),
	('82SGR869', '0', 0, 0),
	('82SJY103', '5.732762601415743', 0, 0),
	('82SQH376', '0', 0, 0),
	('82SXB891', '0', 0, 0),
	('82SZU619', '1.2463949170487467', 0, 0),
	('82TBH460', '2294.6283593177795', 0, 0),
	('82TBJ324', '11.111508846282959', 0, 0),
	('82TFB513', '1812.0255445771036', 0, 0),
	('82TFF583', '0', 0, 0),
	('82TFU674', '0', 0, 0),
	('82TIE611', '0', 0, 0),
	('82TOG309', '0', 0, 0),
	('82TVE158', '10570.183189189062', 0, 0),
	('82UAW773', '907.592615555448', 0, 0),
	('82UEH021', '0', 0, 0),
	('82UUM413', '0', 0, 0),
	('82VJK888', '0', 0, 0),
	('82VST880', '0', 0, 0),
	('82VXT145', '0', 0, 0),
	('82WBS613', '0', 0, 0),
	('82WDZ784', '0', 0, 0),
	('82WIM168', '0', 0, 0),
	('82WIP863', '10.887727499008179', 0, 0),
	('82WLZ563', '0', 0, 0),
	('82WOA191', '0', 0, 0),
	('82WQW331', '1.7576761500677094', 0, 0),
	('82WRT399', '0', 0, 0),
	('82WSQ684', '1.5813654661178589', 0, 0),
	('82WVP511', '0', 0, 0),
	('82XBP366', '0', 0, 0),
	('82XDI722', '0', 0, 0),
	('82XEC750', '0', 0, 0),
	('82XEW540', '0', 0, 0),
	('82XHC873', '0', 0, 0),
	('82XNC839', '0', 0, 0),
	('82XUV021', '0', 0, 0),
	('82XWP172', '0.17752198099333327', 0, 0),
	('82XYZ359', '48.721040178090334', 0, 0),
	('82YAD982', '0', 0, 0),
	('82YGL198', '0', 0, 0),
	('82YQN486', '0', 0, 0),
	('82YSF673', '0', 0, 0),
	('82YTR183', '12.362171646207571', 0, 0),
	('82ZBD543', '0', 0, 0),
	('82ZEK128', '0', 0, 0),
	('82ZLF176', '197.89587689191103', 0, 0),
	('82ZSA007', '0', 0, 0),
	('82ZTO047', '0', 0, 0),
	('83ALA913', '26.172307014465332', 0, 0),
	('83AVE497', '0', 0, 0),
	('83BTX726', '0', 0, 0),
	('83BXI809', '0', 0, 0),
	('83CBV117', '0', 0, 0),
	('83CCF894', '0', 0, 0),
	('83CCI509', '0', 0, 0),
	('83CGX811', '0', 0, 0),
	('83CIH859', '0', 0, 0),
	('83CKQ067', '0', 0, 0),
	('83CON317', '0', 0, 0),
	('83CQT966', '0', 0, 0),
	('83CYS499', '0', 0, 0),
	('83DBS050', '0', 0, 0),
	('83DDK260', '0', 0, 0),
	('83DEW988', '0', 0, 0),
	('83DXC054', '0', 0, 0),
	('83DXF869', '0', 0, 0),
	('83DYL919', '0', 0, 0),
	('83EAC615', '0', 0, 0),
	('83EJS663', '0', 0, 0),
	('83EMS067', '0', 0, 0),
	('83ETI179', '0', 0, 0),
	('83EWI564', '0', 0, 0),
	('83EXZ186', '0', 0, 0),
	('83FLA401', '0.02405010163784027', 0, 0),
	('83FMR925', '0', 0, 0),
	('83FOB273', '0', 0, 0),
	('83FOD339', '0', 0, 0),
	('83FPS628', '0', 0, 0),
	('83FRG516', '0', 0, 0),
	('83FZI125', '0', 0, 0),
	('83GBW564', '559.0715353488922', 0, 0),
	('83GED698', '3939.5353614613414', 0, 0),
	('83GEL969', '0', 0, 0),
	('83GKI019', '0', 0, 0),
	('83GLU730', '0', 0, 0),
	('83GMX796', '0', 0, 0),
	('83GOG134', '0', 0, 0),
	('83GUD364', '0', 0, 0),
	('83GVY067', '0', 0, 0),
	('83GYX180', '0', 0, 0),
	('83GZV218', '0.08776313066482544', 0, 0),
	('83HFD459', '7049.865801810141', 0, 0),
	('83HZD852', '0', 0, 0),
	('83ILO667', '0', 0, 0),
	('83INB861', '0', 0, 0),
	('83IPZ917', '0', 0, 0),
	('83IRN717', '0', 0, 0),
	('83IRR789', '0', 0, 0),
	('83JEQ160', '0', 0, 0),
	('83JIP293', '0', 0, 0),
	('83JKT472', '4188.407158357557', 0, 0),
	('83JKW177', '0', 0, 0),
	('83JNB200', '737.4208714962006', 0, 0),
	('83JNV090', '0', 0, 0),
	('83JVJ978', '0', 0, 0),
	('83JWE734', '0', 0, 0),
	('83JXB929', '0', 0, 0),
	('83KAE661', '0', 0, 0),
	('83KDW670', '0', 0, 0),
	('83KGD913', '0', 0, 0),
	('83KGJ064', '10.833209050819278', 0, 0),
	('83KHV703', '82.40428665652871', 0, 0),
	('83KKB816', '0', 0, 0),
	('83KMG015', '0', 0, 0),
	('83KMI314', '0', 0, 0),
	('83KOY066', '0', 0, 0),
	('83KPH843', '0', 0, 0),
	('83KSR884', '0', 0, 0),
	('83KVW061', '0', 0, 0),
	('83LBE224', '0', 0, 0),
	('83LCS942', '0', 0, 0),
	('83LJH526', '0', 0, 0),
	('83LLA242', '0', 0, 0),
	('83LLU270', '111.83968101115897', 0, 0),
	('83LOB503', '0', 0, 0),
	('83LVB821', '0', 0, 0),
	('83LYR819', '0', 0, 0),
	('83MEE786', '6.796680863481015', 0, 0),
	('83MFU674', '0', 0, 0),
	('83MGV402', '0', 0, 0),
	('83MTO079', '0', 0, 0),
	('83MUH310', '0', 0, 0),
	('83NGR879', '0', 0, 0),
	('83NJB578', '0', 0, 0),
	('83NKK324', '0', 0, 0),
	('83NOH375', '0', 0, 0),
	('83NPC570', '0', 0, 0),
	('83NPV395', '280.4880879614502', 0, 0),
	('83NQK741', '0', 0, 0),
	('83NXH971', '0', 0, 0),
	('83OHS707', '272.2126197963953', 0, 0),
	('83OKQ555', '0', 0, 0),
	('83PDC228', '18.798818945884705', 0, 0),
	('83PQF678', '0', 0, 0),
	('83PQZ309', '3822.911426795501', 0, 0),
	('83PSJ678', '0', 0, 0),
	('83PVP449', '4067.930089492642', 0, 0),
	('83QJH171', '883.8987696738914', 0, 0),
	('83QLC830', '0', 0, 0),
	('83QOS837', '0', 0, 0),
	('83QPF017', '0', 0, 0),
	('83QPK483', '1.7863844051025808', 0, 0),
	('83QWH636', '0', 0, 0),
	('83RBS842', '0', 0, 0),
	('83RCI260', '0', 0, 0),
	('83RCP139', '0', 0, 0),
	('83RFO052', '0', 0, 0),
	('83RFR746', '0', 0, 0),
	('83RKF643', '0', 0, 0),
	('83RLU069', '192.98420145595446', 0, 0),
	('83RUA798', '0', 0, 0),
	('83RUF593', '0', 0, 0),
	('83SEC750', '0', 0, 0),
	('83SEU549', '0', 0, 0),
	('83SFO803', '0', 0, 0),
	('83SJL133', '29.202743530273438', 0, 0),
	('83SWV252', '0', 0, 0),
	('83SXF420', '0', 0, 0),
	('83SXI235', '1558.9169116413177', 0, 0),
	('83SXK378', '0', 0, 0),
	('83TAJ042', '0', 0, 0),
	('83TPS389', '0', 0, 0),
	('83TSD474', '0', 0, 0),
	('83TTS459', '0', 0, 0),
	('83TVY957', '0', 0, 0),
	('83TWL938', '21.965330883860588', 0, 0),
	('83TYI096', '0', 0, 0),
	('83UDU250', '0', 0, 0),
	('83UHP322', '0', 0, 0),
	('83ULA672', '0', 0, 0),
	('83ULD077', '0', 0, 0),
	('83URN046', '0', 0, 0),
	('83UVD235', '0.9173046350479126', 0, 0),
	('83VEO335', '689.7736890887027', 0, 0),
	('83VIG488', '0', 0, 0),
	('83WBY282', '366.51905727386475', 0, 0),
	('83WDB648', '0', 0, 0),
	('83WER566', '0', 0, 0),
	('83WIJ753', '0', 0, 0),
	('83WJE950', '0', 0, 0),
	('83WJZ543', '0', 0, 0),
	('83WLR694', '0', 0, 0),
	('83WOT098', '0', 0, 0),
	('83WSJ287', '696.0477715188026', 0, 0),
	('83WUB039', '0', 0, 0),
	('83WYT258', '0', 0, 0),
	('83WZJ595', '0', 0, 0),
	('83XAB085', '0', 0, 0),
	('83XBM161', '0', 0, 0),
	('83XDI272', '1503.5443111022432', 0, 0),
	('83XOS166', '0', 0, 0),
	('83XRR550', '0', 0, 0),
	('83XTH549', '0', 0, 0),
	('83XUE734', '0', 0, 0),
	('83XXB692', '0', 0, 0),
	('83YFU574', '24.784000903367996', 0, 0),
	('83YGP705', '1020.659968405962', 0, 0),
	('83YHW610', '0', 0, 0),
	('83YKH758', '0', 0, 0),
	('83YKW848', '0', 0, 0),
	('83YNJ242', '0', 0, 0),
	('83YXE505', '0', 0, 0),
	('83YZP942', '1.5157361030578613', 0, 0),
	('83ZAH237', '0', 0, 0),
	('83ZBE095', '176.47418608143926', 0, 0),
	('83ZFR008', '0', 0, 0),
	('83ZTR655', '0', 0, 0),
	('84ABK406', '2091.3906149337417', 0, 0),
	('84AEM234', '0', 0, 0),
	('84AOC540', '0', 0, 0),
	('84ASZ772', '1480.8277053138008', 0, 0),
	('84BBC635', '0', 0, 0),
	('84BDP049', '0', 0, 0),
	('84BEJ978', '0', 0, 0),
	('84BNW932', '0', 0, 0),
	('84BYG666', '0', 0, 0),
	('84BZY685', '0', 0, 0),
	('84CFJ531', '0', 0, 0),
	('84CHU186', '1016.9065743773244', 0, 0),
	('84CIR171', '0', 0, 0),
	('84CJW275', '5.072686945088208', 0, 0),
	('84CTV697', '0', 0, 0),
	('84CXM176', '0', 0, 0),
	('84CYJ932', '0', 0, 0),
	('84CYM209', '0', 0, 0),
	('84DAE791', '0', 0, 0),
	('84DAZ384', '0', 0, 0),
	('84DEX497', '0', 0, 0),
	('84DKU747', '0', 0, 0),
	('84DLK086', '0', 0, 0),
	('84DMY003', '0', 0, 0),
	('84DPC282', '0', 0, 0),
	('84DSJ316', '420.78787579233176', 0, 0),
	('84DTG274', '678.5740756988525', 0, 0),
	('84EAC199', '0', 0, 0),
	('84EEW240', '0', 0, 0),
	('84EHV365', '73.68392254149512', 0, 0),
	('84EMP652', '129.03307678444253', 0, 0),
	('84ETJ977', '0', 0, 0),
	('84EWR829', '16.5898735015071', 0, 0),
	('84EXA805', '0', 0, 0),
	('84FCT218', '18462.77891026085', 0, 0),
	('84FGB853', '0', 0, 0),
	('84FIA789', '0', 0, 0),
	('84FJH196', '0', 0, 0),
	('84FOZ032', '0', 0, 0),
	('84FYA267', '284.6229734988883', 0, 0),
	('84FYV452', '0', 0, 0),
	('84GAP109', '0', 0, 0),
	('84GKR476', '0', 0, 0),
	('84GLV446', '0.628838062286377', 0, 0),
	('84GLX547', '231.76766681671143', 0, 0),
	('84GOH684', '0', 0, 0),
	('84GUH973', '0', 0, 0),
	('84HAS189', '0', 0, 0),
	('84HDK866', '0', 0, 0),
	('84HEA754', '496.925337597786', 0, 0),
	('84HED459', '318.0922471708618', 0, 0),
	('84HFJ772', '0', 0, 0),
	('84HII695', '0', 0, 0),
	('84HLG023', '0', 0, 0),
	('84HPF946', '1.4006498854141682', 0, 0),
	('84HRI204', '0', 0, 0),
	('84IBS742', '0', 0, 0),
	('84ICF932', '0', 0, 0),
	('84IFA315', '0', 0, 0),
	('84IIF528', '0', 0, 0),
	('84IMF753', '0', 0, 0),
	('84ITS892', '0', 0, 0),
	('84IYJ275', '0', 0, 0),
	('84IZV994', '0', 0, 0),
	('84JAV555', '0', 0, 0),
	('84JBQ808', '25.509626284285332', 0, 0),
	('84JEL664', '1837.5475275379722', 0, 0),
	('84JNY907', '0.7174699008464813', 0, 0),
	('84JTE435', '0', 0, 0),
	('84JVN786', '0', 0, 0),
	('84KFT945', '0', 0, 0),
	('84KHV244', '0', 0, 0),
	('84KWL048', '0', 0, 0),
	('84LBW256', '21.10575044155121', 0, 0),
	('84LCL535', '9.887420070415828', 0, 0),
	('84LJC677', '0', 0, 0),
	('84LSJ013', '0', 0, 0),
	('84LYY331', '2.540494394954294', 0, 0),
	('84MDL306', '0', 0, 0),
	('84MEA222', '0', 0, 0),
	('84MEF027', '23.312525294721127', 0, 0),
	('84MEX817', '0', 0, 0),
	('84MJO408', '0', 0, 0),
	('84MOY660', '0', 0, 0),
	('84NHG955', '0', 0, 0),
	('84NRI488', '0', 0, 0),
	('84NWQ459', '0', 0, 0),
	('84OCW918', '0', 0, 0),
	('84OHT048', '0', 0, 0),
	('84OJU215', '0', 0, 0),
	('84OMD648', '1339.6675987322815', 0, 0),
	('84OOC411', '0', 0, 0),
	('84OPZ616', '0', 0, 0),
	('84OSD673', '0', 0, 0),
	('84OSG940', '0', 0, 0),
	('84OZX882', '0', 0, 0),
	('84PDX626', '2130.060038309428', 0, 0),
	('84PEP600', '0', 0, 0),
	('84PJZ671', '0', 0, 0),
	('84PUW491', '0', 0, 0),
	('84QAY681', '0', 0, 0),
	('84QFJ192', '0', 0, 0),
	('84QPE576', '0', 0, 0),
	('84QVL947', '0', 0, 0),
	('84QXU963', '0', 0, 0),
	('84RCM733', '6.596593604510417', 0, 0),
	('84RQO856', '0', 0, 0),
	('84RRU928', '0', 0, 0),
	('84RUH310', '0', 0, 0),
	('84RYU524', '0', 0, 0),
	('84SBP438', '0', 0, 0),
	('84SCU712', '0', 0, 0),
	('84SDL649', '0', 0, 0),
	('84SEX388', '0', 0, 0),
	('84SHH196', '0', 0, 0),
	('84SNE447', '0', 0, 0),
	('84SNK518', '0', 0, 0),
	('84SQD781', '1414.3937923659105', 0, 0),
	('84STN820', '0', 0, 0),
	('84SYX761', '3842.2916647977563', 0, 0),
	('84TFX949', '0', 0, 0),
	('84TGK901', '0', 0, 0),
	('84TGP560', '240.9643894941546', 0, 0),
	('84TGQ072', '0', 0, 0),
	('84TKI024', '0', 0, 0),
	('84TMP323', '799.1954057216644', 0, 0),
	('84TNB041', '0', 0, 0),
	('84UBF161', '0', 0, 0),
	('84UDN232', '132.77417527139187', 0, 0),
	('84UMX418', '0', 0, 0),
	('84USA531', '0', 0, 0),
	('84UZU056', '0', 0, 0),
	('84VBZ699', '0', 0, 0),
	('84VUN352', '1119.1615022439837', 0, 0),
	('84VWF305', '444.39104786142707', 0, 0),
	('84WFH354', '0', 0, 0),
	('84WGV373', '0', 0, 0),
	('84WIQ930', '0.0003325192956253886', 0, 0),
	('84WJC407', '0', 0, 0),
	('84WJI566', '0', 0, 0),
	('84WJZ201', '0', 0, 0),
	('84WMB288', '0', 0, 0),
	('84WPF719', '0', 0, 0),
	('84WWW859', '0', 0, 0),
	('84XAE693', '0', 0, 0),
	('84XBW693', '0', 0, 0),
	('84XCL974', '0', 0, 0),
	('84XHV735', '0', 0, 0),
	('84XLL822', '393.91435623168945', 0, 0),
	('84XQF370', '1.9372416288242675', 0, 0),
	('84XZP277', '0', 0, 0),
	('84YCT880', '0', 0, 0),
	('84YLO637', '0', 0, 0),
	('84YOW479', '0', 0, 0),
	('84YPT335', '0', 0, 0),
	('84YTE606', '1244.0675343871117', 0, 0),
	('84YUT720', '1666.6641144171153', 0, 0),
	('84YWQ588', '0', 0, 0),
	('84YXX658', '0', 0, 0),
	('84ZAI795', '0', 0, 0),
	('84ZGE690', '0', 0, 0),
	('84ZHB987', '0', 0, 0),
	('84ZIW444', '0', 0, 0),
	('84ZJJ724', '0', 0, 0),
	('84ZLB922', '0', 0, 0),
	('84ZLD877', '233.26579447090626', 0, 0),
	('84ZOH056', '0', 0, 0),
	('84ZPT774', '0', 0, 0),
	('84ZXC452', '0', 0, 0),
	('84ZYD329', '910.6909184902906', 0, 0),
	('84ZZL570', '0', 0, 0),
	('85AAN660', '0', 0, 0),
	('85AKS742', '0', 0, 0),
	('85ALY814', '1524.2392365932465', 0, 0),
	('85AOA307', '1520.1418366958387', 0, 0),
	('85ARJ325', '0', 0, 0),
	('85AUD619', '0', 0, 0),
	('85BCQ675', '0', 0, 0),
	('85BJA352', '52.75381681555882', 0, 0),
	('85BME585', '644.2788720464814', 0, 0),
	('85BNV670', '1691.2532710479572', 0, 0),
	('85BQM138', '759.3482162622386', 0, 0),
	('85BRG920', '0', 0, 0),
	('85CEG825', '0', 0, 0),
	('85CFB683', '0', 0, 0),
	('85CHL048', '2733.386229462456', 0, 0),
	('85CII996', '0', 0, 0),
	('85CIO976', '0', 0, 0),
	('85CXN814', '1034.9383807604027', 0, 0),
	('85CYM741', '0', 0, 0),
	('85CZE530', '0.0000019073486328125', 0, 0),
	('85DAE033', '0', 0, 0),
	('85DBL003', '63.625709250569344', 0, 0),
	('85DBO479', '0', 0, 0),
	('85DFY217', '6394.320238536253', 0, 0),
	('85DIL601', '0', 0, 0),
	('85DKY356', '0', 0, 0),
	('85DTY962', '0', 0, 0),
	('85EAV556', '0', 0, 0),
	('85EDB764', '0', 0, 0),
	('85EQD140', '0', 0, 0),
	('85EQY301', '0', 0, 0),
	('85EUO490', '0', 0, 0),
	('85EUW224', '0.00055694580078125', 0, 0),
	('85EVB293', '0', 0, 0),
	('85EZH946', '0', 0, 0),
	('85FGC382', '0', 0, 0),
	('85FPL750', '0', 0, 0),
	('85FTE944', '0', 0, 0),
	('85FUE206', '141.2792568206787', 0, 0),
	('85GBC336', '0', 0, 0),
	('85GHZ687', '1.3820666074752808', 0, 0),
	('85GKJ266', '0', 0, 0),
	('85GOZ184', '0', 0, 0),
	('85HEA492', '0', 0, 0),
	('85HHJ221', '0', 0, 0),
	('85HJU571', '185.345830662176', 0, 0),
	('85HOC421', '0', 0, 0),
	('85IGM036', '215.4074700921774', 0, 0),
	('85IHT601', '2.8125611732248217', 0, 0),
	('85IOI192', '0', 0, 0),
	('85IPC084', '59.615229681134224', 0, 0),
	('85IPU813', '0', 0, 0),
	('85IQS530', '0', 0, 0),
	('85ISE512', '0', 0, 0),
	('85IVF304', '0', 0, 0),
	('85IWW529', '0', 0, 0),
	('85JGZ329', '0', 0, 0),
	('85JIA386', '0', 0, 0),
	('85JKU439', '0', 0, 0),
	('85JOF787', '0', 0, 0),
	('85JPZ616', '0', 0, 0),
	('85JRM020', '0', 0, 0),
	('85JUZ766', '1.3241686820983887', 0, 0),
	('85KKP228', '0', 0, 0),
	('85KWI805', '0', 0, 0),
	('85KXX238', '0', 0, 0),
	('85LEX286', '0', 0, 0),
	('85LQA436', '0', 0, 0),
	('85LQD783', '5408.109807461093', 0, 0),
	('85LQX731', '0', 0, 0),
	('85LSP920', '0', 0, 0),
	('85LVO313', '363.63855163007975', 0, 0),
	('85LZH167', '1.676832914352417', 0, 0),
	('85MAK633', '0', 0, 0),
	('85MHA828', '0', 0, 0),
	('85MKG151', '12.036110572516918', 0, 0),
	('85MLQ037', '0', 0, 0),
	('85MOW809', '0', 0, 0),
	('85MOX170', '0', 0, 0),
	('85MRA088', '3.0367714662570506', 0, 0),
	('85MRV293', '37.47370442003012', 0, 0),
	('85MUI687', '0', 0, 0),
	('85NCV088', '0', 0, 0),
	('85NEA184', '0', 0, 0),
	('85NED438', '4758.631838791713', 0, 0),
	('85NGS936', '0', 0, 0),
	('85NTK115', '0', 0, 0),
	('85OEM915', '0', 0, 0),
	('85OHN838', '0', 0, 0),
	('85OII025', '0', 0, 0),
	('85OPB245', '179.64779385295697', 0, 0),
	('85OVA575', '8.990200251340866', 0, 0),
	('85OVD270', '169.40667374280747', 0, 0),
	('85OYJ514', '0', 0, 0),
	('85PCZ251', '0', 0, 0),
	('85PEI090', '0', 0, 0),
	('85PHQ843', '0', 0, 0),
	('85PKV318', '33.54763096757233', 0, 0),
	('85PLB280', '0', 0, 0),
	('85PLM966', '60.35541259124875', 0, 0),
	('85PMH523', '0', 0, 0),
	('85PSB806', '0', 0, 0),
	('85PXM319', '0', 0, 0),
	('85PYA136', '0', 0, 0),
	('85PYE108', '0', 0, 0),
	('85QFK919', '0', 0, 0),
	('85QFS678', '0', 0, 0),
	('85QGH126', '0', 0, 0),
	('85QNY046', '4294.317375525832', 0, 0),
	('85QON527', '0', 0, 0),
	('85QSE153', '0', 0, 0),
	('85QTB348', '0', 0, 0),
	('85QUQ629', '0', 0, 0),
	('85QVJ186', '0', 0, 0),
	('85RAY132', '0', 0, 0),
	('85REY188', '0', 0, 0),
	('85RGB454', '1710.7089646393433', 0, 0),
	('85RIL572', '994.9192298650742', 0, 0),
	('85RME756', '0', 0, 0),
	('85RMJ495', '0', 0, 0),
	('85RPL889', '1703.1382918375893', 0, 0),
	('85SHZ916', '0', 0, 0),
	('85SIO277', '0', 0, 0),
	('85SJJ834', '0', 0, 0),
	('85STK377', '0', 0, 0),
	('85SUH672', '0', 0, 0),
	('85SUW097', '0', 0, 0),
	('85SXY579', '1422.438592683524', 0, 0),
	('85TDL537', '61.231464978307486', 0, 0),
	('85TNB583', '0', 0, 0),
	('85TPC811', '48.18049999169307', 0, 0),
	('85TPW603', '0', 0, 0),
	('85UJP086', '0', 0, 0),
	('85UJT940', '0', 0, 0),
	('85ULJ157', '0', 0, 0),
	('85UNN126', '0', 0, 0),
	('85UOI321', '3813.1396731447894', 0, 0),
	('85UVU794', '0', 0, 0),
	('85UZM847', '6952.272155021514', 0, 0),
	('85VBF902', '0', 0, 0),
	('85VDS317', '4300.869848752831', 0, 0),
	('85VKM852', '4321.014927912445', 0, 0),
	('85VLY571', '0', 0, 0),
	('85VVC800', '932.5875880718231', 0, 0),
	('85WAN556', '0', 0, 0),
	('85WDU697', '0', 0, 0),
	('85WMC292', '0', 0, 0),
	('85WWX467', '0', 0, 0),
	('85WXM749', '99.38701143428625', 0, 0),
	('85WZB424', '0', 0, 0),
	('85XEP602', '0', 0, 0),
	('85XHA257', '283.5926862861961', 0, 0),
	('85XIO538', '0', 0, 0),
	('85XKY172', '0', 0, 0),
	('85XLU300', '0', 0, 0),
	('85XNX409', '0', 0, 0),
	('85XSH988', '0', 0, 0),
	('85XSP259', '0', 0, 0),
	('85XYM300', '0', 0, 0),
	('85XZB723', '0', 0, 0),
	('85XZG239', '0', 0, 0),
	('85XZY028', '0', 0, 0),
	('85YAA650', '0', 0, 0),
	('85YDG973', '0', 0, 0),
	('85YHZ980', '0', 0, 0),
	('85YLM394', '0', 0, 0),
	('85YME186', '0', 0, 0),
	('85YWU194', '0', 0, 0),
	('85ZGK339', '0', 0, 0),
	('85ZKF659', '0', 0, 0),
	('85ZQD654', '0', 0, 0),
	('85ZYY727', '0', 0, 0),
	('86ABA997', '0', 0, 0),
	('86AEB324', '0', 0, 0),
	('86AEF196', '0', 0, 0),
	('86AFQ652', '0', 0, 0),
	('86AIS580', '2963.860489769606', 0, 0),
	('86AOC551', '0', 0, 0),
	('86APR831', '43.86762453522533', 0, 0),
	('86BAO827', '41.15013128401188', 0, 0),
	('86BBF902', '0', 0, 0),
	('86BHC952', '0.01796875335276127', 0, 0),
	('86BIV285', '1274.368776317453', 0, 0),
	('86BKM070', '0', 0, 0),
	('86BRI559', '0', 0, 0),
	('86BUL515', '0', 0, 0),
	('86CDS545', '0', 0, 0),
	('86CHK596', '7738.448842293039', 0, 0),
	('86CNR078', '0', 0, 0),
	('86CSC049', '0', 0, 0),
	('86CXP423', '0', 0, 0),
	('86CZT620', '0', 0, 0),
	('86DCA631', '0', 0, 0),
	('86DHR012', '0', 0, 0),
	('86DID751', '0', 0, 0),
	('86DJA958', '0', 0, 0),
	('86DKD915', '0', 0, 0),
	('86DPX288', '0', 0, 0),
	('86DPY601', '0', 0, 0),
	('86DSK683', '0', 0, 0),
	('86DVC600', '0.027502133249072358', 0, 0),
	('86DXS799', '0', 0, 0),
	('86DYH833', '0', 0, 0),
	('86DYM648', '0', 0, 0),
	('86EBG149', '24917.558427741045', 0, 0),
	('86EJJ423', '0', 0, 0),
	('86EKA519', '21.09916800726205', 0, 0),
	('86EKS883', '0', 0, 0),
	('86EMK658', '0.4455713019706309', 0, 0),
	('86EUR029', '678.5158990733325', 0, 0),
	('86FCG700', '0', 0, 0),
	('86FDB606', '0', 0, 0),
	('86FDX856', '0', 0, 0),
	('86FLQ145', '3039.879913222685', 0, 0),
	('86FND220', '0', 0, 0),
	('86FQA007', '0.0025725006125867367', 0, 0),
	('86FTA471', '0', 0, 0),
	('86GHD295', '0', 0, 0),
	('86GKH429', '0', 0, 0),
	('86GOA446', '0', 0, 0),
	('86GPG796', '0', 0, 0),
	('86GPJ863', '94.29164576530457', 0, 0),
	('86GRY548', '0', 0, 0),
	('86GSO197', '0', 0, 0),
	('86GWG114', '0', 0, 0),
	('86GXJ170', '24.412514835596085', 0, 0),
	('86GYQ152', '4.415948964655399', 0, 0),
	('86HAN008', '1773.84163118781', 0, 0),
	('86HCY655', '0', 0, 0),
	('86HKD056', '0', 0, 0),
	('86HLT303', '0', 0, 0),
	('86HSQ635', '0', 0, 0),
	('86HTL392', '0', 0, 0),
	('86ICA193', '0', 0, 0),
	('86ICS424', '541.4476355542429', 0, 0),
	('86IEM577', '0', 0, 0),
	('86IPY440', '0', 0, 0),
	('86JEP282', '0', 0, 0),
	('86JFW352', '330.3104834118858', 0, 0),
	('86JHL839', '0', 0, 0),
	('86JQY003', '0', 0, 0),
	('86JSE374', '0', 0, 0),
	('86JYE771', '0', 0, 0),
	('86JZT050', '0', 0, 0),
	('86KEL665', '0', 0, 0),
	('86KIE632', '2.0999636977212504', 0, 0),
	('86KKY783', '0', 0, 0),
	('86KLH560', '487.0490846633911', 0, 0),
	('86KML594', '1.6488839962985367', 0, 0),
	('86KOO893', '0', 0, 0),
	('86KRP377', '4.152267336845398', 0, 0),
	('86KTZ910', '531.4201106308028', 0, 0),
	('86KUR995', '0', 0, 0),
	('86KXS499', '0', 0, 0),
	('86LCE607', '0', 0, 0),
	('86LDB892', '0', 0, 0),
	('86LFN286', '0', 0, 0),
	('86LGC720', '0', 0, 0),
	('86LGZ715', '0', 0, 0),
	('86LIP904', '0', 0, 0),
	('86LLN232', '0', 0, 0),
	('86LNX470', '0', 0, 0),
	('86LPM155', '0', 0, 0),
	('86LSN639', '0', 0, 0),
	('86LTU700', '0', 0, 0),
	('86LZN789', '0', 0, 0),
	('86MBT998', '0', 0, 0),
	('86MEB453', '0', 0, 0),
	('86MHZ586', '0', 0, 0),
	('86MRB101', '0', 0, 0),
	('86MUI949', '0', 0, 0),
	('86MXZ847', '0', 0, 0),
	('86MZC103', '0', 0, 0),
	('86NAH579', '626.1246282721404', 0, 0),
	('86NDP979', '0', 0, 0),
	('86NJM109', '0', 0, 0),
	('86NKC297', '23.04014292359352', 0, 0),
	('86NKF902', '0', 0, 0),
	('86NTN744', '0', 0, 0),
	('86NUC178', '88.43125332985073', 0, 0),
	('86NUF744', '0', 0, 0),
	('86OCR617', '0', 0, 0),
	('86OQP265', '4143.796732050832', 0, 0),
	('86PAX402', '0', 0, 0),
	('86PEK806', '0', 0, 0),
	('86PHL091', '0', 0, 0),
	('86PKP207', '0', 0, 0),
	('86PLH057', '0', 0, 0),
	('86POA112', '0', 0, 0),
	('86QAR293', '0', 0, 0),
	('86QDX065', '7.457679522444778', 0, 0),
	('86QEN511', '0', 0, 0),
	('86QFK467', '4421.238193438156', 0, 0),
	('86QTC810', '0', 0, 0),
	('86ROX070', '0', 0, 0),
	('86RPD120', '0', 0, 0),
	('86RPM496', '14.464837211678969', 0, 0),
	('86RPO797', '0', 0, 0),
	('86RSQ525', '27.122199922800064', 0, 0),
	('86RVG243', '0', 0, 0),
	('86RVO453', '0', 0, 0),
	('86RWA172', '3000.7873610407114', 0, 0),
	('86RWC471', '0', 0, 0),
	('86RZH504', '0', 0, 0),
	('86SAD005', '0', 0, 0),
	('86SCK432', '0', 0, 0),
	('86SHA257', '0', 0, 0),
	('86SIJ695', '0', 0, 0),
	('86SJD524', '282.76602149009705', 0, 0),
	('86SLP762', '0', 0, 0),
	('86TAD464', '0', 0, 0),
	('86TDB577', '0', 0, 0),
	('86TDM043', '0', 0, 0),
	('86TEY764', '0', 0, 0),
	('86TGO971', '0', 0, 0),
	('86TIV014', '0', 0, 0),
	('86TMN224', '0', 0, 0),
	('86TND012', '0', 0, 0),
	('86TOQ579', '0', 0, 0),
	('86TWM756', '0', 0, 0),
	('86UCS553', '1.4197999238967896', 0, 0),
	('86UEG535', '0', 0, 0),
	('86UFY325', '0', 0, 0),
	('86UGN606', '0', 0, 0),
	('86UNG827', '0', 0, 0),
	('86UVY604', '0', 0, 0),
	('86UXK018', '0', 0, 0),
	('86VIB066', '0.00003197298792656511', 0, 0),
	('86VKS276', '0', 0, 0),
	('86VLE994', '0', 0, 0),
	('86VRE580', '0', 0, 0),
	('86VSY430', '0', 0, 0),
	('86WHO415', '0', 0, 0),
	('86WTO768', '0', 0, 0),
	('86WUL053', '4228.210316396435', 0, 0),
	('86XCJ675', '0', 0, 0),
	('86XFM348', '0', 0, 0),
	('86XGR118', '0', 0, 0),
	('86XGY887', '0', 0, 0),
	('86XII905', '14.970317209372297', 0, 0),
	('86XLN461', '0', 0, 0),
	('86XOO594', '0', 0, 0),
	('86XPH187', '0', 0, 0),
	('86XXW261', '0', 0, 0),
	('86XYS821', '0', 0, 0),
	('86XZZ537', '30.765114795416594', 0, 0),
	('86YAE103', '615.6208570601302', 0, 0),
	('86YBU549', '0', 0, 0),
	('86YHR771', '0', 0, 0),
	('86YHU586', '0', 0, 0),
	('86YQB679', '0', 0, 0),
	('86YRY974', '17000.318467477555', 0, 0),
	('86YSE045', '0', 0, 0),
	('86YVL358', '290.1516356971697', 0, 0),
	('86ZCR746', '0', 0, 0),
	('86ZLW818', '0', 0, 0),
	('86ZQE482', '0', 0, 0),
	('86ZSN400', '24.79565515369177', 0, 0),
	('86ZWG573', '0', 0, 0),
	('87ADD906', '0', 0, 0),
	('87ATL490', '0', 0, 0),
	('87BJM832', '0', 0, 0),
	('87BOD811', '499.3744313120842', 0, 0),
	('87BRH024', '0', 0, 0),
	('87BVM284', '0', 0, 0),
	('87BXM448', '0', 0, 0),
	('87BYW202', '0', 0, 0),
	('87BYY166', '0', 0, 0),
	('87CAG603', '0', 0, 0),
	('87CCE715', '0', 0, 0),
	('87CDS097', '0.8643726110458374', 0, 0),
	('87CKE322', '0', 0, 0),
	('87CNL455', '117.72902625642018', 0, 0),
	('87CQH424', '0', 0, 0),
	('87CTR462', '0', 0, 0),
	('87CWB403', '0', 0, 0),
	('87DBH410', '0', 0, 0),
	('87DFX620', '0', 0, 0),
	('87DRW663', '0', 0, 0),
	('87DVB842', '0', 0, 0),
	('87EAU869', '0', 0, 0),
	('87EAZ536', '2.366578220273368', 0, 0),
	('87EIH908', '0', 0, 0),
	('87ERQ642', '0', 0, 0),
	('87ERT709', '0', 0, 0),
	('87EUR567', '0', 0, 0),
	('87FCK318', '0', 0, 0),
	('87FDZ463', '0', 0, 0),
	('87FGC393', '0', 0, 0),
	('87FJE866', '669.5143682956696', 0, 0),
	('87FKN641', '0', 0, 0),
	('87FKQ046', '8.56489235162735', 0, 0),
	('87FMK199', '0', 0, 0),
	('87FNS674', '0', 0, 0),
	('87FNZ313', '551.066669358348', 0, 0),
	('87GAC773', '0', 0, 0),
	('87GAL812', '695.2567987453222', 0, 0),
	('87GCK778', '0', 0, 0),
	('87GEW162', '89.40632659188122', 0, 0),
	('87GFI880', '0', 0, 0),
	('87HOX030', '6.487357314676046', 0, 0),
	('87HRF181', '620.3749571293592', 0, 0),
	('87HRF982', '0', 0, 0),
	('87HSR141', '0', 0, 0),
	('87HUA738', '0', 0, 0),
	('87HXC112', '0', 0, 0),
	('87HYT299', '0', 0, 0),
	('87IAG745', '0', 0, 0),
	('87IDP178', '0', 0, 0),
	('87INF126', '0', 0, 0),
	('87IQF520', '192.39619257528102', 0, 0),
	('87ITI248', '0', 0, 0),
	('87JFC263', '0', 0, 0),
	('87JJV727', '0', 0, 0),
	('87JNI931', '0', 0, 0),
	('87JOL698', '0', 0, 0),
	('87JPT034', '165.0740170031786', 0, 0),
	('87JTL233', '0', 0, 0),
	('87JWS366', '0', 0, 0),
	('87KBO059', '0', 0, 0),
	('87KHP351', '4.485428280197084', 0, 0),
	('87KLK424', '0', 0, 0),
	('87KSD524', '0', 0, 0),
	('87LAU569', '0', 0, 0),
	('87LCD135', '0', 0, 0),
	('87LDA330', '0', 0, 0),
	('87LFQ540', '0', 0, 0),
	('87LSG980', '56.52613639831543', 0, 0),
	('87LTA619', '0', 0, 0),
	('87LTD185', '0', 0, 0),
	('87LXQ569', '0', 0, 0),
	('87MGD062', '1693.8870150302537', 0, 0),
	('87MIS171', '0', 0, 0),
	('87MLM445', '53.87185421952745', 0, 0),
	('87MND120', '0', 0, 0),
	('87MYN675', '0.0008820967332212604', 0, 0),
	('87MYO821', '0', 0, 0),
	('87MZJ724', '0', 0, 0),
	('87NBY222', '0', 0, 0),
	('87NFJ570', '0', 0, 0),
	('87OCS124', '0', 0, 0),
	('87ODH649', '0', 0, 0),
	('87OKB195', '0', 0, 0),
	('87OTG422', '0', 0, 0),
	('87OXE547', '0', 0, 0),
	('87PIE332', '83.9426590153962', 0, 0),
	('87POB684', '0', 0, 0),
	('87POE939', '21.10131401650142', 0, 0),
	('87POG040', '0', 0, 0),
	('87PSU048', '0', 0, 0),
	('87QAR952', '0', 0, 0),
	('87QBE035', '484.5721532268217', 0, 0),
	('87QEH942', '0', 0, 0),
	('87QJC894', '0', 0, 0),
	('87QLE995', '23.7473975867033', 0, 0),
	('87QLF260', '0', 0, 0),
	('87QOG487', '0', 0, 0),
	('87QRE592', '0', 0, 0),
	('87QRH295', '0', 0, 0),
	('87QTU609', '0', 0, 0),
	('87QUO328', '0', 0, 0),
	('87QXH614', '0', 0, 0),
	('87RCB230', '0', 0, 0),
	('87RFF204', '1519.89607976377', 0, 0),
	('87RGU586', '0', 0, 0),
	('87RKH798', '0', 0, 0),
	('87RNU003', '0', 0, 0),
	('87RPM156', '0', 0, 0),
	('87SBP746', '0', 0, 0),
	('87SGX291', '0', 0, 0),
	('87SHU147', '281.284758368507', 0, 0),
	('87SRW434', '0', 0, 0),
	('87SVH784', '0', 0, 0),
	('87SXC341', '1494.2368046031334', 0, 0),
	('87TAX256', '0', 0, 0),
	('87TBS451', '17.786568459356204', 0, 0),
	('87TUC177', '0', 0, 0),
	('87TZQ484', '33.63837233593222', 0, 0),
	('87UMR545', '0', 0, 0),
	('87UNF355', '0', 0, 0),
	('87USO775', '36.805844460381195', 0, 0),
	('87VEA391', '0', 0, 0),
	('87VGR580', '0', 0, 0),
	('87VIA515', '0', 0, 0),
	('87VIV856', '0', 0, 0),
	('87VOV801', '0', 0, 0),
	('87VRD753', '209.3724775314331', 0, 0),
	('87VYC083', '4.492548227310181', 0, 0),
	('87WAI715', '0', 0, 0),
	('87WAO627', '0', 0, 0),
	('87WBD601', '0', 0, 0),
	('87WKI141', '0', 0, 0),
	('87WKN348', '0', 0, 0),
	('87WUO881', '49.95532734366134', 0, 0),
	('87XFD301', '0', 0, 0),
	('87XMD798', '15.684836447238922', 0, 0),
	('87XNM574', '0', 0, 0),
	('87XQQ102', '0', 0, 0),
	('87YGD962', '0', 0, 0),
	('87YHU598', '0', 0, 0),
	('87YPD359', '0', 0, 0),
	('87YRT468', '0', 0, 0),
	('87YUX338', '0.009479343891143799', 0, 0),
	('87YZF883', '0', 0, 0),
	('87ZAD345', '0', 0, 0),
	('87ZAU430', '0', 0, 0),
	('87ZDA201', '0.9514721035957336', 0, 0),
	('87ZGG767', '0', 0, 0),
	('87ZTE013', '0', 0, 0),
	('87ZTG314', '0', 0, 0),
	('88ALT975', '0', 0, 0),
	('88AMF693', '791.9242689954845', 0, 0),
	('88BCL023', '0', 0, 0),
	('88BEU061', '0', 0, 0),
	('88BFR366', '0', 0, 0),
	('88BYA775', '0', 0, 0),
	('88CBY492', '0', 0, 0),
	('88CNP979', '0', 0, 0),
	('88CQJ932', '0', 0, 0),
	('88CRF181', '0', 0, 0),
	('88CRX424', '0', 0, 0),
	('88CYW564', '0', 0, 0),
	('88DLD135', '0', 0, 0),
	('88DLG292', '0', 0, 0),
	('88DQL691', '0', 0, 0),
	('88DQQ530', '0', 0, 0),
	('88DSD443', '129.4245124195586', 0, 0),
	('88DWQ837', '0', 0, 0),
	('88EBP326', '0', 0, 0),
	('88EEG244', '0', 0, 0),
	('88EEM395', '0', 0, 0),
	('88EFD539', '8.037898063659668', 0, 0),
	('88EHS628', '0', 0, 0),
	('88EIB897', '0', 0, 0),
	('88EPY040', '0', 0, 0),
	('88EWC122', '0', 0, 0),
	('88EYG588', '0', 0, 0),
	('88EYL393', '0', 0, 0),
	('88FWF927', '0', 0, 0),
	('88FWM686', '0', 0, 0),
	('88FZG840', '0', 0, 0),
	('88GDZ762', '0', 0, 0),
	('88GLP710', '0', 0, 0),
	('88GOB792', '0', 0, 0),
	('88GOV044', '0', 0, 0),
	('88GYR299', '73.93122158363985', 0, 0),
	('88HAH858', '0', 0, 0),
	('88HFJ142', '0', 0, 0),
	('88HHY829', '429.9401468706201', 0, 0),
	('88HIP476', '0', 0, 0),
	('88HJH265', '2456.649550423517', 0, 0),
	('88HOS777', '0', 0, 0),
	('88HPM668', '0', 0, 0),
	('88ICV591', '1018.5368974497542', 0, 0),
	('88IHD632', '0', 0, 0),
	('88IKX793', '0', 0, 0),
	('88JCY296', '0', 0, 0),
	('88JQN377', '0', 0, 0),
	('88JWS838', '0', 0, 0),
	('88JXQ751', '0', 0, 0),
	('88JYN946', '206.31540863914415', 0, 0),
	('88JZM092', '230.6873363852501', 0, 0),
	('88KBF001', '5.438416481018066', 0, 0),
	('88KPW281', '0', 0, 0),
	('88KQT149', '0', 0, 0),
	('88KRF867', '543.1095781408367', 0, 0),
	('88KRN078', '0', 0, 0),
	('88KSA119', '0', 0, 0),
	('88KXT436', '0', 0, 0),
	('88LCF642', '0', 0, 0),
	('88LEQ428', '35.35338424844667', 0, 0),
	('88LHN417', '0', 0, 0),
	('88LJW256', '0', 0, 0),
	('88LLQ309', '0', 0, 0),
	('88MER495', '0', 0, 0),
	('88MFO780', '0', 0, 0),
	('88MGX851', '0', 0, 0),
	('88MPL809', '0', 0, 0),
	('88MVL327', '45.92331179976463', 0, 0),
	('88MVT537', '0', 0, 0),
	('88MWH355', '0', 0, 0),
	('88NKI069', '0', 0, 0),
	('88NPI464', '0', 0, 0),
	('88NQF310', '0', 0, 0),
	('88NRT671', '443.68877016054466', 0, 0),
	('88NTG794', '0', 0, 0),
	('88NXF817', '419.78760062600486', 0, 0),
	('88NYT198', '10093.588469907758', 0, 0),
	('88OAY711', '0', 0, 0),
	('88OCP316', '0', 0, 0),
	('88ODF306', '211.88411988131702', 0, 0),
	('88OHD229', '0', 0, 0),
	('88OJL874', '0', 0, 0),
	('88OJO579', '0', 0, 0),
	('88OKF703', '0', 0, 0),
	('88OLA559', '69.07633877755143', 0, 0),
	('88OMO831', '0', 0, 0),
	('88ONB961', '67.45488148226286', 0, 0),
	('88OQI025', '0', 0, 0),
	('88PDI111', '0', 0, 0),
	('88PFX208', '0', 0, 0),
	('88PGJ929', '0', 0, 0),
	('88PLF364', '0', 0, 0),
	('88PML635', '0', 0, 0),
	('88PPV474', '20.19128962373361', 0, 0),
	('88QAP755', '0', 0, 0),
	('88QAU568', '5.45006207836559', 0, 0),
	('88QFO722', '0', 0, 0),
	('88QOY279', '0', 0, 0),
	('88QVD977', '0', 0, 0),
	('88QXI154', '7.79438067402225', 0, 0),
	('88RAP192', '0', 0, 0),
	('88RMA293', '0', 0, 0),
	('88RMG063', '0', 0, 0),
	('88RNP540', '0', 0, 0),
	('88RNS345', '0', 0, 0),
	('88RTU941', '0', 0, 0),
	('88RZX263', '0', 0, 0),
	('88SFG776', '0', 0, 0),
	('88SIM800', '1.0043670348532032', 0, 0),
	('88SIP505', '0', 0, 0),
	('88SLL177', '0', 0, 0),
	('88SOP101', '0', 0, 0),
	('88SZG159', '0', 0, 0),
	('88TAB916', '0', 0, 0),
	('88TBP297', '0', 0, 0),
	('88THY660', '0', 0, 0),
	('88TIJ032', '0', 0, 0),
	('88TLR412', '0', 0, 0),
	('88TNX911', '0', 0, 0),
	('88TQF553', '0', 0, 0),
	('88TRO663', '0', 0, 0),
	('88TRT478', '0', 0, 0),
	('88UCN559', '29.103004068136215', 0, 0),
	('88UCQ464', '0', 0, 0),
	('88UDZ635', '0', 0, 0),
	('88UEW820', '391.7014957005158', 0, 0),
	('88UJE699', '0', 0, 0),
	('88UNE505', '0', 0, 0),
	('88UTK196', '0', 0, 0),
	('88UVV303', '0', 0, 0),
	('88UWP252', '0', 0, 0),
	('88UXC383', '0', 0, 0),
	('88VPS648', '159.18365997076035', 0, 0),
	('88VRK492', '0', 0, 0),
	('88WBE173', '3745.0083603106177', 0, 0),
	('88WDQ557', '0', 0, 0),
	('88WHE770', '0', 0, 0),
	('88WHH475', '0', 0, 0),
	('88WHJ574', '0', 0, 0),
	('88WHK841', '0', 0, 0),
	('88WKN808', '0', 0, 0),
	('88WKQ975', '0', 0, 0),
	('88WNH073', '54.88895507299458', 0, 0),
	('88WQN107', '0', 0, 0),
	('88WSW376', '0', 0, 0),
	('88WYX578', '0', 0, 0),
	('88XAH958', '13625.35445761116', 0, 0),
	('88XBK886', '52.17378680408001', 0, 0),
	('88XCF081', '0', 0, 0),
	('88XGX290', '0', 0, 0),
	('88XIE333', '0', 0, 0),
	('88XJN107', '0', 0, 0),
	('88XJS613', '0', 0, 0),
	('88XLN160', '0', 0, 0),
	('88XXL556', '0', 0, 0),
	('88YDN591', '2867.2126075971173', 0, 0),
	('88YFF644', '4363.769967663102', 0, 0),
	('88YHP680', '6101.822287195275', 0, 0),
	('88YNW152', '0', 0, 0),
	('88YPF888', '0.3345182240009308', 0, 0),
	('88YQC744', '4484.499685665989', 0, 0),
	('88YRQ205', '0', 0, 0),
	('88YVE118', '0', 0, 0),
	('88ZAE972', '0', 0, 0),
	('88ZAS899', '0', 0, 0),
	('88ZHU485', '0', 0, 0),
	('88ZKZ060', '0', 0, 0),
	('88ZLI408', '0', 0, 0),
	('88ZPI433', '0', 0, 0),
	('88ZQF638', '3493.3711187031586', 0, 0),
	('88ZSO567', '0', 0, 0),
	('89ACL857', '0', 0, 0),
	('89AKW655', '0', 0, 0),
	('89ARP775', '0', 0, 0),
	('89ATB159', '5.545924851670861', 0, 0),
	('89AWN952', '0', 0, 0),
	('89AXX718', '0', 0, 0),
	('89AYP725', '1347.5901376648108', 0, 0),
	('89BBY764', '0', 0, 0),
	('89BFM618', '0', 0, 0),
	('89BLN710', '0', 0, 0),
	('89BMG935', '0', 0, 0),
	('89BMJ740', '0', 0, 0),
	('89BOT053', '0', 0, 0),
	('89BUY456', '0', 0, 0),
	('89CHY231', '8275.128544498235', 0, 0),
	('89CQQ801', '172.8249720595777', 0, 0),
	('89CRX972', '0', 0, 0),
	('89CYQ172', '0', 0, 0),
	('89DGN785', '0', 0, 0),
	('89DIY892', '1.6867105960845947', 0, 0),
	('89DJN948', '0', 0, 0),
	('89DLG764', '0', 0, 0),
	('89DTN332', '0', 0, 0),
	('89DWY560', '0', 0, 0),
	('89DXK288', '0', 0, 0),
	('89EBK225', '0', 0, 0),
	('89EGB904', '0', 0, 0),
	('89ELJ449', '0', 0, 0),
	('89ENT587', '40.58891250862507', 0, 0),
	('89EOH305', '2075.975421306095', 0, 0),
	('89EPW853', '0', 0, 0),
	('89ERL538', '0', 0, 0),
	('89EVW809', '0', 0, 0),
	('89EWQ798', '0', 0, 0),
	('89EZS227', '0', 0, 0),
	('89FAP212', '0', 0, 0),
	('89FAZ643', '0', 0, 0),
	('89FKU818', '0', 0, 0),
	('89FQZ219', '0', 0, 0),
	('89FUS271', '0', 0, 0),
	('89GDW509', '0', 0, 0),
	('89GIR450', '0', 0, 0),
	('89GJC306', '2869.830898666347', 0, 0),
	('89GJW556', '38.251256646588445', 0, 0),
	('89GJZ601', '2479.7976638340624', 0, 0),
	('89GKT751', '0', 0, 0),
	('89GTV976', '275.62714965926716', 0, 0),
	('89GTY781', '0', 0, 0),
	('89GYM809', '0', 0, 0),
	('89HBV699', '0', 0, 0),
	('89HBW948', '20838.54703015396', 0, 0),
	('89HFL585', '2755.597223822784', 0, 0),
	('89HPL819', '0', 0, 0),
	('89HUE356', '0', 0, 0),
	('89HVR407', '0', 0, 0),
	('89INJ762', '6.543559800833464', 0, 0),
	('89IQI687', '6.098646847472992', 0, 0),
	('89IRU857', '0', 0, 0),
	('89ITM900', '0', 0, 0),
	('89ITR703', '0', 0, 0),
	('89IUY874', '0', 0, 0),
	('89JIX265', '0', 0, 0),
	('89JMS812', '0', 0, 0),
	('89JSU418', '0.0021012439392507076', 0, 0),
	('89JTJ932', '0', 0, 0),
	('89JVF065', '0', 0, 0),
	('89KFA676', '0', 0, 0),
	('89KFP099', '0', 0, 0),
	('89KFX200', '0', 0, 0),
	('89KGV123', '0', 0, 0),
	('89KHS428', '58.1246272623539', 0, 0),
	('89KLD778', '0', 0, 0),
	('89KXM797', '0', 0, 0),
	('89KYG626', '0', 0, 0),
	('89LAP765', '0', 0, 0),
	('89LEA013', '0', 0, 0),
	('89LHG805', '0', 0, 0),
	('89LPF020', '0', 0, 0),
	('89LRM191', '0', 0, 0),
	('89LWX701', '0', 0, 0),
	('89LXM136', '0', 0, 0),
	('89MBP326', '0', 0, 0),
	('89MCL286', '696.4235338176368', 0, 0),
	('89MII416', '0', 0, 0),
	('89MIL221', '0', 0, 0),
	('89MMG374', '0', 0, 0),
	('89MTP547', '0', 0, 0),
	('89MTX755', '0', 0, 0),
	('89MUM732', '0', 0, 0),
	('89MZV273', '0', 0, 0),
	('89NBS563', '0', 0, 0),
	('89NDI481', '52.62112696527038', 0, 0),
	('89NHB936', '0', 0, 0),
	('89NOS915', '450.6996980160475', 0, 0),
	('89NOV481', '9.462600891012698', 0, 0),
	('89NXY410', '0', 0, 0),
	('89NYM439', '40.34393241791986', 0, 0),
	('89OAH086', '175.9435559194535', 0, 0),
	('89OCQ025', '0', 0, 0),
	('89OEX196', '0', 0, 0),
	('89OGK109', '0', 0, 0),
	('89OHS518', '0', 0, 0),
	('89OQL833', '0', 0, 0),
	('89OST672', '0', 0, 0),
	('89OTH699', '0', 0, 0),
	('89OWI963', '0', 0, 0),
	('89OZK791', '912.5433680844726', 0, 0),
	('89PCK352', '506.7955104112625', 0, 0),
	('89PDC901', '0', 0, 0),
	('89PIY231', '0', 0, 0),
	('89PNH073', '5.252465724945068', 0, 0),
	('89PPW082', '0', 0, 0),
	('89PTM494', '1277.0082667238603', 0, 0),
	('89PZN596', '0', 0, 0),
	('89QHF048', '1357.5042318701744', 0, 0),
	('89QOH634', '0', 0, 0),
	('89QPV915', '0', 0, 0),
	('89QTQ967', '291.7396128177643', 0, 0),
	('89QVY017', '0', 0, 0),
	('89QWT874', '0', 0, 0),
	('89QYX140', '657.0522770169773', 0, 0),
	('89RAK223', '0', 0, 0),
	('89RAN891', '0', 0, 0),
	('89RDW638', '65.91557502746582', 0, 0),
	('89RFB817', '0', 0, 0),
	('89RGQ912', '0', 0, 0),
	('89RQT277', '215.49018479313236', 0, 0),
	('89SAW077', '0', 0, 0),
	('89SEU190', '0.08055913588032126', 0, 0),
	('89SMA593', '0.0020547606982290745', 0, 0),
	('89SVI051', '0', 0, 0),
	('89SVN864', '0', 0, 0),
	('89SWC780', '682.5587358074263', 0, 0),
	('89TIL641', '0', 0, 0),
	('89TLR984', '0', 0, 0),
	('89TOL148', '0', 0, 0),
	('89TPZ429', '0', 0, 0),
	('89TUQ569', '57.431513453659136', 0, 0),
	('89TXZ487', '1.438622236251831', 0, 0),
	('89TYI313', '19.258188609033823', 0, 0),
	('89UAV144', '0', 0, 0),
	('89UEO161', '0', 0, 0),
	('89UHQ456', '771.5263017592952', 0, 0),
	('89UJG308', '0', 0, 0),
	('89UJL113', '0', 0, 0),
	('89UNY397', '0', 0, 0),
	('89UPT919', '5570.739675088764', 0, 0),
	('89UQF458', '4267.867320513731', 0, 0),
	('89VAH240', '0', 0, 0),
	('89VCL695', '0', 0, 0),
	('89VCO390', '0', 0, 0),
	('89VEA705', '0', 0, 0),
	('89VFU634', '0', 0, 0),
	('89VIO918', '0', 0, 0),
	('89VNB302', '0', 0, 0),
	('89VWL298', '0', 0, 0),
	('89WDJ157', '0', 0, 0),
	('89WEX437', '0', 0, 0),
	('89WGU295', '1083.6460432151798', 0, 0),
	('89WLD137', '0', 0, 0),
	('89WOT502', '0', 0, 0),
	('89WRI558', '0', 0, 0),
	('89WXG855', '0', 0, 0),
	('89WZO126', '0.000003814697265625', 0, 0),
	('89XDM315', '0', 0, 0),
	('89XDQ455', '0', 0, 0),
	('89XJR716', '0', 0, 0),
	('89XKJ645', '0', 0, 0),
	('89XQL263', '0', 0, 0),
	('89XQO046', '0', 0, 0),
	('89XQP213', '0', 0, 0),
	('89XUJ366', '0', 0, 0),
	('89XWT204', '530.9509085416794', 0, 0),
	('89YLD569', '0', 0, 0),
	('89YLJ206', '0', 0, 0),
	('89YNT311', '0.6574679315090179', 0, 0),
	('89YPW610', '0', 0, 0),
	('89YRJ505', '0', 0, 0),
	('89YVZ712', '0', 0, 0),
	('89YYH554', '0', 0, 0),
	('89YYJ853', '1535.3305312395096', 0, 0),
	('89ZDA674', '0', 0, 0),
	('89ZDX971', '0', 0, 0),
	('89ZEJ610', '0', 0, 0),
	('89ZGY709', '23.838476095348597', 0, 0),
	('89ZHM516', '0', 0, 0),
	('89ZHV094', '0', 0, 0),
	('89ZYG597', '0', 0, 0),
	('89ZZS630', '0', 0, 0),
	('AAR 405 ', '10924.087000378857', 0, 0),
	('ABV 028 ', '2017.317567669903', 0, 0),
	('ACQ 895 ', '5131.812953948975', 0, 0),
	('AEK 215 ', '6.933425754308701', 0, 0),
	('AFD 898 ', '3480.498707069928', 0, 0),
	('AGL 611 ', '0', 0, 0),
	('AHM 150 ', '2.2542447324376553', 0, 0),
	('AIK 801 ', '5004.219522681553', 0, 0),
	('ALU 107 ', '50060.39889914301', 0, 0),
	('AOB 639 ', '272.71160891395994', 0, 0),
	('APS 241 ', '54.360068091744324', 0, 0),
	('ASG 912 ', '64.20779311255319', 0, 0),
	('ASG 941 ', '701.7499494723743', 0, 0),
	('ATS 662 ', '14976.110622552558', 0, 0),
	('AUG 625 ', '0.10534058790653944', 0, 0),
	('AUM 525 ', '1166.3851787330932', 0, 0),
	('AVC 674 ', '14820.462245769755', 0, 0),
	('AVI 354 ', '4178.718345340225', 0, 0),
	('AWL 823 ', '5131.8115234375', 0, 0),
	('AZN 253 ', '1060.6193590050825', 0, 0),
	('BAP 198 ', '20790.32443812152', 0, 0),
	('BAS 658 ', '5131.8139724731445', 0, 0),
	('BDW 688 ', '6319.453207625105', 0, 0),
	('BEL 477 ', '11609.655043523544', 0, 0),
	('BGU 351 ', '9907.487511163503', 0, 0),
	('BIL 864 ', '244.709479891113', 0, 0),
	('BPN 774 ', '6397.201878613909', 0, 0),
	('BPS 157 ', '76.43258330228855', 0, 0),
	('BQZ 8503', '6.636641612276435', 0, 0),
	('BRO 255 ', '1777.9785959487926', 0, 0),
	('BRQ 628 ', '1377.4016861295677', 0, 0),
	('BRS 540 ', '0', 0, 0),
	('BTY 109 ', '3400.1953649700154', 0, 0),
	('BUM 958 ', '15393.759885206098', 0, 0),
	('BUV 148 ', '2.1886131975334138', 0, 0),
	('BZJ 899 ', '5164.9996973524685', 0, 0),
	('CFD 588 ', '12.930932411924005', 0, 0),
	('CFS 805 ', '941.5934567588847', 0, 0),
	('CGP 288 ', '83.10299979289994', 0, 0),
	('CHOCOHAX', '685917.0158262107', 0, 0),
	('CIV 556 ', '84.23264247726183', 0, 0),
	('CJE 002 ', '15532.113498061226', 0, 0),
	('CMI 095 ', '173.5733442660421', 0, 0),
	('COU 427 ', '1285.3129721378573', 0, 0),
	('CSN 527 ', '4431.498403570731', 0, 0),
	('CTF 963 ', '3081.4207891984333', 0, 0),
	('CUI 148 ', '16330.278496310028', 0, 0),
	('CUX 151 ', '5131.8115234375', 0, 0),
	('CXD 556 ', '36.45150637626648', 0, 0),
	('CYL 538 ', '5131.81266784668', 0, 0),
	('DAO 068 ', '117.21109959390014', 0, 0),
	('DCY 886 ', '10939.351090448385', 0, 0),
	('DDR 154 ', '63.7286443997873', 0, 0),
	('DEF 382 ', '4421.43705763726', 0, 0),
	('DEO 972 ', '1314.5321269712877', 0, 0),
	('DMY 427 ', '45.2921518132207', 0, 0),
	('DQM 070 ', '1779.3705266885518', 0, 0),
	('DTM 135 ', '158.623385579951', 0, 0),
	('DUG 918 ', '38.09452428127406', 0, 0),
	('DVP 289 ', '8185.529614983854', 0, 0),
	('DVU 016 ', '1222.1427748483256', 0, 0),
	('DWT 742 ', '18023.369014694363', 0, 0),
	('DXD 841 ', '2281.4695557819796', 0, 0),
	('DXM 490 ', '13.678409110754728', 0, 0),
	('DXP 835 ', '415.12624264188344', 0, 0),
	('DXY 333 ', '0', 0, 0),
	('EBH 537 ', '1417.8315679958905', 0, 0),
	('EHA 731 ', '30.48515759781003', 0, 0),
	('EIB 311 ', '3523.276778642088', 0, 0),
	('EJC 875 ', '139.51533331535757', 0, 0),
	('ELE 586 ', '10376.662090297774', 0, 0),
	('EPG 016 ', '6421.902820022282', 0, 0),
	('EPM 337 ', '5289.264952480793', 0, 0),
	('ERK 199 ', '53.3206292820978', 0, 0),
	('ETA 467 ', '971.9029496088624', 0, 0),
	('ETW 785 ', '11366.030040388869', 0, 0),
	('EUB 373 ', '1516.313166480977', 0, 0),
	('EUN 368 ', '63.6137653356418', 0, 0),
	('EVF 631 ', '1532.2706062723882', 0, 0),
	('EYAD A 1', '4130.199576673505', 0, 0),
	('EYH 740 ', '2152.2208124650933', 0, 0),
	('EZR 109 ', '2895.329095146124', 0, 0),
	('FBB 069 ', '243.03810119628906', 0, 0),
	('FDF 099 ', '2121.068640807949', 0, 0),
	('FDL 707 ', '7075.250174064771', 0, 0),
	('FIL 553 ', '6546.23334172176', 0, 0),
	('FJH 217 ', '0.00042603525798767805', 0, 0),
	('FJZ 050 ', '0', 0, 0),
	('FKV 034 ', '719.9256918491883', 0, 0),
	('FOW 753 ', '3756.0049779685214', 0, 0),
	('FQC 129 ', '6161.099636106228', 0, 0),
	('FQD 646 ', '130.15765860583633', 0, 0),
	('FVZ 604 ', '7376.281714644108', 0, 0),
	('GCS 251 ', '452.74818338186014', 0, 0),
	('GCW 047 ', '5131.812404632568', 0, 0),
	('GCW 252 ', '11328.101696549613', 0, 0),
	('GDG 602 ', '1226.9427202678053', 0, 0),
	('GDK 459 ', '0', 0, 0),
	('GDR 467 ', '11891.618445589615', 0, 0),
	('GDU 051 ', '5270.20423485752', 0, 0),
	('GEF 880 ', '13705.31279354616', 0, 0),
	('GFT 709 ', '139.17482177587226', 0, 0),
	('GFV 479 ', '880.7838028054684', 0, 0),
	('GFZ 532 ', '5131.814454701496', 0, 0),
	('GJS 268 ', '836.8113974540902', 0, 0),
	('GKK 183 ', '5131.811756134033', 0, 0),
	('GLA 757 ', '27.88132950837462', 0, 0),
	('GMJ 344 ', '8175.832710240211', 0, 0),
	('GOF 226 ', '8.397369846701622', 0, 0),
	('GRF 310 ', '5131.812854766846', 0, 0),
	('GUB 622 ', '1044.126531365364', 0, 0),
	('HBL 445 ', '3397.655020760838', 0, 0),
	('HCU 374 ', '67.54907905735308', 0, 0),
	('HEK 719 ', '128.88592940423405', 0, 0),
	('HEM 210 ', '446.00129403569736', 0, 0),
	('HGX 221 ', '918.1633305001305', 0, 0),
	('HHH 954 ', '1.4111021757125854', 0, 0),
	('HJH 2668', '8858.000342696905', 0, 0),
	('HLI 291 ', '9211.2432620957', 0, 0),
	('HQK 601 ', '0', 0, 0),
	('HRW 783 ', '12102.408250765526', 0, 0),
	('HWD 677 ', '5357.071232118607', 0, 0),
	('HWU 601 ', '698.6600940450153', 0, 0),
	('HYF 208 ', '274.92498307232745', 0, 0),
	('HZF 594 ', '2524.1152900781017', 0, 0),
	('ICN 894 ', '17.595608234405518', 0, 0),
	('IDG 739 ', '3751.3769099928904', 0, 0),
	('IFN 686 ', '0', 0, 0),
	('IHE 600 ', '0', 0, 0),
	('IHQ 132 ', '1711.956309713889', 0, 0),
	('IIF 519 ', '6952.634995154629', 0, 0),
	('IIT 323 ', '347.44141817970376', 0, 0),
	('IJI 135 ', '62.56363712181337', 0, 0),
	('IKA 649 ', '33244.74616459361', 0, 0),
	('ILY 968 ', '47.80461882939562', 0, 0),
	('INW 744 ', '220.4422807295341', 0, 0),
	('ISR 724 ', '5545.299982889497', 0, 0),
	('ITZSALAH', '18078.751735966507', 0, 0),
	('IUL 836 ', '7093.1353518454125', 0, 0),
	('IVR 195 ', '703.5830312520266', 0, 0),
	('JAE 312 ', '0', 0, 0),
	('JAJ 682 ', '65.99213142553344', 0, 0),
	('JBM 655 ', '1.5531772278482094', 0, 0),
	('JFA 852 ', '0', 0, 0),
	('JFO 758 ', '33.8472155444324', 0, 0),
	('JHZ 958 ', '133.56447247992037', 0, 0),
	('JOI 831 ', '334.8398040893753', 0, 0),
	('JQJ 499 ', '579.2670802244102', 0, 0),
	('JQJ 848 ', '750.1461018770933', 0, 0),
	('JQO 672 ', '5.561269551515579', 0, 0),
	('JRF 038 ', '5131.8115234375', 0, 0),
	('JSZ 478 ', '18816.1123538362', 0, 0),
	('JWI 728 ', '0.001567840576171875', 0, 0),
	('JXG 918 ', '227.51959862705553', 0, 0),
	('JXS 605 ', '5131.81396484375', 0, 0),
	('KAI 677 ', '137.80715141945984', 0, 0),
	('KAW 164 ', '2575.092577038813', 0, 0),
	('KCT 492 ', '5131.814325823216', 0, 0),
	('KCX 774 ', '8437.55343189412', 0, 0),
	('KEL 379 ', '7526.518003038043', 0, 0),
	('KEO 278 ', '2408.255552937684', 0, 0),
	('KEP 644 ', '4702.134194091021', 0, 0),
	('KEU 629 ', '303.661136337425', 0, 0),
	('KGM 353 ', '2.212221648020204', 0, 0),
	('KGR 062 ', '275.1984288323438', 0, 0),
	('KGS 660 ', '9237.822547839372', 0, 0),
	('KHD 568 ', '37.81494356552139', 0, 0),
	('KHJ 169 ', '18142.66585109639', 0, 0),
	('KJP 120 ', '0', 0, 0),
	('KKI 567 ', '1001.1824462526347', 0, 0),
	('KON 851 ', '1388.4403030749527', 0, 0),
	('KRR 648 ', '1.392829418182373', 0, 0),
	('LAH 314 ', '5.273802321986295', 0, 0),
	('LCM 305 ', '1220.1292023166898', 0, 0),
	('LCW 411 ', '80.36140013911063', 0, 0),
	('LDV 7476', '2451.5944459925304', 0, 0),
	('LEN 214 ', '284.4982375462023', 0, 0),
	('LEW 001 ', '247.49545065973507', 0, 0),
	('LNB 245 ', '7611.708286910602', 0, 0),
	('LPH 582 ', '8590.816023579275', 0, 0),
	('LSC 982 ', '264.13022712792736', 0, 0),
	('LUV 380 ', '1.8794507991988212', 0, 0),
	('LZB 202 ', '816.4229580461979', 0, 0),
	('LZO 174 ', '12759.14455561107', 0, 0),
	('MAM 044 ', '1401.8512729348731', 0, 0),
	('MBI 972 ', '21.21917814266635', 0, 0),
	('MBP 090 ', '11570.67021372565', 0, 0),
	('MEU 580 ', '1.7268851885746699', 0, 0),
	('MEV 733 ', '24.93235158920288', 0, 0),
	('MEW 030 ', '5131.817153707147', 0, 0),
	('MEZ 579 ', '907.9308941662312', 0, 0),
	('MHW 818 ', '355.06507115915156', 0, 0),
	('MIB 288 ', '233.97105076676235', 0, 0),
	('MIP 737 ', '8153.233073881827', 0, 0),
	('MLA 004 ', '36745.257087715756', 0, 0),
	('MMM 7786', '0.8168785274028778', 0, 0),
	('MMN 405 ', '5131.812156677246', 0, 0),
	('MOV 432 ', '1652.3521872665733', 0, 0),
	('MRT 184 ', '18754.632353207453', 0, 0),
	('MRW 187 ', '3301.4545438808855', 0, 0),
	('MTI 672 ', '3257.018797745637', 0, 0),
	('MVP 585 ', '12145.00602398649', 0, 0),
	('MXX 899 ', '5131.815241085133', 0, 0),
	('MXZ 298 ', '16413.915753219786', 0, 0),
	('NEA 237 ', '25199.519315565645', 0, 0),
	('NEI 176 ', '10400.17139251795', 0, 0),
	('NGN 786 ', '1131.5452926491562', 0, 0),
	('NJA 222 ', '341.50420377870614', 0, 0),
	('NLI 172 ', '824.203851055936', 0, 0),
	('NMS 587 ', '5497.407244397487', 0, 0),
	('NMZ 887 ', '24.517049341462553', 0, 0),
	('NNI 103 ', '3461.348264113476', 0, 0),
	('NNN 851 ', '971.0580617052328', 0, 0),
	('NNS 886 ', '6663.668682270683', 0, 0),
	('NOA 371 ', '501.9798054638377', 0, 0),
	('NTY 304 ', '47.746184014715254', 0, 0),
	('NUY 659 ', '1003.6423698571743', 0, 0),
	('NVL 766 ', '0.00028293122886680067', 0, 0),
	('NVX 364 ', '1062.4288648554357', 0, 0),
	('NWV 097 ', '5990.622980759013', 0, 0),
	('NYC 655 ', '0.000087738037109375', 0, 0),
	('NYZ 982 ', '4187.711341707247', 0, 0),
	('OBH 527 ', '6605.19917385513', 0, 0),
	('ODG 473 ', '2.4861495224758983', 0, 0),
	('OHM 998 ', '5131.810546875', 0, 0),
	('OHV 397 ', '2215.275568778161', 0, 0),
	('OLH 178 ', '7352.388762334245', 0, 0),
	('OMC 025 ', '68.22515574842691', 0, 0),
	('ONC 577 ', '0', 0, 0),
	('OOH 0145', '197.74858934950316', 0, 0),
	('ORO 910 ', '17666.313290057995', 0, 0),
	('ORP 437 ', '1086.7921992517076', 0, 0),
	('OVN 249 ', '47.05113647785038', 0, 0),
	('OYH 091 ', '4425.274079357943', 0, 0),
	('OZO 839 ', '2045.3076684891712', 0, 0),
	('PAE 820 ', '5956.039217878031', 0, 0),
	('PAS 328 ', '1116.6951848925091', 0, 0),
	('PBC 320 ', '17219.56323552382', 0, 0),
	('PBZ 135 ', '25.94221777783241', 0, 0),
	('PCV 299 ', '897.6426849365234', 0, 0),
	('PJK 089 ', '4802.490431182116', 0, 0),
	('PKL 476 ', '262.3533525012899', 0, 0),
	('PKW 159 ', '1728.2208775477484', 0, 0),
	('PLY 958 ', '5132.233185201883', 0, 0),
	('PNY 221 ', '51.8178083448438', 0, 0),
	('POU 539 ', '192.98073263803963', 0, 0),
	('PQM 662 ', '4767.826082600746', 0, 0),
	('PTJ 606 ', '9378.64816485162', 0, 0),
	('PXY 985 ', '29363.620394260113', 0, 0),
	('PYR 195 ', '2311.1398507491103', 0, 0),
	('QAL 226 ', '712.584073739301', 0, 0),
	('QBJ 841 ', '269.5532416648348', 0, 0),
	('QCU 348 ', '56.5024222959546', 0, 0),
	('QCU 630 ', '37.52993498730939', 0, 0),
	('QEM 574 ', '3889.3697669205285', 0, 0),
	('QGI 999 ', '49.652947082417086', 0, 0),
	('QGW 466 ', '3070.0659785105963', 0, 0),
	('QHA 327 ', '0.0016125950787682086', 0, 0),
	('QHM 091 ', '6493.584895789623', 0, 0),
	('QJN 781 ', '1199.2903778610635', 0, 0),
	('QJO 922 ', '395.90165653056465', 0, 0),
	('QJR 353 ', '1307.3061892469123', 0, 0),
	('QNJ 313 ', '27.507970552360348', 0, 0),
	('QNS 255 ', '15994.267012408702', 0, 0),
	('QPP 045 ', '3273.6552775928285', 0, 0),
	('QPR 850 ', '4463.846926435188', 0, 0),
	('QQK 443 ', '10.068346705287695', 0, 0),
	('QSV 232 ', '502.425666293595', 0, 0),
	('QSX 514 ', '5131.815113067627', 0, 0),
	('QTM 650 ', '161.2414861433208', 0, 0),
	('QUA 389 ', '2523.7162164585316', 0, 0),
	('QVC 430 ', '128666.69902895746', 0, 0),
	('QVJ 417 ', '18.89021811913699', 0, 0),
	('QWC 099 ', '2231.7562171368627', 0, 0),
	('QYJ 553 ', '1.605617880821228', 0, 0),
	('RBM 786 ', '6124.636457122222', 0, 0),
	('RBR 662 ', '289.8949055468547', 0, 0),
	('RDO 452 ', '40.72011324390769', 0, 0),
	('REG 179 ', '8495.961292076245', 0, 0),
	('RES 701 ', '34.4942155352328', 0, 0),
	('REZ 675 ', '5246.974910278805', 0, 0),
	('RFD 140 ', '488.13704666315607', 0, 0),
	('RFD 536 ', '11351.320291081269', 0, 0),
	('RFK 416 ', '0', 0, 0),
	('RGR 025 ', '777.7684034335834', 0, 0),
	('RJC 502 ', '32.450479692197405', 0, 0),
	('RKB 134 ', '4576.69503150144', 0, 0),
	('RLQ 616 ', '377.195054680109', 0, 0),
	('RPH 326 ', '9.434725396335125', 0, 0),
	('RQV 438 ', '0', 0, 0),
	('RTB 555 ', '3300.892655656731', 0, 0),
	('RTU 080 ', '124.88659704942256', 0, 0),
	('RUR 390 ', '1212.8985500524286', 0, 0),
	('RZI 976 ', '5131.8156164920365', 0, 0),
	('SCR 053 ', '7309.057407995686', 0, 0),
	('SEQ 936 ', '150.80628250027075', 0, 0),
	('SGP 601 ', '918.1390125403123', 0, 0),
	('SHP 757 ', '26259.6609535981', 0, 0),
	('SIJ 306 ', '10037.474120141294', 0, 0),
	('SIU 169 ', '181.36711340083275', 0, 0),
	('SIV 065 ', '292.836441313033', 0, 0),
	('SKW 830 ', '127.53739921562374', 0, 0),
	('SMI 349 ', '6.159267583861947', 0, 0),
	('SMJ 006 ', '3163.4473984188953', 0, 0),
	('SPL 536 ', '453.83803809512756', 0, 0),
	('SQU 320 ', '14.177145097288303', 0, 0),
	('SRQ 869 ', '10763.816898977238', 0, 0),
	('SUC 241 ', '782.9088392921258', 0, 0),
	('SVX 773 ', '2112.894331652322', 0, 0),
	('TAT 444 ', '39798.041306658946', 0, 0),
	('TBU 942 ', '4148.994392837834', 0, 0),
	('TEW 403 ', '2513.9137151547766', 0, 0),
	('TEZ 223 ', '63.88553844206035', 0, 0),
	('TFZ 361 ', '3079.6583911735215', 0, 0),
	('TGC 413 ', '54.635799477342516', 0, 0),
	('TGP 605 ', '4376.449379657279', 0, 0),
	('TOL 370 ', '9620.67896337129', 0, 0),
	('TSC 311 ', '5553.44709465999', 0, 0),
	('TTV 995 ', '1992.371354057861', 0, 0),
	('TUB 169 ', '10234.901593076298', 0, 0),
	('TUZ 711 ', '27973.594947492056', 0, 0),
	('TYS 658 ', '4229.5224329117045', 0, 0),
	('UAK 946 ', '4209.43286335672', 0, 0),
	('UBS 868 ', '545.7855592244305', 0, 0),
	('UCT 253 ', '13624.308592650603', 0, 0),
	('UEU 710 ', '3574.605305236473', 0, 0),
	('UEX 824 ', '4452.090199797298', 0, 0),
	('UHT 459 ', '13868.630262824256', 0, 0),
	('UHV 324 ', '898.314221768931', 0, 0),
	('UJF 401 ', '6368.034150286781', 0, 0),
	('UJS 030 ', '998.7031097146391', 0, 0),
	('UKS 859 ', '6294.937231276737', 0, 0),
	('UNW 146 ', '234.12932334840298', 0, 0),
	('UTT 032 ', '7187.6048227888095', 0, 0),
	('UTV 168 ', '3930.7960997795453', 0, 0),
	('UUD 204 ', '0', 0, 0),
	('UXN 892 ', '3376.9200973447296', 0, 0),
	('UYJ 786 ', '5131.812465667725', 0, 0),
	('UZZ 272 ', '28177.029967597897', 0, 0),
	('VCF 639 ', '20170.070264888403', 0, 0),
	('VCN 499 ', '61.657273275312036', 0, 0),
	('VDW 960 ', '10173.342121220718', 0, 0),
	('VEM 560 ', '55.22670898394426', 0, 0),
	('VFO 524 ', '0.0006439321878133342', 0, 0),
	('VKC 389 ', '1979.4161414311966', 0, 0),
	('VKV 193 ', '7846.1930064413755', 0, 0),
	('VLG 171 ', '5134.550536842493', 0, 0),
	('VLU 815 ', '6535.258057951083', 0, 0),
	('VPK 752 ', '1311.524970290804', 0, 0),
	('VPN 665 ', '47.10312584692292', 0, 0),
	('VRB 671 ', '84.25099459290504', 0, 0),
	('VSB 152 ', '4589.394985893305', 0, 0),
	('VSQ 040 ', '4765.83833397337', 0, 0),
	('VTE 485 ', '0', 0, 0),
	('VTV 512 ', '0.000030517578125', 0, 0),
	('VWD 608 ', '108.5804526216125', 0, 0),
	('VWF 999 ', '1894.063582846662', 0, 0),
	('VXE 684 ', '688.6759037317242', 0, 0),
	('VYM 829 ', '124.02475278126076', 0, 0),
	('VYN 984 ', '3267.187307398126', 0, 0),
	('WGO 4562', '19264.54148826142', 0, 0),
	('WGO 848 ', '2882.045658050105', 0, 0),
	('WHD 1992', '18554.888208081444', 0, 0),
	('WLW 436 ', '43.59438765945379', 0, 0),
	('WOB 571 ', '466.4588657981949', 0, 0),
	('WORK227 ', '11.459252834320068', 0, 0),
	('WORK258 ', '11.27806923352182', 0, 0),
	('WORK266 ', '14.598070780280977', 0, 0),
	('WORK354 ', '24.849719911813736', 0, 0),
	('WORK404 ', '19.936498853960074', 0, 0),
	('WORK423 ', '10.56715402007103', 0, 0),
	('WORK482 ', '10.921041309833527', 0, 0),
	('WORK490 ', '25.23627520352602', 0, 0),
	('WORK529 ', '10.482999816536903', 0, 0),
	('WORK564 ', '10.658682063221931', 0, 0),
	('WORK566 ', '10.14716750383377', 0, 0),
	('WORK594 ', '21.087504234164953', 0, 0),
	('WORK680 ', '9.21811076195445', 0, 0),
	('WORK693 ', '9.292723514139652', 0, 0),
	('WORK786 ', '11.300773784518242', 0, 0),
	('WRK 1064', '1.5635334253311157', 0, 0),
	('WRK 1070', '8995.438892717939', 0, 0),
	('WRK 1097', '3439.1949410908855', 0, 0),
	('WRK 1126', '66.66797189041972', 0, 0),
	('WRK 1143', '2.201262231450528', 0, 0),
	('WRK 1190', '802.9352502143884', 0, 0),
	('WRK 1215', '72074.82848820311', 0, 0),
	('WRK 1235', '1.6584713459014893', 0, 0),
	('WRK 1368', '1.1781302690505981', 0, 0),
	('WRK 1460', '34721.024950974825', 0, 0),
	('WRK 1750', '1.8353197666583583', 0, 0),
	('WRK 1824', '1.6927231550216675', 0, 0),
	('WRK 1878', '9.00991853675805', 0, 0),
	('WRK 1891', '23.029151178430766', 0, 0),
	('WRK 2268', '5093.138659875811', 0, 0),
	('WRK 2322', '7.04724480106961', 0, 0),
	('WRK 2343', '23.30307691800408', 0, 0),
	('WRK 2393', '467.6461151707663', 0, 0),
	('WRK 2448', '7011.71157098293', 0, 0),
	('WRK 2599', '8.539822467137128', 0, 0),
	('WRK 2750', '10.29111889959313', 0, 0),
	('WRK 2779', '12.353688854724169', 0, 0),
	('WRK 2952', '3893.9289743035333', 0, 0),
	('WRK 3151', '55423.00831850263', 0, 0),
	('WRK 3306', '20736.85645933495', 0, 0),
	('WRK 3314', '6.5231800772453425', 0, 0),
	('WRK 3680', '13.094279039185494', 0, 0),
	('WRK 3797', '9.62376581132412', 0, 0),
	('WRK 3851', '3.1563615798950195', 0, 0),
	('WRK 3893', '12501.939209724544', 0, 0),
	('WRK 4009', '8.70264091109857', 0, 0),
	('WRK 4059', '8781.003037625924', 0, 0),
	('WRK 4259', '16.820892319548875', 0, 0),
	('WRK 4318', '6.461096370592713', 0, 0),
	('WRK 4518', '1.914175033569336', 0, 0),
	('WRK 4942', '128.6101037133485', 0, 0),
	('WRK 5127', '5515.772681359667', 0, 0),
	('WRK 5223', '115.02092470787466', 0, 0),
	('WRK 5562', '12043.399945868907', 0, 0),
	('WRK 5646', '33.692660773638636', 0, 0),
	('WRK 5820', '6.869711798615754', 0, 0),
	('WRK 6008', '1.9692972898483276', 0, 0),
	('WRK 6235', '7.011541975662112', 0, 0),
	('WRK 6472', '1660.1987421532394', 0, 0),
	('WRK 6495', '0.5241718386532739', 0, 0),
	('WRK 6575', '22.602962255477905', 0, 0),
	('WRK 6719', '3358.4455707671004', 0, 0),
	('WRK 6733', '2041.1827145001444', 0, 0),
	('WRK 6743', '7.465841293334961', 0, 0),
	('WRK 6810', '3.7030839025974274', 0, 0),
	('WRK 6917', '149.98850973276421', 0, 0),
	('WRK 7155', '39.49864045344293', 0, 0),
	('WRK 7493', '0.8137381915003061', 0, 0),
	('WRK 7604', '1.997031807899475', 0, 0),
	('WRK 7816', '2.10567969083786', 0, 0),
	('WRK 7887', '1288.194044834585', 0, 0),
	('WRK 8133', '1.7840794324874878', 0, 0),
	('WRK 8222', '12149.86104662111', 0, 0),
	('WRK 8231', '23128.078467580577', 0, 0),
	('WRK 8320', '383.04273933172226', 0, 0),
	('WRK 8735', '4.507780215120874', 0, 0),
	('WRK 8806', '2.858568415045738', 0, 0),
	('WRK 8883', '6.754062745836563', 0, 0),
	('WRK 8965', '1.8909943103790283', 0, 0),
	('WRK 8990', '608.6381301283836', 0, 0),
	('WRK 9469', '5158.368174530522', 0, 0),
	('WRK 9736', '48.15121921384707', 0, 0),
	('WRK 9939', '39999.16607335233', 0, 0),
	('WRK1041 ', '1.383429765701294', 0, 0),
	('WRK1141 ', '9.162213057279587', 0, 0),
	('WRK1284 ', '61224.12904598101', 0, 0),
	('WRK1347 ', '22.698949456214905', 0, 0),
	('WRK1380 ', '10.765020377933979', 0, 0),
	('WRK1514 ', '25.793741583824158', 0, 0),
	('WRK1579 ', '17.741266325232573', 0, 0),
	('WRK1708 ', '8.431159362196922', 0, 0),
	('WRK2043 ', '35.84784660011064', 0, 0),
	('WRK2332 ', '2742.0078004057286', 0, 0),
	('WRK2376 ', '1.3824836015701294', 0, 0),
	('WRK2383 ', '1373.0343096852303', 0, 0),
	('WRK2828 ', '61.84564473852515', 0, 0),
	('WRK3057 ', '1169.7190872202045', 0, 0),
	('WRK3100 ', '19.166579127311707', 0, 0),
	('WRK3101 ', '22.838289439678192', 0, 0),
	('WRK3345 ', '9784.262717703823', 0, 0),
	('WRK3413 ', '38826.763986308666', 0, 0),
	('WRK3418 ', '19259.40285112476', 0, 0),
	('WRK3508 ', '1756.4983851849101', 0, 0),
	('WRK3599 ', '24.279362190514803', 0, 0),
	('WRK3619 ', '26.228838682174683', 0, 0),
	('WRK3621 ', '0', 0, 0),
	('WRK3710 ', '8.904351606965065', 0, 0),
	('WRK4096 ', '84.04771838453598', 0, 0),
	('WRK4144 ', '75.19363988467376', 0, 0),
	('WRK4162 ', '50.9855834916234', 0, 0),
	('WRK4270 ', '12226.840815902338', 0, 0),
	('WRK4437 ', '2025.3025118707446', 0, 0),
	('WRK4695 ', '5.00903555448167', 0, 0),
	('WRK4949 ', '3459.7672126780963', 0, 0),
	('WRK5064 ', '57.750593362841755', 0, 0),
	('WRK5145 ', '10.704931557178497', 0, 0),
	('WRK5590 ', '18509.334262574732', 0, 0),
	('WRK5972 ', '8.95715057849884', 0, 0),
	('WRK6052 ', '5878.341880904183', 0, 0),
	('WRK6212 ', '8.927921593181964', 0, 0),
	('WRK6214 ', '22.37238322100893', 0, 0),
	('WRK6245 ', '79.63792452216148', 0, 0),
	('WRK6307 ', '0', 0, 0),
	('WRK6348 ', '0', 0, 0),
	('WRK6489 ', '685.8262236837763', 0, 0),
	('WRK6549 ', '9.345373034477234', 0, 0),
	('WRK6627 ', '22257.838693215454', 0, 0),
	('WRK6699 ', '10.233482837677002', 0, 0),
	('WRK6765 ', '1.7488901615142822', 0, 0),
	('WRK6817 ', '28628.798299527087', 0, 0),
	('WRK7004 ', '10.165269205957884', 0, 0),
	('WRK7024 ', '10.932100120931864', 0, 0),
	('WRK7113 ', '10.246588706970215', 0, 0),
	('WRK7211 ', '10098.58802555874', 0, 0),
	('WRK7637 ', '3.0983594849240035', 0, 0),
	('WRK7914 ', '14.185151353478432', 0, 0),
	('WRK8003 ', '12.095661680679768', 0, 0),
	('WRK8267 ', '5592.381091073155', 0, 0),
	('WRK8422 ', '2650.7588010369145', 0, 0),
	('WRK8615 ', '0', 0, 0),
	('WRK8878 ', '2.2611009574029595', 0, 0),
	('WRK9097 ', '6.100321255798917', 0, 0),
	('WRK9380 ', '493.53870021831244', 0, 0),
	('WRK9399 ', '70177.58998779036', 0, 0),
	('WRK9427 ', '22390.346945760364', 0, 0),
	('WRK9528 ', '21.63566553592682', 0, 0),
	('WRK9805 ', '0.003942824900150299', 0, 0),
	('WRK9932 ', '13.996364243328571', 0, 0),
	('WRK9987 ', '38.95123276952654', 0, 0),
	('WXK 013 ', '222.17691675317474', 0, 0),
	('WXN 209 ', '11.20221883407794', 0, 0),
	('WXZ 636 ', '875.7476501986384', 0, 0),
	('XAL 888 ', '4961.4808410654805', 0, 0),
	('XBA 722 ', '528.2221505932976', 0, 0),
	('XCD 387 ', '29710.028317907923', 0, 0),
	('XDT 087 ', '3181.0534962597303', 0, 0),
	('XED 844 ', '3527.6534219690075', 0, 0),
	('XEG 859 ', '13134.388120917254', 0, 0),
	('XEK 834 ', '5137.093912363052', 0, 0),
	('XMQ 249 ', '0.0000095367431640625', 0, 0),
	('XOF 613 ', '63.433181188069284', 0, 0),
	('XPI 4834', '1.1301178127760068', 0, 0),
	('XRD 643 ', '4231.188818224298', 0, 0),
	('YAF 701 ', '15251.220523336815', 0, 0),
	('YAU 0566', '1300.7651787949726', 0, 0),
	('YAY 348 ', '2905.9768702597357', 0, 0),
	('YBI 514 ', '0', 0, 0),
	('YCA 611 ', '48.69053918123245', 0, 0),
	('YHR 986 ', '6374.37374112563', 0, 0),
	('YKG 776 ', '625.2826157121453', 0, 0),
	('YKV 569 ', '0', 0, 0),
	('YLJ 017 ', '32.535595742985606', 0, 0),
	('YPL 000 ', '96.33941952884197', 0, 0),
	('YPP 766 ', '2.146275758743286', 0, 0),
	('YQS 997 ', '100.13959595747292', 0, 0),
	('YRQ 052 ', '15.485838459338993', 0, 0),
	('YSO 747 ', '197.65883528161794', 0, 0),
	('YUX 979 ', '1981.1372326560086', 0, 0),
	('YXV 294 ', '5133.833808898926', 0, 0),
	('YZI 650 ', '3.0728035597130656', 0, 0),
	('ZAH 937 ', '33.035488242516294', 0, 0),
	('ZAR 085 ', '19201.610890736163', 0, 0),
	('ZBJ 062 ', '5131.8115234375', 0, 0),
	('ZEZ 106 ', '2054.6237517811824', 0, 0),
	('ZHW 084 ', '776.3687341694022', 0, 0),
	('ZIO 453 ', '35.342627227306366', 0, 0),
	('ZIU 490 ', '12682.193578964361', 0, 0),
	('ZJP 886 ', '13332.732970768993', 0, 0),
	('ZKC 485 ', '5131.813556671143', 0, 0),
	('ZKL 154 ', '680.1654448565096', 0, 0),
	('ZNE 951 ', '2872.250943505147', 0, 0),
	('ZOD 066 ', '1720.289640379604', 0, 0),
	('ZSK 213 ', '92.4560153306229', 0, 0),
	('ZXD 008 ', '847.361924558878', 0, 0),
	('ZXF 250 ', '10080.78279348911', 0, 0),
	('ZXM 130 ', '5131.8115234375', 0, 0),
	('ZXV 968 ', '7038.7536593412515', 0, 0),
	('ZZN 940 ', '5131.814655303955', 0, 0);
/*!40000 ALTER TABLE `veh_km` ENABLE KEYS */;

-- Dumping structure for table es_extended.weashops
CREATE TABLE IF NOT EXISTS `weashops` (
  `id` int(11) NOT NULL AUTO_INCREMENT,
  `zone` varchar(255) NOT NULL,
  `item` varchar(255) NOT NULL,
  `price` int(11) NOT NULL,
  `level` int(11) NOT NULL,
  PRIMARY KEY (`id`)
) ENGINE=InnoDB AUTO_INCREMENT=41 DEFAULT CHARSET=utf8;

-- Dumping data for table es_extended.weashops: ~12 rows (approximately)
/*!40000 ALTER TABLE `weashops` DISABLE KEYS */;
INSERT INTO `weashops` (`id`, `zone`, `item`, `price`, `level`) VALUES
	(1, 'GunShop', 'WEAPON_PISTOL', 15000, 10),
	(2, 'BlackWeashop', 'WEAPON_PISTOL', 11000, 10),
	(3, 'GunShop', 'WEAPON_FLASHLIGHT', 500, 5),
	(4, 'BlackWeashop', 'WEAPON_FLASHLIGHT', 350, 5),
	(5, 'GunShop', 'WEAPON_MACHETE', 350, 5),
	(6, 'BlackWeashop', 'WEAPON_MACHETE', 250, 5),
	(7, 'GunShop', 'WEAPON_NIGHTSTICK', 250, 5),
	(8, 'BlackWeashop', 'WEAPON_NIGHTSTICK', 150, 5),
	(9, 'GunShop', 'WEAPON_BAT', 100, 5),
	(10, 'BlackWeashop', 'WEAPON_BAT', 100, 5),
	(11, 'BlackWeashop', 'WEAPON_MICROSMG', 35000, 40),
	(12, 'BlackWeashop', 'WEAPON_PUMPSHOTGUN', 65000, 36);
/*!40000 ALTER TABLE `weashops` ENABLE KEYS */;

-- Dumping structure for table es_extended.yellow_tweets
CREATE TABLE IF NOT EXISTS `yellow_tweets` (
  `id` int(11) NOT NULL AUTO_INCREMENT,
  `phone_number` varchar(50) DEFAULT NULL,
  `firstname` varchar(256) DEFAULT NULL,
  `lastname` varchar(256) DEFAULT NULL,
  `message` varchar(256) NOT NULL,
  `image` varchar(256) DEFAULT NULL,
  `time` timestamp NOT NULL DEFAULT current_timestamp(),
  PRIMARY KEY (`id`) USING BTREE
) ENGINE=InnoDB AUTO_INCREMENT=895 DEFAULT CHARSET=utf8;

-- Dumping data for table es_extended.yellow_tweets: ~0 rows (approximately)
/*!40000 ALTER TABLE `yellow_tweets` DISABLE KEYS */;
/*!40000 ALTER TABLE `yellow_tweets` ENABLE KEYS */;

/*!40101 SET SQL_MODE=IFNULL(@OLD_SQL_MODE, '') */;
/*!40014 SET FOREIGN_KEY_CHECKS=IFNULL(@OLD_FOREIGN_KEY_CHECKS, 1) */;
/*!40101 SET CHARACTER_SET_CLIENT=@OLD_CHARACTER_SET_CLIENT */;
/*!40111 SET SQL_NOTES=IFNULL(@OLD_SQL_NOTES, 1) */;
